#time	cps	counts	seconds	cpm_3	cpm_30	cpm_300	cpm_3000	peak_3	peak_30	peak_300	peak_3000	src	site
2026-09-01T00:00:00	0.584	17	29.1111	40.0	36.0	38.8	55.3	160.0	52.0	39.2	55.3	flash	
2026-09-01T00:00:30	0.467	14	30	40.0	28.0	37.6	55.1	80.0	48.0	39.8	55.3	flash	
2026-09-01T00:01:00	0.933	28	30	0.0	56.0	40.4	55.0	140.0	60.0	40.6	55.1	flash	
2026-09-01T00:01:30	0.500	15	30	40.0	30.0	37.2	55.0	100.0	64.0	40.2	55.1	flash	
2026-09-01T00:02:00	0.600	18	30	0.0	36.0	37.6	55.2	160.0	40.0	37.8	55.2	flash	
2026-09-01T00:02:30	0.733	22	30	0.0	44.0	37.0	55.1	120.0	50.0	38.8	55.3	flash	
2026-09-01T00:03:00	0.399	12	30.05	0.0	24.0	38.6	54.7	80.0	46.0	38.6	55.1	flash	
2026-09-01T00:03:30	0.762	23	30.1667	100.0	46.0	39.4	54.7	100.0	46.0	40.0	54.8	flash	
2026-09-01T00:04:00	0.796	24	30.1667	20.0	48.0	40.0	54.8	180.0	58.0	40.0	54.8	flash	
2026-09-01T00:04:30	0.796	24	30.1667	20.0	48.0	39.6	54.9	100.0	70.0	41.0	54.9	flash	
2026-09-01T00:05:00	0.497	15	30.1667	20.0	30.0	39.0	54.8	100.0	52.0	41.0	55.0	flash	
2026-09-01T00:05:30	0.895	27	30.1667	60.0	54.0	41.6	55.1	140.0	54.0	41.6	55.1	flash	
2026-09-01T00:06:00	0.857	25	29.1611	20.0	54.0	41.0	55.2	180.0	66.0	42.0	55.3	flash	
2026-09-01T00:06:30	0.398	12	30.1667	100.0	24.0	40.4	55.1	100.0	56.0	41.0	55.2	flash	
2026-09-01T00:07:00	0.663	20	30.1667	60.0	40.0	40.8	55.1	120.0	44.0	42.0	55.3	flash	
2026-09-01T00:07:30	0.530	16	30.1667	0.0	32.0	39.6	54.9	160.0	40.0	41.0	55.1	flash	
2026-09-01T00:08:00	0.829	25	30.1667	20.0	50.0	42.2	55.1	160.0	56.0	42.2	55.1	flash	
2026-09-01T00:08:30	0.564	17	30.1667	0.0	34.0	41.0	54.9	160.0	64.0	43.0	55.2	flash	
2026-09-01T00:09:00	0.960	28	29.1611	120.0	56.0	41.8	54.8	160.0	56.0	42.8	54.9	flash	
2026-09-01T00:09:30	0.497	15	30.1667	200.0	30.0	40.0	54.5	200.0	56.0	41.8	54.7	flash	
2026-09-01T00:10:00	0.729	22	30.1667	20.0	44.0	41.4	54.7	140.0	62.0	41.6	54.7	flash	
2026-09-01T00:10:30	0.630	19	30.1667	100.0	38.0	40.2	54.6	160.0	48.0	41.8	54.7	flash	
2026-09-01T00:11:00	0.530	16	30.1667	40.0	32.0	38.0	54.7	160.0	38.0	39.8	54.7	flash	
2026-09-01T00:11:30	0.928	28	30.1667	120.0	56.0	41.2	54.4	120.0	60.0	41.2	54.6	flash	
2026-09-01T00:12:00	0.754	22	29.1948	0.0	48.0	41.6	54.3	180.0	66.0	42.6	54.6	flash	
2026-09-01T00:12:30	0.560	17	30.3352	0.0	34.0	41.8	54.3	100.0	52.0	43.8	54.5	flash	
2026-09-01T00:13:00	0.462	14	30.3352	120.0	28.0	39.6	54.0	120.0	40.0	42.8	54.4	flash	
2026-09-01T00:13:30	0.716	21	29.324	20.0	48.0	40.4	54.1	120.0	54.0	40.4	54.2	flash	
2026-09-01T00:14:00	0.527	16	30.3352	180.0	32.0	38.0	54.2	180.0	48.0	40.6	54.2	flash	
2026-09-01T00:14:30	0.692	21	30.3352	20.0	42.0	39.2	54.0	220.0	58.0	41.0	54.3	flash	
2026-09-01T00:15:00	1.024	30	29.2959	20.0	62.0	41.0	54.1	160.0	64.0	41.6	54.1	flash	
2026-09-01T00:15:30	0.829	25	30.1667	0.0	50.0	42.6	54.0	160.0	78.0	43.4	54.2	flash	
2026-09-01T00:16:00	0.497	15	30.1667	20.0	30.0	41.8	53.8	80.0	50.0	43.8	54.1	flash	
2026-09-01T00:16:30	0.729	22	30.1667	100.0	44.0	41.0	53.9	120.0	44.0	42.2	53.9	flash	
2026-09-01T00:17:00	0.729	22	30.1667	40.0	44.0	40.6	54.0	120.0	52.0	41.4	54.1	flash	
2026-09-01T00:17:30	0.762	23	30.1667	40.0	46.0	41.8	54.2	120.0	52.0	41.8	54.2	flash	
2026-09-01T00:18:00	0.960	28	29.1611	40.0	58.0	45.2	54.6	160.0	64.0	45.6	54.6	flash	
2026-09-01T00:18:30	0.762	23	30.1667	60.0	46.0	45.0	54.7	120.0	58.0	46.0	54.7	flash	
2026-09-01T00:19:00	0.199	6	30.1667	0.0	12.0	43.8	54.6	60.0	46.0	45.4	54.7	flash	
2026-09-01T00:19:30	0.597	18	30.1667	0.0	36.0	42.6	54.6	140.0	36.0	43.2	54.7	flash	
2026-09-01T00:20:00	1.028	31	30.1667	20.0	62.0	42.6	54.8	160.0	66.0	44.8	54.9	flash	
2026-09-01T00:20:30	0.994	30	30.1667	40.0	60.0	43.6	54.8	140.0	64.0	44.0	55.0	flash	
2026-09-01T00:21:00	0.685	20	29.1778	0.0	44.0	44.6	54.8	120.0	68.0	45.2	55.0	flash	
2026-09-01T00:21:30	0.923	28	30.3333	20.0	56.0	45.8	54.9	160.0	56.0	46.8	54.9	flash	
2026-09-01T00:22:00	0.429	13	30.3333	20.0	26.0	44.0	54.7	60.0	58.0	46.2	55.0	flash	
2026-09-01T00:22:30	0.546	16	29.3222	40.0	34.0	42.8	54.5	100.0	36.0	43.8	54.7	flash	
2026-09-01T00:23:00	0.923	28	30.3333	40.0	56.0	42.6	54.5	140.0	64.0	43.8	54.7	flash	
2026-09-01T00:23:30	0.330	10	30.3333	20.0	20.0	40.0	53.5	60.0	56.0	42.8	54.5	flash	
2026-09-01T00:24:00	0.341	10	29.3167	0.0	20.0	40.8	52.7	80.0	26.0	40.8	53.6	flash	
2026-09-01T00:24:30	0.729	22	30.1667	100.0	44.0	41.6	52.6	100.0	44.0	41.6	52.9	flash	
2026-09-01T00:25:00	0.298	9	30.1667	20.0	18.0	37.4	51.3	140.0	52.0	42.2	52.7	flash	
2026-09-01T00:25:30	0.762	23	30.1667	40.0	46.0	36.2	51.5	140.0	46.0	37.6	51.5	flash	
2026-09-01T00:26:00	0.497	15	30.1667	20.0	30.0	34.8	50.5	60.0	46.0	35.8	51.3	flash	
2026-09-01T00:26:30	0.696	21	30.1667	0.0	42.0	33.4	50.2	120.0	48.0	36.0	50.5	flash	
2026-09-01T00:27:00	0.994	29	29.1611	140.0	58.0	36.8	49.8	280.0	66.0	36.8	50.5	flash	
2026-09-01T00:27:30	0.829	25	30.1667	0.0	50.0	38.4	49.4	240.0	64.0	39.0	49.9	flash	
2026-09-01T00:28:00	0.497	15	30.1667	40.0	30.0	35.8	48.6	120.0	58.0	38.4	49.5	flash	
2026-09-01T00:28:30	0.862	26	30.1667	60.0	52.0	39.0	48.4	220.0	52.0	39.0	48.6	flash	
2026-09-01T00:29:00	0.796	24	30.1667	100.0	48.0	41.8	48.0	120.0	60.0	41.8	48.5	flash	
2026-09-01T00:29:30	0.398	12	30.1667	0.0	24.0	39.8	47.6	120.0	50.0	42.0	48.0	flash	
2026-09-01T00:30:00	0.497	15	30.1667	20.0	30.0	41.0	46.7	100.0	32.0	41.0	47.6	flash	
2026-09-01T00:30:30	0.517	15	29	0.0	32.0	39.4	46.3	100.0	42.0	41.6	46.7	flash	
2026-09-01T00:31:00	0.700	21	30	0.0	42.0	40.8	45.1	160.0	50.0	41.6	46.3	flash	
2026-09-01T00:31:30	0.567	17	30	20.0	34.0	39.8	44.7	100.0	52.0	42.2	45.2	flash	
2026-09-01T00:32:00	0.467	14	30	0.0	28.0	36.8	43.7	100.0	40.0	39.8	44.7	flash	
2026-09-01T00:32:30	0.567	17	30	80.0	34.0	35.2	43.1	120.0	34.0	38.0	43.6	flash	
2026-09-01T00:33:00	0.567	17	30	80.0	34.0	35.6	42.4	100.0	42.0	36.0	43.1	flash	
2026-09-01T00:33:30	0.396	12	30.3222	60.0	24.0	33.0	41.7	100.0	32.0	35.6	42.2	flash	
2026-09-01T00:34:00	0.659	20	30.3333	20.0	40.0	32.6	41.2	120.0	48.0	34.2	41.7	flash	
2026-09-01T00:34:30	0.890	27	30.3333	20.0	54.0	35.0	40.6	140.0	62.0	35.6	41.3	flash	
2026-09-01T00:35:00	0.443	13	29.3222	120.0	28.0	34.8	39.9	120.0	44.0	35.8	40.6	flash	
2026-09-01T00:35:30	0.495	15	30.3333	40.0	30.0	34.6	39.7	120.0	42.0	35.4	40.0	flash	
2026-09-01T00:36:00	0.857	26	30.3333	40.0	52.0	35.6	39.7	200.0	54.0	35.6	39.8	flash	
2026-09-01T00:36:30	0.651	19	29.1722	120.0	38.0	36.0	39.8	120.0	50.0	36.0	39.9	flash	
2026-09-01T00:37:00	0.762	23	30.1667	40.0	46.0	37.8	39.8	160.0	56.0	37.8	39.8	flash	
2026-09-01T00:37:30	0.630	19	30.1667	20.0	38.0	38.2	39.5	140.0	66.0	39.6	39.9	flash	
2026-09-01T00:38:00	0.928	28	30.1667	80.0	56.0	40.4	39.6	140.0	58.0	40.4	39.6	flash	
2026-09-01T00:38:30	0.530	16	30.1667	20.0	32.0	41.2	39.4	140.0	64.0	41.6	39.7	flash	
2026-09-01T00:39:00	0.564	17	30.1667	20.0	34.0	40.6	39.4	180.0	46.0	41.8	39.5	flash	
2026-09-01T00:39:30	0.754	22	29.1611	40.0	44.0	39.8	39.3	160.0	44.0	39.8	39.4	flash	
2026-09-01T00:40:00	0.729	22	30.1667	20.0	44.0	41.4	39.4	140.0	64.0	42.6	39.5	flash	
2026-09-01T00:40:30	0.729	22	30.1667	60.0	44.0	42.8	39.6	140.0	44.0	42.8	39.6	flash	
2026-09-01T00:41:00	0.961	29	30.1667	20.0	58.0	43.4	39.8	200.0	66.0	44.0	39.9	flash	
2026-09-01T00:41:30	0.796	24	30.1667	40.0	48.0	44.4	40.0	140.0	58.0	45.2	40.0	flash	
2026-09-01T00:42:00	0.762	23	30.1667	40.0	46.0	44.4	40.0	120.0	54.0	45.4	40.0	flash	
2026-09-01T00:42:30	1.378	40	29.0222	80.0	80.0	48.6	40.4	180.0	80.0	48.6	40.4	flash	
2026-09-01T00:43:00	1.700	51	30	20.0	102.0	53.6	40.9	360.0	110.0	54.0	41.1	flash	
2026-09-01T00:43:30	1.433	43	30	120.0	86.0	58.6	41.5	540.0	152.0	59.0	41.5	flash	
2026-09-01T00:44:00	1.233	37	30	20.0	74.0	62.6	41.6	240.0	116.0	62.8	41.8	flash	
2026-09-01T00:44:30	2.233	67	30	20.0	134.0	72.0	42.8	440.0	134.0	72.0	42.8	flash	
2026-09-01T00:45:00	1.967	59	30	400.0	118.0	79.0	43.6	400.0	136.0	79.0	43.6	flash	
2026-09-01T00:45:30	0.500	15	30	0.0	30.0	78.0	43.5	140.0	120.0	81.0	43.8	flash	
2026-09-01T00:46:00	0.367	11	30	0.0	22.0	74.0	43.4	80.0	30.0	77.6	43.5	flash	
2026-09-01T00:46:30	0.967	29	30	60.0	58.0	75.2	43.4	140.0	58.0	76.0	43.4	flash	
2026-09-01T00:47:00	0.667	20	30	20.0	40.0	74.4	43.5	220.0	56.0	75.0	43.5	flash	
2026-09-01T00:47:30	0.767	23	30	80.0	46.0	71.0	43.4	120.0	60.0	74.4	43.5	flash	
2026-09-01T00:48:00	0.733	22	30	100.0	44.0	65.2	43.8	180.0	52.0	71.2	43.8	flash	
2026-09-01T00:48:30	0.332	10	30.1333	40.0	20.0	58.6	43.6	80.0	44.0	65.2	43.8	flash	
2026-09-01T00:49:00	0.497	15	30.1667	0.0	30.0	54.2	43.5	100.0	46.0	59.2	43.6	flash	
2026-09-01T00:49:30	0.663	20	30.1667	0.0	40.0	44.8	43.4	120.0	40.0	54.0	43.5	flash	
2026-09-01T00:50:00	0.928	28	30.1667	40.0	56.0	38.6	43.6	200.0	56.0	44.4	43.6	flash	
2026-09-01T00:50:30	0.597	18	30.1667	180.0	36.0	39.2	43.6	180.0	66.0	39.2	43.6	flash	
2026-09-01T00:51:00	0.365	11	30.1667	20.0	22.0	39.2	43.3	120.0	38.0	40.2	43.7	flash	
2026-09-01T00:51:30	0.857	25	29.1611	20.0	52.0	38.4	43.5	200.0	52.0	39.6	43.5	flash	
2026-09-01T00:52:00	1.061	32	30.1667	40.0	64.0	40.8	43.8	160.0	78.0	42.6	43.8	flash	
2026-09-01T00:52:30	1.359	41	30.1667	140.0	82.0	44.4	44.2	280.0	82.0	45.0	44.2	flash	
2026-09-01T00:53:00	1.425	43	30.1667	180.0	86.0	48.6	44.8	280.0	94.0	48.6	44.8	flash	
2026-09-01T00:53:30	0.796	24	30.1667	0.0	48.0	51.4	44.8	280.0	86.0	52.2	44.9	flash	
2026-09-01T00:54:00	1.724	52	30.1667	160.0	104.0	58.8	45.4	360.0	104.0	58.8	45.4	flash	
2026-09-01T00:54:30	1.235	36	29.1611	20.0	74.0	62.0	45.6	280.0	108.0	62.6	45.8	flash	
2026-09-01T00:55:00	2.652	80	30.1667	20.0	160.0	72.4	46.9	380.0	160.0	72.6	46.9	flash	
2026-09-01T00:55:30	1.127	34	30.1667	40.0	68.0	75.8	47.1	220.0	136.0	77.2	47.1	flash	
2026-09-01T00:56:00	1.326	40	30.1667	200.0	80.0	81.6	47.3	300.0	98.0	81.6	47.3	flash	
2026-09-01T00:56:30	1.425	43	30.1667	60.0	86.0	85.0	48.0	380.0	106.0	85.6	48.0	flash	
2026-09-01T00:57:00	1.856	56	30.1667	20.0	112.0	89.8	48.7	520.0	136.0	90.4	48.7	flash	
2026-09-01T00:57:30	1.274	37	29.0444	260.0	74.0	89.0	49.1	380.0	110.0	90.2	49.1	flash	
2026-09-01T00:58:00	1.333	40	30	0.0	80.0	90.0	49.4	280.0	136.0	92.0	49.5	flash	
2026-09-01T00:58:30	2.067	62	30	160.0	124.0	96.0	50.3	480.0	124.0	96.0	50.3	flash	
2026-09-01T00:59:00	1.200	36	30	0.0	72.0	93.0	50.5	240.0	152.0	96.2	50.6	flash	
2026-09-01T00:59:30	1.767	53	30	20.0	106.0	96.2	51.2	660.0	106.0	96.4	51.4	flash	
2026-09-01T01:00:00	1.033	31	30	20.0	62.0	86.4	51.4	480.0	134.0	96.2	51.5	flash	
2026-09-01T01:00:30	1.200	36	30	0.0	72.0	87.0	51.8	660.0	74.0	90.6	51.9	flash	
2026-09-01T01:01:00	1.467	44	30	60.0	88.0	87.6	52.3	320.0	126.0	89.8	52.3	flash	
2026-09-01T01:01:30	1.833	55	30	20.0	110.0	90.2	52.9	520.0	140.0	93.0	53.0	flash	
2026-09-01T01:02:00	1.133	34	30	40.0	68.0	85.6	53.1	240.0	138.0	91.4	53.1	flash	
2026-09-01T01:02:30	0.900	27	30	20.0	54.0	83.6	53.3	360.0	92.0	90.2	53.3	flash	
2026-09-01T01:03:00	0.433	13	30	20.0	26.0	78.2	53.3	100.0	54.0	83.4	53.4	flash	
2026-09-01T01:03:30	0.199	6	30.1167	20.0	12.0	67.0	53.0	60.0	36.0	79.0	53.3	flash	
2026-09-01T01:04:00	0.663	20	30.1667	80.0	40.0	63.8	53.1	160.0	40.0	68.2	53.2	flash	
2026-09-01T01:04:30	0.862	26	30.1667	0.0	52.0	58.4	53.2	140.0	62.0	65.6	53.2	flash	
2026-09-01T01:05:00	0.862	26	30.1667	20.0	52.0	57.4	53.1	160.0	58.0	61.0	53.2	flash	
2026-09-01T01:05:30	0.464	14	30.1667	20.0	28.0	53.0	52.8	80.0	52.0	58.8	53.0	flash	
2026-09-01T01:06:00	0.265	8	30.1667	20.0	16.0	45.8	52.7	60.0	30.0	53.0	52.8	flash	
2026-09-01T01:06:30	0.446	13	29.1611	40.0	26.0	37.4	52.5	80.0	28.0	46.8	52.7	flash	
2026-09-01T01:07:00	0.564	17	30.1667	0.0	34.0	34.0	52.4	100.0	42.0	37.8	52.6	flash	
2026-09-01T01:07:30	0.729	22	30.1667	20.0	44.0	33.0	52.4	140.0	50.0	34.8	52.5	flash	
2026-09-01T01:08:00	0.564	17	30.1667	20.0	34.0	33.8	52.2	140.0	44.0	34.8	52.4	flash	
2026-09-01T01:08:30	0.630	19	30.1667	20.0	38.0	36.4	52.1	120.0	44.0	36.4	52.2	flash	
2026-09-01T01:09:00	0.464	14	30.1667	40.0	28.0	35.2	52.3	80.0	46.0	37.4	52.3	flash	
2026-09-01T01:09:30	0.720	21	29.1611	20.0	42.0	34.2	52.3	120.0	46.0	35.4	52.3	flash	
2026-09-01T01:10:00	0.994	30	30.1667	20.0	60.0	35.2	52.3	220.0	72.0	37.0	52.4	flash	
2026-09-01T01:10:30	0.464	14	30.1667	40.0	28.0	35.0	52.0	140.0	62.0	36.6	52.3	flash	
2026-09-01T01:11:00	0.497	15	30.1667	0.0	30.0	36.4	51.9	100.0	34.0	37.0	52.0	flash	
2026-09-01T01:11:30	0.994	30	30.1667	0.0	60.0	39.8	51.9	180.0	62.0	40.2	52.1	flash	
2026-09-01T01:12:00	1.028	31	30.1667	60.0	62.0	42.6	52.3	180.0	72.0	42.6	52.3	flash	
2026-09-01T01:12:30	0.583	17	29.1611	20.0	38.0	41.6	52.3	180.0	70.0	43.8	52.5	flash	
2026-09-01T01:13:00	1.160	35	30.1667	0.0	70.0	45.2	52.4	200.0	72.0	46.4	52.5	flash	
2026-09-01T01:13:30	0.564	17	30.1667	20.0	34.0	44.8	52.6	180.0	66.0	45.6	52.6	flash	
2026-09-01T01:14:00	0.564	17	30.1667	100.0	34.0	45.4	52.7	140.0	48.0	45.4	52.7	flash	
2026-09-01T01:14:30	0.895	27	30.1667	60.0	54.0	46.6	52.8	180.0	60.0	47.0	52.9	flash	
2026-09-01T01:15:00	1.094	33	30.1667	200.0	66.0	47.2	53.3	200.0	66.0	47.2	53.3	flash	
2026-09-01T01:15:30	0.617	18	29.1611	40.0	42.0	48.4	53.2	180.0	68.0	48.4	53.3	flash	
2026-09-01T01:16:00	0.663	20	30.1667	40.0	40.0	49.0	53.3	120.0	48.0	49.4	53.4	flash	
2026-09-01T01:16:30	0.663	20	30.1667	60.0	40.0	47.0	53.3	120.0	50.0	50.0	53.4	flash	
2026-09-01T01:17:00	0.961	29	30.1667	100.0	58.0	47.0	53.3	160.0	58.0	47.2	53.4	flash	
2026-09-01T01:17:30	0.796	24	30.1667	20.0	48.0	48.0	53.3	180.0	60.0	48.2	53.3	flash	
2026-09-01T01:18:00	0.630	19	30.1667	100.0	38.0	44.8	53.3	140.0	62.0	47.6	53.3	flash	
2026-09-01T01:18:30	0.789	23	29.1611	0.0	52.0	46.0	53.3	160.0	56.0	47.4	53.5	flash	
2026-09-01T01:19:00	0.597	18	30.1667	60.0	36.0	46.8	53.2	80.0	46.0	47.0	53.3	flash	
2026-09-01T01:19:30	0.564	17	30.1667	0.0	34.0	44.4	53.3	140.0	50.0	46.4	53.4	flash	
2026-09-01T01:20:00	0.762	23	30.1667	0.0	46.0	42.8	53.4	120.0	50.0	45.6	53.6	flash	
2026-09-01T01:20:30	0.895	27	30.1667	0.0	54.0	44.0	53.7	200.0	62.0	45.0	53.7	flash	
2026-09-01T01:21:00	0.530	16	30.1667	0.0	32.0	43.2	53.6	180.0	54.0	44.8	53.8	flash	
2026-09-01T01:21:30	0.684	20	29.2444	20.0	40.0	43.2	53.6	120.0	46.0	44.2	53.7	flash	
2026-09-01T01:22:00	0.791	24	30.3333	0.0	48.0	42.6	53.8	260.0	64.0	45.8	53.9	flash	
2026-09-01T01:22:30	0.791	24	30.3333	60.0	48.0	42.2	54.0	120.0	48.0	42.8	54.0	flash	
2026-09-01T01:23:00	0.409	12	29.3222	20.0	24.0	41.4	53.9	120.0	52.0	42.4	54.0	flash	
2026-09-01T01:23:30	0.758	23	30.3333	60.0	46.0	40.8	54.1	120.0	52.0	41.8	54.1	flash	
2026-09-01T01:24:00	0.429	13	30.3333	20.0	26.0	39.8	53.9	100.0	50.0	41.6	54.1	flash	
2026-09-01T01:24:30	0.685	20	29.1778	60.0	42.0	40.4	53.8	120.0	42.0	40.6	53.9	flash	
2026-09-01T01:25:00	0.333	10	30	0.0	20.0	37.8	53.8	80.0	40.0	40.8	53.9	flash	
2026-09-01T01:25:30	0.400	12	30	40.0	24.0	34.8	53.7	60.0	24.0	37.8	53.7	flash	
2026-09-01T01:26:00	1.000	30	30	20.0	60.0	37.6	53.8	160.0	62.0	37.6	53.8	flash	
2026-09-01T01:26:30	0.767	23	30	20.0	46.0	38.2	53.9	120.0	66.0	38.8	54.0	flash	
2026-09-01T01:27:00	0.833	25	30	40.0	50.0	38.4	53.9	260.0	54.0	38.6	54.0	flash	
2026-09-01T01:27:30	0.599	18	30.0722	0.0	36.0	37.2	53.9	140.0	64.0	40.2	54.0	flash	
2026-09-01T01:28:00	0.564	17	30.1667	60.0	34.0	38.2	53.7	100.0	36.0	38.6	53.9	flash	
2026-09-01T01:28:30	0.994	30	30.1667	80.0	60.0	40.2	53.9	160.0	70.0	40.2	54.0	flash	
2026-09-01T01:29:00	0.663	20	30.1667	40.0	40.0	41.2	54.0	80.0	62.0	41.2	54.0	flash	
2026-09-01T01:29:30	0.630	19	30.1667	20.0	38.0	40.8	53.9	140.0	50.0	42.2	54.2	flash	
2026-09-01T01:30:00	0.464	14	30.1667	0.0	28.0	41.6	53.8	120.0	42.0	42.2	53.9	flash	
2026-09-01T01:30:30	0.754	22	29.1611	180.0	44.0	43.6	53.8	180.0	44.0	43.6	53.8	flash	
2026-09-01T01:31:00	0.862	26	30.1667	40.0	52.0	42.8	53.7	180.0	68.0	45.0	53.9	flash	
2026-09-01T01:31:30	0.762	23	30.1667	20.0	46.0	42.8	53.7	120.0	52.0	43.2	53.8	flash	
2026-09-01T01:32:00	0.398	12	30.1667	20.0	24.0	40.2	53.5	60.0	48.0	43.2	53.7	flash	
2026-09-01T01:32:30	0.696	21	30.1667	0.0	42.0	40.8	53.1	120.0	48.0	41.6	53.5	flash	
2026-09-01T01:33:00	0.796	24	30.1667	0.0	48.0	42.2	52.5	140.0	48.0	43.2	53.2	flash	
2026-09-01T01:33:30	0.823	24	29.1611	40.0	48.0	41.0	52.2	120.0	56.0	42.6	52.8	flash	
2026-09-01T01:34:00	0.530	16	30.1667	20.0	32.0	40.4	51.7	80.0	50.0	41.6	52.2	flash	
2026-09-01T01:34:30	0.597	18	30.1667	40.0	36.0	40.0	50.8	100.0	36.0	40.2	51.7	flash	
2026-09-01T01:35:00	0.829	25	30.1667	60.0	50.0	42.2	50.1	140.0	52.0	42.2	50.8	flash	
2026-09-01T01:35:30	0.729	22	30.1667	40.0	44.0	42.2	50.2	120.0	60.0	44.2	50.2	flash	
2026-09-01T01:36:00	0.862	26	30.1667	0.0	52.0	42.2	50.5	160.0	60.0	42.8	50.5	flash	
2026-09-01T01:36:30	0.583	17	29.1611	20.0	34.0	41.0	50.3	100.0	52.0	42.2	50.5	flash	
2026-09-01T01:37:00	0.497	15	30.1667	40.0	30.0	41.6	50.2	140.0	36.0	41.6	50.4	flash	
2026-09-01T01:37:30	0.961	29	30.1667	60.0	58.0	43.2	50.3	160.0	66.0	43.2	50.4	flash	
2026-09-01T01:38:00	0.696	21	30.1667	40.0	42.0	42.6	50.3	100.0	60.0	43.6	50.5	flash	
2026-09-01T01:38:30	0.630	19	30.1667	20.0	38.0	41.6	50.5	100.0	56.0	43.4	50.6	flash	
2026-09-01T01:39:00	0.729	22	30.1667	0.0	44.0	42.8	50.6	120.0	46.0	43.0	50.6	flash	
2026-09-01T01:39:30	0.480	14	29.1611	0.0	28.0	42.0	50.5	140.0	50.0	43.8	50.6	flash	
2026-09-01T01:40:00	0.729	22	30.1667	60.0	44.0	41.4	50.4	200.0	44.0	42.0	50.5	flash	
2026-09-01T01:40:30	0.796	24	30.1667	0.0	48.0	41.8	50.5	100.0	72.0	42.8	50.7	flash	
2026-09-01T01:41:00	0.729	22	30.1667	0.0	44.0	41.0	50.7	240.0	50.0	42.4	50.7	flash	
2026-09-01T01:41:30	0.729	22	30.1667	20.0	44.0	42.0	50.6	120.0	66.0	43.8	50.9	flash	
2026-09-01T01:42:00	0.431	13	30.1667	60.0	26.0	41.6	50.3	100.0	46.0	43.2	50.7	flash	
2026-09-01T01:42:30	0.549	16	29.1611	0.0	36.0	39.2	49.8	140.0	40.0	42.2	50.3	flash	
2026-09-01T01:43:00	0.597	18	30.1667	20.0	36.0	38.6	49.4	100.0	40.0	40.2	49.8	flash	
2026-09-01T01:43:30	0.497	15	30.1667	20.0	30.0	37.8	49.1	140.0	42.0	38.6	49.3	flash	
2026-09-01T01:44:00	0.464	14	30.1667	40.0	28.0	36.0	48.3	100.0	40.0	38.0	49.1	flash	
2026-09-01T01:44:30	1.094	33	30.1667	240.0	66.0	39.8	48.3	280.0	66.0	39.8	48.3	flash	
2026-09-01T01:45:00	0.431	13	30.1667	0.0	26.0	38.0	46.9	200.0	70.0	41.4	48.0	flash	
2026-09-01T01:45:30	1.063	31	29.1611	20.0	62.0	39.4	46.9	280.0	64.0	40.4	47.2	flash	
2026-09-01T01:46:00	0.597	18	30.1667	100.0	36.0	38.6	46.4	140.0	64.0	40.0	46.9	flash	
2026-09-01T01:46:30	0.895	27	30.1667	80.0	54.0	39.8	46.1	200.0	56.0	39.8	46.4	flash	
2026-09-01T01:47:00	0.796	24	30.1667	60.0	48.0	42.2	45.5	120.0	72.0	42.4	46.2	flash	
2026-09-01T01:47:30	0.365	11	30.1667	0.0	22.0	40.8	44.9	80.0	42.0	41.8	45.6	flash	
2026-09-01T01:48:00	0.729	22	30.1667	20.0	44.0	41.6	44.6	180.0	48.0	41.6	45.0	flash	
2026-09-01T01:48:30	0.754	22	29.1611	80.0	46.0	43.0	43.8	160.0	56.0	43.0	44.8	flash	
2026-09-01T01:49:00	0.928	28	30.1667	20.0	56.0	46.0	43.6	120.0	64.0	46.8	43.9	flash	
2026-09-01T01:49:30	0.530	16	30.1667	20.0	32.0	42.6	42.9	140.0	56.0	46.0	43.7	flash	
2026-09-01T01:50:00	0.663	20	30.1667	40.0	40.0	43.8	42.7	140.0	42.0	43.8	43.1	flash	
2026-09-01T01:50:30	0.829	25	30.1667	0.0	50.0	42.6	42.4	120.0	54.0	45.6	42.9	flash	
2026-09-01T01:51:00	0.762	23	30.1667	100.0	46.0	43.6	42.0	120.0	52.0	44.4	42.5	flash	
2026-09-01T01:51:30	0.549	16	29.1611	0.0	34.0	41.8	41.2	120.0	44.0	44.6	42.0	flash	
2026-09-01T01:52:00	0.597	18	30.1667	60.0	36.0	40.2	40.9	120.0	48.0	41.8	41.2	flash	
2026-09-01T01:52:30	0.497	15	30.1667	0.0	30.0	41.0	40.7	100.0	46.0	42.2	41.0	flash	
2026-09-01T01:53:00	0.530	16	30.1667	80.0	32.0	40.0	40.7	160.0	32.0	41.2	40.8	flash	
2026-09-01T01:53:30	0.497	15	30.1667	0.0	30.0	38.4	40.9	120.0	48.0	40.2	40.9	flash	
2026-09-01T01:54:00	0.564	17	30.1667	0.0	34.0	36.2	40.9	140.0	40.0	38.8	41.1	flash	
2026-09-01T01:54:30	0.514	15	29.1611	120.0	30.0	36.0	40.6	120.0	34.0	37.2	40.8	flash	
2026-09-01T01:55:00	0.895	27	30.1667	140.0	54.0	37.8	40.7	160.0	54.0	37.8	40.8	flash	
2026-09-01T01:55:30	0.597	18	30.1667	0.0	36.0	36.0	40.7	160.0	50.0	37.8	40.8	flash	
2026-09-01T01:56:00	0.398	12	30.1667	0.0	24.0	34.0	40.8	140.0	36.0	36.0	40.9	flash	
2026-09-01T01:56:30	0.961	29	30.1667	40.0	58.0	36.4	41.1	200.0	58.0	36.4	41.2	flash	
2026-09-01T01:57:00	0.497	15	30.1667	20.0	30.0	35.8	41.1	100.0	64.0	37.0	41.2	flash	
2026-09-01T01:57:30	0.274	8	29.1611	0.0	18.0	34.4	40.8	100.0	40.0	36.4	41.1	flash	
2026-09-01T01:58:00	0.663	20	30.1667	60.0	40.0	35.6	40.9	100.0	40.0	36.4	41.0	flash	
2026-09-01T01:58:30	0.530	16	30.1667	20.0	32.0	35.4	40.8	120.0	44.0	35.6	41.0	flash	
2026-09-01T01:59:00	0.630	19	30.1667	0.0	38.0	35.8	40.9	160.0	40.0	35.8	41.0	flash	
2026-09-01T01:59:30	0.431	13	30.1667	20.0	26.0	35.4	40.8	60.0	46.0	36.8	41.0	flash	
2026-09-01T02:00:00	0.464	14	30.1667	0.0	28.0	32.8	40.4	120.0	30.0	34.8	40.8	flash	
2026-09-01T02:00:30	0.960	28	29.1611	100.0	56.0	34.8	40.8	260.0	56.0	35.2	40.8	flash	
2026-09-01T02:01:00	0.663	20	30.1667	80.0	40.0	36.4	40.8	140.0	56.0	36.4	40.8	flash	
2026-09-01T02:01:30	0.994	30	30.1667	40.0	60.0	36.6	40.8	220.0	66.0	38.2	40.9	flash	
2026-09-01T02:02:00	0.862	26	30.1667	60.0	52.0	39.0	40.8	120.0	70.0	39.0	40.9	flash	
2026-09-01T02:02:30	0.232	7	30.1667	0.0	14.0	38.6	40.5	80.0	52.0	38.8	40.7	flash	
2026-09-01T02:03:00	0.696	21	30.1667	0.0	42.0	38.8	40.2	160.0	42.0	39.8	40.6	flash	
2026-09-01T02:03:30	0.960	28	29.1611	200.0	56.0	41.4	40.5	220.0	56.0	41.4	40.6	flash	
2026-09-01T02:04:00	0.530	16	30.1667	80.0	32.0	40.6	40.5	160.0	62.0	41.8	40.5	flash	
2026-09-01T02:04:30	0.895	27	30.1667	100.0	54.0	43.4	40.5	140.0	54.0	43.4	40.5	flash	
2026-09-01T02:05:00	0.365	11	30.1667	0.0	22.0	42.8	40.1	80.0	56.0	43.8	40.5	flash	
2026-09-01T02:05:30	0.796	24	30.1667	80.0	48.0	42.0	40.1	120.0	48.0	43.6	40.2	flash	
2026-09-01T02:06:00	0.464	14	30.1667	120.0	28.0	40.8	40.0	120.0	48.0	42.0	40.2	flash	
2026-09-01T02:06:30	0.720	21	29.1611	120.0	52.0	39.4	40.0	140.0	52.0	41.8	40.0	flash	
2026-09-01T02:07:00	0.365	11	30.1667	20.0	22.0	36.0	39.7	120.0	44.0	39.2	40.0	flash	
2026-09-01T02:07:30	0.365	11	30.1667	20.0	22.0	36.8	39.4	100.0	24.0	36.8	39.7	flash	
2026-09-01T02:08:00	0.663	20	30.1667	20.0	40.0	36.6	39.5	160.0	50.0	38.0	39.5	flash	
2026-09-01T02:08:30	0.564	17	30.1667	0.0	34.0	34.4	39.3	100.0	40.0	37.4	39.4	flash	
2026-09-01T02:09:00	0.895	27	30.1667	80.0	54.0	36.6	39.5	140.0	56.0	37.0	39.5	flash	
2026-09-01T02:09:30	0.630	19	30.1667	0.0	38.0	35.0	39.5	140.0	66.0	38.0	39.6	flash	
2026-09-01T02:10:00	0.480	14	29.1611	0.0	28.0	35.6	39.3	160.0	38.0	36.4	39.5	flash	
2026-09-01T02:10:30	0.630	19	30.1667	0.0	38.0	34.6	39.2	120.0	40.0	36.0	39.3	flash	
2026-09-01T02:11:00	0.497	15	30.1667	0.0	30.0	35.8	39.2	160.0	40.0	36.0	39.2	flash	
2026-09-01T02:11:30	0.398	12	30.1667	120.0	24.0	33.0	39.0	180.0	32.0	35.0	39.2	flash	
2026-09-01T02:12:00	1.160	35	30.1667	40.0	70.0	37.8	39.2	140.0	80.0	38.0	39.2	flash	
2026-09-01T02:12:30	0.530	16	30.1667	80.0	32.0	38.8	39.1	120.0	72.0	39.2	39.4	flash	
2026-09-01T02:13:00	0.789	23	29.1611	40.0	48.0	39.4	39.3	220.0	54.0	40.0	39.4	flash	
2026-09-01T02:13:30	0.696	21	30.1667	60.0	42.0	40.2	39.3	100.0	66.0	41.0	39.4	flash	
2026-09-01T02:14:00	0.663	20	30.1667	140.0	40.0	39.6	39.4	180.0	40.0	40.2	39.4	flash	
2026-09-01T02:14:30	0.729	22	30.1667	20.0	44.0	39.4	39.4	180.0	66.0	39.4	39.5	flash	
2026-09-01T02:15:00	0.464	14	30.1667	40.0	28.0	39.4	39.5	160.0	52.0	39.6	39.5	flash	
2026-09-01T02:15:30	0.564	17	30.1667	60.0	34.0	39.0	39.6	140.0	48.0	40.8	39.6	flash	
2026-09-01T02:16:00	0.617	18	29.1611	20.0	38.0	39.6	39.4	200.0	42.0	40.4	39.6	flash	
2026-09-01T02:16:30	0.862	26	30.1667	0.0	52.0	42.4	39.4	140.0	66.0	43.6	39.6	flash	
2026-09-01T02:17:00	0.431	13	30.1667	20.0	26.0	38.0	39.2	120.0	50.0	42.4	39.4	flash	
2026-09-01T02:17:30	1.028	31	30.1667	120.0	62.0	41.2	39.4	220.0	62.0	41.2	39.4	flash	
2026-09-01T02:18:00	0.398	12	30.1667	20.0	24.0	38.8	39.3	140.0	78.0	42.6	39.6	flash	
2026-09-01T02:18:30	1.127	34	30.1667	40.0	68.0	41.4	39.4	180.0	70.0	41.8	39.5	flash	
2026-09-01T02:19:00	0.480	14	29.1611	0.0	28.0	40.6	39.3	80.0	70.0	43.6	39.5	flash	
2026-09-01T02:19:30	0.530	16	30.1667	0.0	32.0	39.0	39.2	120.0	34.0	41.4	39.3	flash	
2026-09-01T02:20:00	0.630	19	30.1667	0.0	38.0	40.0	39.3	140.0	44.0	40.8	39.4	flash	
2026-09-01T02:20:30	0.663	20	30.1667	20.0	40.0	40.8	39.3	100.0	52.0	41.4	39.6	flash	
2026-09-01T02:21:00	0.597	18	30.1667	0.0	36.0	40.6	39.1	120.0	40.0	42.0	39.3	flash	
2026-09-01T02:21:30	0.663	20	30.1667	60.0	40.0	39.4	39.1	200.0	46.0	40.4	39.3	flash	
2026-09-01T02:22:00	0.652	19	29.1611	60.0	42.0	40.6	39.2	120.0	54.0	41.8	39.2	flash	
2026-09-01T02:22:30	0.961	29	30.1667	80.0	58.0	41.0	39.4	180.0	60.0	41.6	39.4	flash	
2026-09-01T02:23:00	0.497	15	30.1667	0.0	30.0	41.0	39.2	120.0	66.0	41.4	39.4	flash	
2026-09-01T02:23:30	0.464	14	30.1667	0.0	28.0	36.8	39.0	100.0	32.0	41.0	39.2	flash	
2026-09-01T02:24:00	0.597	18	30.1667	20.0	36.0	37.6	39.0	120.0	36.0	37.6	39.0	flash	
2026-09-01T02:24:30	0.994	30	30.1667	40.0	60.0	40.4	39.3	180.0	66.0	40.4	39.3	flash	
2026-09-01T02:25:00	0.274	8	29.1611	0.0	18.0	38.2	38.9	60.0	64.0	40.6	39.3	flash	
2026-09-01T02:25:30	1.028	31	30.1667	100.0	62.0	40.4	39.1	140.0	62.0	40.6	39.1	flash	
2026-09-01T02:26:00	0.663	20	30.1667	20.0	40.0	40.8	39.0	100.0	60.0	41.0	39.1	flash	
2026-09-01T02:26:30	0.464	14	30.1667	0.0	28.0	40.0	38.9	100.0	42.0	41.8	39.0	flash	
2026-09-01T02:27:00	0.663	20	30.1667	80.0	40.0	39.8	39.0	180.0	46.0	40.4	39.2	flash	
2026-09-01T02:27:30	0.829	25	30.1667	120.0	50.0	39.0	39.0	160.0	50.0	40.8	39.1	flash	
2026-09-01T02:28:00	0.789	23	29.1611	100.0	48.0	40.6	39.0	200.0	68.0	40.6	39.1	flash	
2026-09-01T02:28:30	0.398	12	30.1667	0.0	24.0	40.2	38.9	100.0	56.0	41.4	39.0	flash	
2026-09-01T02:29:00	0.829	25	30.1667	20.0	50.0	41.6	38.9	160.0	50.0	42.2	39.0	flash	
2026-09-01T02:29:30	0.895	27	30.1667	120.0	54.0	41.2	39.2	140.0	56.0	42.2	39.2	flash	
2026-09-01T02:30:00	0.862	26	30.1667	40.0	52.0	44.6	39.3	220.0	62.0	44.6	39.3	flash	
2026-09-01T02:30:30	0.564	17	30.1667	0.0	34.0	41.8	39.1	100.0	56.0	44.4	39.2	flash	
2026-09-01T02:31:00	0.686	20	29.1611	0.0	40.0	41.8	39.1	120.0	48.0	42.6	39.3	flash	
2026-09-01T02:31:30	0.829	25	30.1667	80.0	50.0	44.0	39.2	220.0	50.0	44.0	39.2	flash	
2026-09-01T02:32:00	0.729	22	30.1667	80.0	44.0	44.4	39.4	100.0	68.0	44.6	39.4	flash	
2026-09-01T02:32:30	0.663	20	30.1667	20.0	40.0	43.6	39.4	140.0	54.0	46.2	39.4	flash	
2026-09-01T02:33:00	0.829	25	30.1667	80.0	50.0	43.8	39.5	120.0	52.0	45.0	39.5	flash	
2026-09-01T02:33:30	0.663	20	30.1667	0.0	40.0	45.4	39.6	120.0	54.0	45.4	39.7	flash	
2026-09-01T02:34:00	0.652	19	29.1611	0.0	38.0	44.2	39.8	180.0	54.0	46.6	39.9	flash	
2026-09-01T02:34:30	0.895	27	30.1667	60.0	54.0	44.4	39.6	220.0	54.0	45.2	39.9	flash	
2026-09-01T02:35:00	1.028	31	30.1667	0.0	62.0	45.4	40.0	200.0	84.0	47.6	40.0	flash	
2026-09-01T02:35:30	0.762	23	30.1667	100.0	46.0	46.4	39.8	160.0	72.0	46.4	40.1	flash	
2026-09-01T02:36:00	0.431	13	30.1667	100.0	26.0	45.0	39.7	120.0	46.0	47.2	39.9	flash	
2026-09-01T02:36:30	0.630	19	30.1667	20.0	38.0	43.8	39.6	120.0	46.0	46.6	39.9	flash	
2026-09-01T02:37:00	0.720	21	29.1611	0.0	44.0	44.0	39.5	220.0	48.0	44.8	39.6	flash	
2026-09-01T02:37:30	0.663	20	30.1667	20.0	40.0	43.8	39.7	140.0	64.0	45.4	39.8	flash	
2026-09-01T02:38:00	0.796	24	30.1667	20.0	48.0	43.4	39.7	180.0	48.0	44.6	39.8	flash	
2026-09-01T02:38:30	0.762	23	30.1667	20.0	46.0	44.0	39.7	100.0	68.0	44.4	39.9	flash	
2026-09-01T02:39:00	0.431	13	30.1667	20.0	26.0	42.8	39.4	80.0	50.0	44.8	39.8	flash	
2026-09-01T02:39:30	0.663	20	30.1667	0.0	40.0	41.4	39.5	180.0	46.0	43.8	39.6	flash	
2026-09-01T02:40:00	0.617	18	29.1611	20.0	36.0	38.8	39.5	100.0	40.0	41.4	39.5	flash	
2026-09-01T02:40:30	0.928	28	30.1667	20.0	56.0	39.8	39.5	140.0	60.0	41.8	39.6	flash	
2026-09-01T02:41:00	0.199	6	30.1667	0.0	12.0	38.4	39.2	40.0	54.0	39.8	39.5	flash	
2026-09-01T02:41:30	0.862	26	30.1667	40.0	52.0	40.0	39.4	120.0	52.0	40.0	39.5	flash	
2026-09-01T02:42:00	0.464	14	30.1667	60.0	28.0	38.4	39.3	180.0	58.0	41.6	39.6	flash	
2026-09-01T02:42:30	0.597	18	30.1667	20.0	36.0	38.0	39.4	120.0	42.0	38.6	39.4	flash	
2026-09-01T02:43:00	0.754	22	29.1611	20.0	44.0	37.8	39.5	240.0	64.0	40.6	39.7	flash	
2026-09-01T02:43:30	0.762	23	30.1667	0.0	46.0	37.8	39.7	160.0	52.0	38.8	39.7	flash	
2026-09-01T02:44:00	0.928	28	30.1667	60.0	56.0	40.6	39.9	180.0	64.0	40.6	39.9	flash	
2026-09-01T02:44:30	0.762	23	30.1667	0.0	46.0	41.2	40.0	120.0	60.0	42.0	40.2	flash	
2026-09-01T02:45:00	0.365	11	30.1667	20.0	22.0	39.8	39.7	80.0	50.0	41.8	40.0	flash	
2026-09-01T02:45:30	0.365	11	30.1667	60.0	22.0	36.4	39.6	80.0	22.0	39.4	39.7	flash	
2026-09-01T02:46:00	0.617	18	29.1611	60.0	36.0	38.8	39.7	100.0	38.0	38.8	39.7	flash	
2026-09-01T02:46:30	0.497	15	30.1667	0.0	30.0	36.8	39.4	80.0	42.0	39.0	39.7	flash	
2026-09-01T02:47:00	0.232	7	30.1667	0.0	14.0	35.8	39.3	40.0	28.0	36.6	39.4	flash	
2026-09-01T02:47:30	0.928	28	30.1667	180.0	56.0	37.2	39.7	180.0	56.0	37.4	39.7	flash	
2026-09-01T02:48:00	0.729	22	30.1667	0.0	44.0	37.2	39.7	200.0	62.0	37.6	39.8	flash	
2026-09-01T02:48:30	0.829	25	30.1667	60.0	50.0	37.6	39.9	160.0	56.0	38.0	39.9	flash	
2026-09-01T02:49:00	0.720	21	29.1611	100.0	46.0	36.4	39.9	100.0	54.0	37.8	40.0	flash	
2026-09-01T02:49:30	0.497	15	30.1667	20.0	30.0	34.6	40.0	140.0	42.0	36.4	40.0	flash	
2026-09-01T02:50:00	0.497	15	30.1667	20.0	30.0	35.4	40.0	100.0	42.0	35.4	40.0	flash	
2026-09-01T02:50:30	0.663	20	30.1667	20.0	40.0	37.2	39.8	120.0	40.0	37.8	40.0	flash	
2026-09-01T02:51:00	0.133	4	30.1667	0.0	8.0	34.4	39.5	40.0	40.0	37.6	39.8	flash	
2026-09-01T02:51:30	0.564	17	30.1667	40.0	34.0	34.8	39.2	100.0	34.0	35.4	39.6	flash	
2026-09-01T02:52:00	0.652	19	29.1611	40.0	38.0	37.2	39.1	120.0	42.0	37.2	39.3	flash	
2026-09-01T02:52:30	0.232	7	30.1667	0.0	14.0	33.2	39.1	80.0	42.0	37.6	39.2	flash	
2026-09-01T02:53:00	0.663	20	30.1667	40.0	40.0	32.6	39.1	100.0	40.0	34.0	39.2	flash	
2026-09-01T02:53:30	0.729	22	30.1667	160.0	44.0	32.4	39.0	160.0	44.0	32.6	39.1	flash	
2026-09-01T02:54:00	0.630	19	30.1667	20.0	38.0	31.6	39.0	180.0	58.0	33.4	39.2	flash	
2026-09-01T02:54:30	0.895	27	30.1667	40.0	54.0	34.0	39.0	180.0	56.0	34.6	39.2	flash	
2026-09-01T02:55:00	0.789	23	29.1611	0.0	46.0	35.8	39.3	180.0	60.0	36.6	39.3	flash	
2026-09-01T02:55:30	0.862	26	30.1667	40.0	52.0	37.0	39.3	140.0	54.0	38.0	39.4	flash	
2026-09-01T02:56:00	0.829	25	30.1667	60.0	50.0	41.0	39.6	240.0	60.0	41.0	39.6	flash	
2026-09-01T02:56:30	0.597	18	30.1667	40.0	36.0	41.2	39.5	80.0	62.0	42.0	39.6	flash	
2026-09-01T02:57:00	0.530	16	30.1667	0.0	32.0	40.6	39.6	140.0	38.0	41.2	39.7	flash	
2026-09-01T02:57:30	0.564	17	30.1667	20.0	34.0	42.6	39.7	160.0	48.0	42.6	39.8	flash	
2026-09-01T02:58:00	0.859	25	29.0889	40.0	50.0	43.8	39.8	160.0	52.0	44.0	39.8	flash	
2026-09-01T02:58:30	0.767	23	30	20.0	46.0	44.0	39.9	160.0	56.0	46.0	40.0	flash	
2026-09-01T02:59:00	0.367	11	30	80.0	22.0	42.4	39.7	80.0	46.0	44.0	39.9	flash	
2026-09-01T02:59:30	0.867	26	30	20.0	52.0	42.0	39.7	200.0	58.0	42.8	39.7	flash	
2026-09-01T03:00:00	1.000	30	30	20.0	60.0	43.4	40.0	160.0	72.0	43.4	40.0	flash	
2026-09-01T03:00:30	1.367	41	30	300.0	82.0	46.8	40.5	320.0	86.0	46.8	40.5	flash	
2026-09-01T03:01:00	1.530	46	30.0722	240.0	92.0	50.8	41.1	400.0	110.0	52.0	41.1	flash	
2026-09-01T03:01:30	2.055	62	30.1667	240.0	124.0	59.4	42.1	340.0	128.0	59.8	42.2	flash	
2026-09-01T03:02:00	1.028	31	30.1667	0.0	62.0	62.4	42.0	300.0	112.0	64.0	42.3	flash	
2026-09-01T03:02:30	1.127	34	30.1667	0.0	68.0	65.8	42.4	320.0	70.0	66.2	42.5	flash	
2026-09-01T03:03:00	1.061	32	30.1667	120.0	64.0	67.2	42.6	380.0	106.0	68.4	42.8	flash	
2026-09-01T03:03:30	0.564	17	30.1667	0.0	34.0	66.0	42.5	120.0	66.0	67.4	42.6	flash	
2026-09-01T03:04:00	0.789	23	29.1611	140.0	46.0	68.4	42.6	160.0	52.0	68.4	42.7	flash	
2026-09-01T03:04:30	0.530	16	30.1667	60.0	32.0	66.4	42.4	80.0	48.0	69.0	42.6	flash	
2026-09-01T03:05:00	0.696	21	30.1667	20.0	42.0	64.6	42.6	140.0	52.0	68.0	42.6	flash	
2026-09-01T03:05:30	0.862	26	30.1667	0.0	52.0	61.6	42.8	120.0	54.0	65.2	42.8	flash	
2026-09-01T03:06:00	0.895	27	30.1667	120.0	54.0	57.8	42.9	240.0	56.0	61.8	43.0	flash	
2026-09-01T03:06:30	1.193	36	30.1667	100.0	72.0	52.6	43.1	140.0	74.0	56.0	43.1	flash	
2026-09-01T03:07:00	2.337	68	29.1	460.0	140.0	60.0	44.2	460.0	140.0	60.0	44.2	flash	
2026-09-01T03:07:30	1.667	50	30	220.0	100.0	63.2	44.7	520.0	146.0	63.2	44.7	flash	
2026-09-01T03:08:00	1.200	36	30	220.0	72.0	64.8	45.1	300.0	112.0	64.8	45.1	flash	
2026-09-01T03:08:30	2.067	62	30	180.0	124.0	73.0	45.6	500.0	146.0	73.0	45.7	flash	
2026-09-01T03:09:00	1.067	32	30	240.0	64.0	75.0	46.0	260.0	102.0	75.6	46.0	flash	
2026-09-01T03:09:30	1.600	48	30	160.0	96.0	81.4	46.6	280.0	104.0	81.4	46.6	flash	
2026-09-01T03:10:00	1.430	43	30.0611	0.0	86.0	85.6	47.1	360.0	126.0	86.2	47.2	flash	
2026-09-01T03:10:30	1.260	38	30.1667	20.0	76.0	88.0	47.5	440.0	78.0	88.4	47.5	flash	
2026-09-01T03:11:00	0.365	11	30.1667	20.0	22.0	85.0	47.3	100.0	74.0	88.0	47.5	flash	
2026-09-01T03:11:30	0.862	26	30.1667	40.0	52.0	83.2	47.5	200.0	58.0	85.4	47.5	flash	
2026-09-01T03:12:00	0.564	17	30.1667	20.0	34.0	72.6	47.4	160.0	66.0	84.0	47.6	flash	
2026-09-01T03:12:30	0.729	22	30.1667	0.0	44.0	67.0	47.3	140.0	46.0	72.2	47.4	flash	
2026-09-01T03:13:00	0.617	18	29.1611	60.0	36.0	63.4	47.3	80.0	50.0	66.6	47.3	flash	
2026-09-01T03:13:30	0.530	16	30.1667	0.0	32.0	54.2	47.4	100.0	54.0	61.8	47.5	flash	
2026-09-01T03:14:00	0.530	16	30.1667	20.0	32.0	51.0	47.3	80.0	32.0	55.8	47.5	flash	
2026-09-01T03:14:30	0.365	11	30.1667	0.0	22.0	43.6	47.0	120.0	36.0	51.0	47.4	flash	
2026-09-01T03:15:00	0.762	23	30.1667	0.0	46.0	39.6	47.3	160.0	52.0	43.8	47.3	flash	
2026-09-01T03:15:30	0.398	12	30.1667	0.0	24.0	34.4	46.9	120.0	42.0	40.4	47.2	flash	
2026-09-01T03:16:00	0.583	17	29.1611	20.0	34.0	35.6	46.8	80.0	34.0	36.6	46.9	flash	
2026-09-01T03:16:30	0.796	24	30.1667	20.0	48.0	35.6	47.0	140.0	56.0	37.4	47.1	flash	
2026-09-01T03:17:00	0.762	23	30.1667	40.0	46.0	36.6	47.1	140.0	54.0	36.6	47.2	flash	
2026-09-01T03:17:30	0.862	26	30.1667	20.0	52.0	37.2	47.1	240.0	58.0	39.2	47.4	flash	
2026-09-01T03:18:00	0.497	15	30.1667	60.0	30.0	36.6	46.9	160.0	58.0	38.2	47.1	flash	
2026-09-01T03:18:30	0.696	21	30.1667	20.0	42.0	37.6	47.1	140.0	48.0	37.6	47.1	flash	
2026-09-01T03:19:00	0.583	17	29.1611	20.0	34.0	37.8	47.0	100.0	44.0	38.4	47.2	flash	
2026-09-01T03:19:30	0.630	19	30.1667	0.0	38.0	39.4	46.8	180.0	42.0	39.6	47.1	flash	
2026-09-01T03:20:00	0.331	10	30.1667	20.0	20.0	36.8	46.5	100.0	42.0	39.4	46.9	flash	
2026-09-01T03:20:30	0.530	16	30.1667	0.0	32.0	37.6	46.5	160.0	34.0	37.6	46.6	flash	
2026-09-01T03:21:00	0.696	21	30.1667	80.0	42.0	38.4	46.5	140.0	44.0	38.4	46.5	flash	
2026-09-01T03:21:30	0.530	16	30.1667	20.0	32.0	36.8	46.3	120.0	48.0	38.2	46.5	flash	
2026-09-01T03:22:00	1.235	36	29.1611	40.0	72.0	39.8	46.6	240.0	72.0	39.8	46.6	flash	
2026-09-01T03:22:30	0.331	10	30.1667	0.0	20.0	36.4	46.4	80.0	72.0	39.4	46.6	flash	
2026-09-01T03:23:00	0.862	26	30.1667	20.0	52.0	38.8	46.4	140.0	52.0	39.0	46.6	flash	
2026-09-01T03:23:30	0.464	14	30.1667	0.0	28.0	37.0	46.3	100.0	54.0	38.6	46.4	flash	
2026-09-01T03:24:00	0.365	11	30.1667	40.0	22.0	35.8	46.1	80.0	28.0	37.0	46.3	flash	
2026-09-01T03:24:30	0.729	22	30.1667	20.0	44.0	36.4	46.0	100.0	46.0	36.4	46.2	flash	
2026-09-01T03:25:00	0.549	16	29.1611	20.0	32.0	37.6	45.7	200.0	58.0	38.4	46.2	flash	
2026-09-01T03:25:30	0.862	26	30.1667	0.0	52.0	39.6	45.8	120.0	56.0	40.2	46.0	flash	
2026-09-01T03:26:00	0.564	17	30.1667	20.0	34.0	39.0	45.9	80.0	54.0	41.0	45.9	flash	
2026-09-01T03:26:30	0.729	22	30.1667	20.0	44.0	40.0	45.9	100.0	48.0	41.0	45.9	flash	
2026-09-01T03:27:00	0.663	20	30.1667	20.0	40.0	36.8	45.9	140.0	50.0	41.2	46.1	flash	
2026-09-01T03:27:30	0.464	14	30.1667	0.0	28.0	37.6	45.8	140.0	48.0	38.8	45.9	flash	
2026-09-01T03:28:00	0.754	22	29.1611	0.0	44.0	36.8	45.8	120.0	44.0	38.4	46.0	flash	
2026-09-01T03:28:30	0.895	27	30.1667	100.0	54.0	39.4	45.8	200.0	64.0	39.6	46.0	flash	
2026-09-01T03:29:00	0.696	21	30.1667	40.0	42.0	41.6	46.0	120.0	58.0	42.0	46.0	flash	
2026-09-01T03:29:30	0.630	19	30.1667	0.0	38.0	40.8	46.0	120.0	50.0	42.6	46.1	flash	
2026-09-01T03:30:00	0.895	27	30.1667	0.0	54.0	43.0	46.1	220.0	60.0	43.4	46.3	flash	
2026-09-01T03:30:30	0.597	18	30.1667	20.0	36.0	41.4	45.9	120.0	52.0	43.2	46.2	flash	
2026-09-01T03:31:00	0.480	14	29.1611	0.0	28.0	41.0	46.1	100.0	38.0	41.8	46.1	flash	
2026-09-01T03:31:30	0.994	30	30.1667	80.0	60.0	42.6	46.2	160.0	60.0	42.6	46.2	flash	
2026-09-01T03:32:00	0.331	10	30.1667	0.0	20.0	40.6	46.2	100.0	62.0	42.6	46.2	flash	
2026-09-01T03:32:30	0.663	20	30.1667	60.0	40.0	41.6	46.1	200.0	40.0	42.2	46.3	flash	
2026-09-01T03:33:00	0.829	25	30.1667	20.0	50.0	42.2	46.2	140.0	54.0	42.2	46.2	flash	
2026-09-01T03:33:30	0.564	17	30.1667	0.0	34.0	40.2	46.1	120.0	56.0	42.4	46.2	flash	
2026-09-01T03:34:00	0.617	18	29.1611	40.0	36.0	39.6	45.9	140.0	36.0	40.2	46.1	flash	
2026-09-01T03:34:30	0.431	13	30.1667	60.0	26.0	38.4	45.7	60.0	48.0	40.0	45.9	flash	
2026-09-01T03:35:00	1.425	43	30.1667	120.0	86.0	41.6	46.3	200.0	86.0	41.6	46.3	flash	
2026-09-01T03:35:30	0.365	11	30.1667	100.0	22.0	40.2	46.3	140.0	86.0	41.8	46.4	flash	
2026-09-01T03:36:00	1.127	34	30.1667	120.0	68.0	44.2	46.6	200.0	74.0	44.2	46.6	flash	
2026-09-01T03:36:30	0.365	11	30.1667	40.0	22.0	40.4	46.6	80.0	68.0	44.2	46.7	flash	
2026-09-01T03:37:00	0.686	20	29.1611	60.0	42.0	42.4	46.8	200.0	44.0	42.4	46.8	flash	
2026-09-01T03:37:30	0.862	26	30.1667	40.0	52.0	44.0	46.8	140.0	72.0	44.0	46.9	flash	
2026-09-01T03:38:00	0.630	19	30.1667	40.0	38.0	42.4	46.7	200.0	54.0	43.8	46.8	flash	
2026-09-01T03:38:30	0.729	22	30.1667	20.0	44.0	43.4	46.7	160.0	48.0	43.4	46.8	flash	
2026-09-01T03:39:00	0.497	15	30.1667	20.0	30.0	42.8	46.5	120.0	62.0	45.4	46.9	flash	
2026-09-01T03:39:30	1.061	32	30.1667	100.0	64.0	46.6	46.9	180.0	64.0	46.8	46.9	flash	
2026-09-01T03:40:00	0.720	21	29.1611	20.0	42.0	43.4	47.0	140.0	64.0	46.6	47.0	flash	
2026-09-01T03:40:30	0.762	23	30.1667	120.0	46.0	45.6	47.1	120.0	48.0	45.6	47.1	flash	
2026-09-01T03:41:00	0.961	29	30.1667	60.0	58.0	44.0	47.6	240.0	66.0	45.0	47.6	flash	
2026-09-01T03:41:30	0.696	21	30.1667	20.0	42.0	45.8	47.6	160.0	80.0	46.0	47.7	flash	
2026-09-01T03:42:00	0.762	23	30.1667	0.0	46.0	46.2	47.7	120.0	52.0	48.6	47.8	flash	
2026-09-01T03:42:30	0.630	19	30.1667	20.0	38.0	44.8	48.0	120.0	46.0	47.0	48.0	flash	
2026-09-01T03:43:00	0.960	28	29.1611	20.0	56.0	46.8	48.1	240.0	64.0	48.6	48.2	flash	
2026-09-01T03:43:30	0.398	12	30.1667	20.0	24.0	44.8	47.9	120.0	56.0	46.8	48.2	flash	
2026-09-01T03:44:00	0.431	13	30.1667	0.0	26.0	44.2	47.8	100.0	40.0	44.8	48.0	flash	
2026-09-01T03:44:30	0.762	23	30.1667	20.0	46.0	42.4	47.7	200.0	46.0	45.0	47.8	flash	
2026-09-01T03:45:00	0.365	11	30.1667	0.0	22.0	40.4	47.5	80.0	50.0	43.0	47.8	flash	
2026-09-01T03:45:30	0.365	11	30.1667	0.0	22.0	38.0	47.2	180.0	24.0	40.4	47.5	flash	
2026-09-01T03:46:00	0.696	21	30.1667	0.0	42.0	36.4	47.1	120.0	46.0	40.2	47.4	flash	
2026-09-01T03:46:30	0.754	22	29.1611	0.0	44.0	36.6	47.2	220.0	48.0	37.6	47.3	flash	
2026-09-01T03:47:00	0.365	11	30.1667	20.0	22.0	34.2	47.1	80.0	44.0	36.6	47.2	flash	
2026-09-01T03:47:30	0.431	13	30.1667	40.0	26.0	33.0	47.0	80.0	32.0	34.8	47.1	flash	
2026-09-01T03:48:00	0.796	24	30.1667	40.0	48.0	32.2	47.0	180.0	56.0	33.6	47.2	flash	
2026-09-01T03:48:30	0.862	26	30.1667	0.0	52.0	35.0	47.0	160.0	56.0	35.2	47.1	flash	
2026-09-01T03:49:00	0.530	16	30.1667	0.0	32.0	35.6	47.1	100.0	54.0	35.8	47.2	flash	
2026-09-01T03:49:30	0.754	22	29.1611	80.0	44.0	35.4	47.1	120.0	44.0	36.6	47.3	flash	
2026-09-01T03:50:00	0.796	24	30.1667	140.0	48.0	38.0	46.9	140.0	56.0	38.0	47.1	flash	
2026-09-01T03:50:30	0.265	8	30.1667	20.0	16.0	37.4	46.3	60.0	50.0	39.0	47.0	flash	
2026-09-01T03:51:00	0.895	27	30.1667	0.0	54.0	38.6	45.9	220.0	56.0	39.6	46.5	flash	
2026-09-01T03:51:30	0.630	19	30.1667	20.0	38.0	38.0	45.0	160.0	56.0	38.8	45.7	flash	
2026-09-01T03:52:00	0.597	18	30.1667	80.0	36.0	39.4	44.8	100.0	46.0	39.4	45.1	flash	
2026-09-01T03:52:30	0.617	18	29.1611	0.0	42.0	40.6	44.5	240.0	60.0	41.4	45.1	flash	
2026-09-01T03:53:00	0.431	13	30.1667	20.0	26.0	38.4	44.2	80.0	36.0	40.4	44.5	flash	
2026-09-01T03:53:30	0.199	6	30.1667	0.0	12.0	34.2	43.9	40.0	30.0	38.4	44.1	flash	
2026-09-01T03:54:00	0.564	17	30.1667	40.0	34.0	34.4	43.7	180.0	34.0	35.4	43.9	flash	
2026-09-01T03:54:30	0.464	14	30.1667	60.0	28.0	32.8	43.7	80.0	38.0	34.4	43.7	flash	
2026-09-01T03:55:00	0.729	22	30.1667	100.0	44.0	32.4	43.7	120.0	44.0	33.6	43.7	flash	
2026-09-01T03:55:30	1.029	30	29.1611	40.0	64.0	37.0	43.8	160.0	68.0	37.0	43.8	flash	
2026-09-01T03:56:00	0.862	26	30.1667	100.0	52.0	36.6	43.8	180.0	66.0	37.2	44.1	flash	
2026-09-01T03:56:30	0.597	18	30.1667	60.0	36.0	36.4	43.5	120.0	52.0	37.6	43.8	flash	
2026-09-01T03:57:00	0.829	25	30.1667	20.0	50.0	38.4	42.6	220.0	58.0	39.0	43.5	flash	
2026-09-01T03:57:30	0.762	23	30.1667	20.0	46.0	38.8	42.0	140.0	54.0	38.8	42.7	flash	
2026-09-01T03:58:00	0.994	30	30.1667	20.0	60.0	42.2	41.9	160.0	60.0	42.2	42.1	flash	
2026-09-01T03:58:30	0.686	20	29.1611	60.0	42.0	45.0	41.1	120.0	60.0	45.0	41.7	flash	
2026-09-01T03:59:00	0.530	16	30.1667	40.0	32.0	44.8	40.7	160.0	44.0	45.4	41.1	flash	
2026-09-01T03:59:30	0.464	14	30.1667	100.0	28.0	45.2	40.1	120.0	36.0	45.4	40.7	flash	
2026-09-01T04:00:00	1.061	32	30.1667	0.0	64.0	47.2	39.8	260.0	84.0	48.6	40.2	flash	
2026-09-01T04:00:30	0.796	24	30.1667	0.0	48.0	45.6	39.6	160.0	62.0	47.4	40.0	flash	
2026-09-01T04:01:00	0.597	18	30.1667	0.0	36.0	44.0	39.7	100.0	52.0	46.0	39.8	flash	
2026-09-01T04:01:30	0.377	11	29.1611	0.0	22.0	43.0	39.4	100.0	36.0	44.2	39.7	flash	
2026-09-01T04:02:00	0.464	14	30.1667	20.0	28.0	40.4	39.4	100.0	40.0	42.6	39.4	flash	
2026-09-01T04:02:30	0.497	15	30.1667	0.0	30.0	39.0	39.2	140.0	34.0	40.6	39.5	flash	
2026-09-01T04:03:00	0.961	29	30.1667	0.0	58.0	38.8	39.4	180.0	58.0	40.4	39.5	flash	
2026-09-01T04:03:30	0.630	19	30.1667	0.0	38.0	38.4	39.5	100.0	58.0	39.6	39.5	flash	
2026-09-01T04:04:00	0.597	18	30.1667	80.0	36.0	38.8	39.5	120.0	42.0	39.6	39.5	flash	
2026-09-01T04:04:30	0.686	20	29.1611	20.0	40.0	40.0	39.7	120.0	56.0	41.6	39.7	flash	
2026-09-01T04:05:00	0.530	16	30.1667	20.0	32.0	36.8	39.6	120.0	48.0	40.0	39.7	flash	
2026-09-01T04:05:30	0.663	20	30.1667	20.0	40.0	36.0	39.7	140.0	50.0	38.2	39.8	flash	
2026-09-01T04:06:00	0.597	18	30.1667	140.0	36.0	36.0	39.7	160.0	36.0	36.2	39.7	flash	
2026-09-01T04:06:30	0.961	29	30.1667	40.0	58.0	39.6	39.8	200.0	72.0	39.6	39.9	flash	
2026-09-01T04:07:00	0.265	8	30.1667	0.0	16.0	38.4	39.5	60.0	56.0	39.6	39.8	flash	
2026-09-01T04:07:30	0.274	8	29.1611	0.0	16.0	37.0	39.2	60.0	28.0	39.0	39.6	flash	
2026-09-01T04:08:00	0.696	21	30.1667	0.0	42.0	35.4	39.3	180.0	42.0	37.8	39.4	flash	
2026-09-01T04:08:30	0.829	25	30.1667	60.0	50.0	36.6	39.4	80.0	50.0	36.6	39.4	flash	
2026-09-01T04:09:00	1.127	34	30.1667	0.0	68.0	39.8	39.7	220.0	80.0	41.6	39.7	flash	
2026-09-01T04:09:30	0.630	19	30.1667	80.0	38.0	39.6	39.7	120.0	66.0	40.2	39.7	flash	
2026-09-01T04:10:00	0.398	12	30.1667	0.0	24.0	38.8	39.8	80.0	42.0	40.2	39.8	flash	
2026-09-01T04:10:30	0.652	19	29.1611	20.0	38.0	38.6	39.8	180.0	44.0	39.0	40.0	flash	
2026-09-01T04:11:00	0.762	23	30.1667	20.0	46.0	40.2	39.9	160.0	46.0	40.8	40.0	flash	
2026-09-01T04:11:30	0.630	19	30.1667	20.0	38.0	38.0	39.9	140.0	62.0	39.8	40.1	flash	
2026-09-01T04:12:00	0.530	16	30.1667	40.0	32.0	39.2	39.5	120.0	38.0	39.8	39.9	flash	
2026-09-01T04:12:30	0.729	22	30.1667	60.0	44.0	42.0	39.8	100.0	54.0	42.0	39.8	flash	
2026-09-01T04:13:00	0.497	15	30.1667	0.0	30.0	40.8	39.5	140.0	44.0	42.0	39.8	flash	
2026-09-01T04:13:30	0.514	15	29.1611	40.0	30.0	39.2	39.6	120.0	40.0	40.8	39.6	flash	
2026-09-01T04:14:00	0.663	20	30.1667	20.0	40.0	36.0	39.8	180.0	46.0	38.8	39.9	flash	
2026-09-01T04:14:30	0.630	19	30.1667	0.0	38.0	36.0	39.7	120.0	50.0	37.0	39.8	flash	
2026-09-01T04:15:00	0.762	23	30.1667	20.0	46.0	38.2	39.8	120.0	48.0	38.6	39.8	flash	
2026-09-01T04:15:30	0.796	24	30.1667	20.0	48.0	39.2	39.8	180.0	50.0	39.2	39.8	flash	
2026-09-01T04:16:00	0.895	27	30.1667	0.0	54.0	40.0	40.0	160.0	62.0	40.8	40.0	flash	
2026-09-01T04:16:30	0.446	13	29.1611	0.0	26.0	38.8	39.8	120.0	64.0	41.2	40.1	flash	
2026-09-01T04:17:00	0.464	14	30.1667	20.0	28.0	38.6	39.7	120.0	28.0	40.8	39.8	flash	
2026-09-01T04:17:30	0.331	10	30.1667	20.0	20.0	36.4	39.6	40.0	30.0	38.4	39.7	flash	
2026-09-01T04:18:00	0.530	16	30.1667	60.0	32.0	36.2	39.5	120.0	34.0	36.4	39.6	flash	
2026-09-01T04:18:30	0.530	16	30.1667	0.0	32.0	36.4	39.3	100.0	42.0	37.0	39.5	flash	
2026-09-01T04:19:00	0.431	13	30.1667	60.0	26.0	35.0	39.1	80.0	32.0	36.4	39.3	flash	
2026-09-01T04:19:30	0.857	25	29.1611	20.0	50.0	36.2	39.2	140.0	54.0	37.2	39.2	flash	
2026-09-01T04:20:00	0.696	21	30.1667	20.0	42.0	35.8	39.1	160.0	56.0	37.4	39.3	flash	
2026-09-01T04:20:30	0.762	23	30.1667	0.0	46.0	35.6	39.2	180.0	54.0	37.2	39.3	flash	
2026-09-01T04:21:00	0.597	18	30.1667	80.0	36.0	33.8	39.3	100.0	54.0	36.2	39.3	flash	
2026-09-01T04:21:30	0.663	20	30.1667	20.0	40.0	35.2	39.1	120.0	48.0	35.2	39.4	flash	
2026-09-01T04:22:00	0.663	20	30.1667	40.0	40.0	36.4	39.3	100.0	42.0	36.4	39.3	flash	
2026-09-01T04:22:30	1.063	31	29.1611	20.0	66.0	40.8	39.5	160.0	68.0	40.8	39.6	flash	
2026-09-01T04:23:00	0.431	13	30.1667	0.0	26.0	40.0	39.3	140.0	62.0	40.6	39.5	flash	
2026-09-01T04:23:30	0.398	12	30.1667	60.0	24.0	39.2	39.2	80.0	38.0	40.4	39.3	flash	
2026-09-01T04:24:00	0.928	28	30.1667	120.0	56.0	42.2	39.4	140.0	60.0	42.4	39.4	flash	
2026-09-01T04:24:30	0.729	22	30.1667	120.0	44.0	41.6	39.5	160.0	58.0	42.2	39.5	flash	
2026-09-01T04:25:00	0.530	16	30.1667	0.0	32.0	40.6	39.0	220.0	48.0	41.6	39.5	flash	
2026-09-01T04:25:30	0.789	23	29.1611	40.0	46.0	40.6	39.3	140.0	56.0	41.2	39.3	flash	
2026-09-01T04:26:00	0.232	7	30.1667	0.0	14.0	38.6	38.7	60.0	52.0	40.8	39.3	flash	
2026-09-01T04:26:30	0.796	24	30.1667	60.0	48.0	39.2	39.0	120.0	48.0	40.0	39.0	flash	
2026-09-01T04:27:00	0.696	21	30.1667	0.0	42.0	39.8	39.0	140.0	50.0	40.8	39.2	flash	
2026-09-01T04:27:30	0.530	16	30.1667	20.0	32.0	36.4	38.8	120.0	40.0	39.4	39.0	flash	
2026-09-01T04:28:00	0.597	18	30.1667	80.0	36.0	37.4	38.8	180.0	38.0	37.8	38.8	flash	
2026-09-01T04:28:30	0.789	23	29.1611	40.0	46.0	40.2	38.8	220.0	60.0	40.2	38.9	flash	
2026-09-01T04:29:00	0.762	23	30.1667	20.0	46.0	38.8	38.9	140.0	58.0	40.8	38.9	flash	
2026-09-01T04:29:30	0.564	17	30.1667	80.0	34.0	38.0	38.6	100.0	52.0	40.0	39.0	flash	
2026-09-01T04:30:00	0.331	10	30.1667	0.0	20.0	36.4	38.4	160.0	34.0	37.8	38.7	flash	
2026-09-01T04:30:30	0.597	18	30.1667	0.0	36.0	35.4	38.3	120.0	40.0	37.0	38.5	flash	
2026-09-01T04:31:00	0.696	21	30.1667	0.0	42.0	38.2	38.2	160.0	56.0	38.2	38.5	flash	
2026-09-01T04:31:30	0.789	23	29.1611	60.0	46.0	38.2	38.2	140.0	50.0	38.6	38.2	flash	
2026-09-01T04:32:00	0.663	20	30.1667	20.0	40.0	37.8	38.1	140.0	54.0	38.6	38.2	flash	
2026-09-01T04:32:30	0.564	17	30.1667	40.0	34.0	38.0	38.1	200.0	50.0	38.6	38.2	flash	
2026-09-01T04:33:00	0.928	28	30.1667	40.0	56.0	40.0	38.1	160.0	56.0	40.6	38.1	flash	
2026-09-01T04:33:30	0.398	12	30.1667	20.0	24.0	37.8	38.1	80.0	60.0	41.2	38.2	flash	
2026-09-01T04:34:00	0.630	19	30.1667	40.0	38.0	37.0	38.2	120.0	40.0	38.4	38.2	flash	
2026-09-01T04:34:30	0.652	19	29.1611	60.0	38.0	37.8	38.1	140.0	40.0	37.8	38.3	flash	
2026-09-01T04:35:00	1.094	33	30.1667	40.0	66.0	42.0	38.6	220.0	68.0	42.0	38.6	flash	
2026-09-01T04:35:30	0.365	11	30.1667	20.0	22.0	40.6	38.6	120.0	62.0	42.0	38.6	flash	
2026-09-01T04:36:00	0.398	12	30.1667	0.0	24.0	38.8	38.4	60.0	34.0	41.0	38.6	flash	
2026-09-01T04:36:30	0.762	23	30.1667	20.0	46.0	38.8	38.4	160.0	46.0	40.0	38.4	flash	
2026-09-01T04:37:00	0.298	9	30.1667	0.0	18.0	36.6	38.4	80.0	50.0	38.6	38.5	flash	
2026-09-01T04:37:30	0.549	16	29.1611	60.0	32.0	36.6	38.5	160.0	32.0	36.8	38.5	flash	
2026-09-01T04:38:00	0.796	24	30.1667	40.0	48.0	35.8	38.5	200.0	50.0	37.4	38.5	flash	
2026-09-01T04:38:30	0.431	13	30.1667	20.0	26.0	36.0	38.2	120.0	48.0	36.0	38.5	flash	
2026-09-01T04:39:00	0.762	23	30.1667	0.0	46.0	36.6	38.3	120.0	50.0	37.6	38.4	flash	
2026-09-01T04:39:30	0.597	18	30.1667	20.0	36.0	36.4	38.2	140.0	58.0	38.8	38.4	flash	
2026-09-01T04:40:00	0.597	18	30.1667	0.0	36.0	33.4	38.1	200.0	38.0	36.2	38.3	flash	
2026-09-01T04:40:30	0.926	27	29.1611	20.0	54.0	36.8	38.5	180.0	58.0	36.8	38.5	flash	
2026-09-01T04:41:00	0.497	15	30.1667	20.0	30.0	37.2	38.3	120.0	56.0	37.2	38.5	flash	
2026-09-01T04:41:30	0.431	13	30.1667	0.0	26.0	35.2	38.1	120.0	40.0	38.4	38.4	flash	
2026-09-01T04:42:00	0.729	22	30.1667	0.0	44.0	37.8	38.3	160.0	46.0	37.8	38.3	flash	
2026-09-01T04:42:30	0.497	15	30.1667	0.0	30.0	37.6	38.2	60.0	56.0	39.6	38.3	flash	
2026-09-01T04:43:00	0.431	13	30.1667	0.0	26.0	35.4	38.2	80.0	30.0	37.8	38.2	flash	
2026-09-01T04:43:30	0.857	25	29.1611	120.0	50.0	37.8	38.5	120.0	50.0	37.8	38.5	flash	
2026-09-01T04:44:00	0.729	22	30.1667	80.0	44.0	37.6	38.6	200.0	62.0	39.2	38.8	flash	
2026-09-01T04:44:30	0.729	22	30.1667	20.0	44.0	38.6	38.8	180.0	50.0	38.6	38.9	flash	
2026-09-01T04:45:00	0.497	15	30.1667	40.0	30.0	37.8	38.7	60.0	46.0	39.2	38.9	flash	
2026-09-01T04:45:30	0.829	25	30.1667	60.0	50.0	37.4	38.6	140.0	52.0	38.8	38.8	flash	
2026-09-01T04:46:00	0.696	21	30.1667	60.0	42.0	38.6	38.5	140.0	54.0	38.8	38.5	flash	
2026-09-01T04:46:30	0.686	20	29.1611	20.0	42.0	40.0	38.5	140.0	44.0	40.0	38.5	flash	
2026-09-01T04:47:00	0.796	24	30.1667	40.0	48.0	40.4	38.5	140.0	62.0	42.2	38.5	flash	
2026-09-01T04:47:30	0.530	16	30.1667	20.0	32.0	40.6	38.4	100.0	48.0	40.6	38.5	flash	
2026-09-01T04:48:00	0.829	25	30.1667	60.0	50.0	43.0	38.3	140.0	52.0	43.0	38.4	flash	
2026-09-01T04:48:30	0.630	19	30.1667	0.0	38.0	41.8	38.2	160.0	50.0	43.0	38.3	flash	
2026-09-01T04:49:00	0.762	23	30.1667	0.0	46.0	42.0	38.4	200.0	74.0	43.0	38.6	flash	
2026-09-01T04:49:30	0.514	15	29.1611	20.0	30.0	40.8	38.4	100.0	44.0	42.2	38.5	flash	
2026-09-01T04:50:00	0.431	13	30.1667	0.0	26.0	40.4	38.0	100.0	34.0	41.0	38.4	flash	
2026-09-01T04:50:30	0.961	29	30.1667	60.0	58.0	41.0	38.1	120.0	60.0	41.6	38.1	flash	
2026-09-01T04:51:00	0.597	18	30.1667	20.0	36.0	40.6	38.1	120.0	64.0	41.8	38.2	flash	
2026-09-01T04:51:30	0.796	24	30.1667	200.0	48.0	41.2	38.4	200.0	48.0	41.2	38.4	flash	
2026-09-01T04:52:00	0.431	13	30.1667	20.0	26.0	39.0	38.3	100.0	56.0	41.6	38.4	flash	
2026-09-01T04:52:30	0.617	18	29.1611	20.0	36.0	39.6	38.4	120.0	40.0	40.4	38.4	flash	
2026-09-01T04:53:00	0.829	25	30.1667	0.0	50.0	39.4	38.3	160.0	52.0	40.6	38.5	flash	
2026-09-01T04:53:30	0.663	20	30.1667	60.0	40.0	39.6	38.3	160.0	60.0	41.8	38.5	flash	
2026-09-01T04:54:00	0.663	20	30.1667	20.0	40.0	39.0	38.4	100.0	44.0	39.6	38.5	flash	
2026-09-01T04:54:30	0.895	27	30.1667	80.0	54.0	41.4	38.5	200.0	56.0	41.8	38.5	flash	
2026-09-01T04:55:00	0.398	12	30.1667	0.0	24.0	41.2	38.4	100.0	54.0	42.2	38.6	flash	
2026-09-01T04:55:30	0.789	23	29.1611	0.0	46.0	40.6	38.5	180.0	54.0	42.4	38.6	flash	
2026-09-01T04:56:00	0.630	19	30.1667	0.0	38.0	40.2	38.6	120.0	52.0	41.0	38.7	flash	
2026-09-01T04:56:30	0.597	18	30.1667	0.0	36.0	39.2	38.3	140.0	52.0	41.6	38.5	flash	
2026-09-01T04:57:00	0.497	15	30.1667	0.0	30.0	39.4	38.4	120.0	40.0	39.6	38.5	flash	
2026-09-01T04:57:30	0.497	15	30.1667	20.0	30.0	38.8	38.6	100.0	46.0	39.6	38.6	flash	
2026-09-01T04:58:00	0.729	22	30.1667	40.0	44.0	38.2	38.6	160.0	44.0	39.0	38.6	flash	
2026-09-01T04:58:30	0.721	21	29.1333	0.0	44.0	38.4	38.6	140.0	58.0	39.0	38.7	flash	
2026-09-01T04:59:00	0.767	23	30	140.0	46.0	39.0	38.3	140.0	46.0	39.4	38.5	flash	
2026-09-01T04:59:30	0.600	18	30	80.0	36.0	37.2	38.3	200.0	56.0	39.8	38.4	flash	
2026-09-01T05:00:00	0.233	7	30	0.0	14.0	36.2	38.2	60.0	30.0	37.8	38.3	flash	
2026-09-01T05:00:30	0.700	21	30	40.0	42.0	35.8	38.2	140.0	42.0	37.4	38.4	flash	
2026-09-01T05:01:00	0.800	24	30	100.0	48.0	36.8	38.3	100.0	48.0	37.2	38.4	flash	
2026-09-01T05:01:30	0.632	19	30.0556	40.0	38.0	37.0	38.2	160.0	52.0	37.4	38.3	flash	
2026-09-01T05:02:00	0.527	16	30.3333	0.0	32.0	37.2	38.3	160.0	56.0	39.6	38.5	flash	
2026-09-01T05:02:30	0.791	24	30.3333	20.0	48.0	39.0	38.3	120.0	48.0	39.2	38.3	flash	
2026-09-01T05:03:00	0.887	26	29.3222	100.0	54.0	40.0	38.5	140.0	56.0	41.0	38.5	flash	
2026-09-01T05:03:30	0.626	19	30.3333	80.0	38.0	39.4	38.6	120.0	62.0	41.0	38.7	flash	
2026-09-01T05:04:00	0.692	21	30.3333	0.0	42.0	39.0	38.6	220.0	50.0	41.0	38.7	flash	
2026-09-01T05:04:30	0.409	12	29.3056	0.0	24.0	37.8	38.5	80.0	46.0	39.6	38.7	flash	
2026-09-01T05:05:00	0.298	9	30.1667	60.0	18.0	38.2	38.2	80.0	28.0	38.4	38.5	flash	
2026-09-01T05:05:30	0.961	29	30.1667	40.0	58.0	39.8	38.3	160.0	62.0	39.8	38.4	flash	
2026-09-01T05:06:00	0.431	13	30.1667	20.0	26.0	37.6	38.0	80.0	54.0	39.8	38.3	flash	
2026-09-01T05:06:30	0.796	24	30.1667	100.0	48.0	38.6	38.2	120.0	50.0	38.8	38.2	flash	
2026-09-01T05:07:00	0.530	16	30.1667	60.0	32.0	38.6	38.3	100.0	60.0	39.2	38.4	flash	
2026-09-01T05:07:30	0.995	29	29.15	100.0	64.0	39.8	38.7	200.0	64.0	40.2	38.7	flash	
2026-09-01T05:08:00	0.667	20	30	60.0	40.0	38.6	38.7	140.0	62.0	40.0	38.8	flash	
2026-09-01T05:08:30	0.633	19	30	40.0	38.0	39.2	38.8	140.0	56.0	39.2	38.8	flash	
2026-09-01T05:09:00	0.433	13	30	0.0	26.0	36.8	38.8	120.0	40.0	38.6	38.8	flash	
2026-09-01T05:09:30	0.567	17	30	0.0	34.0	37.8	38.6	120.0	46.0	38.0	38.8	flash	
2026-09-01T05:10:00	0.767	23	30	20.0	46.0	40.6	38.7	120.0	46.0	41.2	38.8	flash	
2026-09-01T05:10:30	0.666	20	30.0111	60.0	40.0	38.8	38.6	120.0	46.0	40.6	38.8	flash	
2026-09-01T05:11:00	0.729	22	30.1667	40.0	44.0	40.8	38.7	160.0	46.0	40.8	38.8	flash	
2026-09-01T05:11:30	0.398	12	30.1667	160.0	24.0	38.2	38.5	160.0	46.0	40.8	38.7	flash	
2026-09-01T05:12:00	0.530	16	30.1667	20.0	32.0	38.8	38.5	180.0	46.0	39.2	38.6	flash	
2026-09-01T05:12:30	0.630	19	30.1667	40.0	38.0	36.2	38.2	120.0	40.0	38.4	38.5	flash	
2026-09-01T05:13:00	0.530	16	30.1667	40.0	32.0	35.4	38.3	160.0	52.0	37.8	38.4	flash	
2026-09-01T05:13:30	0.720	21	29.1611	100.0	46.0	35.8	38.5	120.0	46.0	36.0	38.5	flash	
2026-09-01T05:14:00	0.497	15	30.1667	0.0	30.0	36.2	38.2	80.0	50.0	37.0	38.5	flash	
2026-09-01T05:14:30	0.862	26	30.1667	0.0	52.0	38.0	38.3	140.0	56.0	38.6	38.5	flash	
2026-09-01T05:15:00	0.895	27	30.1667	160.0	54.0	38.8	38.5	180.0	64.0	39.6	38.6	flash	
2026-09-01T05:15:30	1.193	36	30.1667	120.0	72.0	42.0	38.7	200.0	76.0	42.0	38.7	flash	
2026-09-01T05:16:00	1.227	37	30.1667	40.0	74.0	45.0	39.3	360.0	92.0	45.4	39.3	flash	
2026-09-01T05:16:30	0.857	25	29.1611	120.0	50.0	48.6	39.4	240.0	74.0	49.2	39.4	flash	
2026-09-01T05:17:00	0.829	25	30.1667	120.0	50.0	49.6	39.4	260.0	80.0	49.6	39.5	flash	
2026-09-01T05:17:30	0.729	22	30.1667	20.0	44.0	50.0	39.6	200.0	62.0	51.2	39.6	flash	
2026-09-01T05:18:00	0.564	17	30.1667	0.0	34.0	50.6	39.5	80.0	42.0	50.8	39.7	flash	
2026-09-01T05:18:30	0.762	23	30.1667	80.0	46.0	50.6	39.5	140.0	52.0	52.4	39.8	flash	
2026-09-01T05:19:00	0.630	19	30.1667	0.0	38.0	51.4	39.5	120.0	48.0	51.6	39.5	flash	
2026-09-01T05:19:30	0.530	16	30.1667	20.0	32.0	49.4	39.4	100.0	44.0	51.4	39.5	flash	
2026-09-01T05:20:00	0.549	16	29.1611	20.0	34.0	47.2	39.6	120.0	44.0	49.4	39.7	flash	
2026-09-01T05:20:30	0.497	15	30.1667	0.0	30.0	43.4	39.5	100.0	36.0	47.6	39.7	flash	
2026-09-01T05:21:00	0.663	20	30.1667	40.0	40.0	39.6	39.5	160.0	40.0	43.2	39.5	flash	
2026-09-01T05:21:30	0.895	27	30.1667	40.0	54.0	40.0	39.6	180.0	60.0	41.8	39.7	flash	
2026-09-01T05:22:00	0.530	16	30.1667	120.0	32.0	38.2	39.5	120.0	44.0	40.0	39.5	flash	
2026-09-01T05:22:30	0.398	12	30.1667	20.0	24.0	36.2	39.4	120.0	42.0	37.6	39.5	flash	
2026-09-01T05:23:00	0.926	27	29.1611	20.0	54.0	38.2	39.4	140.0	54.0	38.2	39.5	flash	
2026-09-01T05:23:30	0.497	15	30.1667	40.0	30.0	36.8	39.4	80.0	58.0	38.4	39.4	flash	
2026-09-01T05:24:00	0.365	11	30.1667	20.0	22.0	35.0	39.3	60.0	34.0	37.0	39.4	flash	
2026-09-01T05:24:30	0.365	11	30.1667	20.0	22.0	34.2	39.1	120.0	24.0	35.2	39.3	flash	
2026-09-01T05:25:00	1.061	32	30.1667	180.0	64.0	37.2	39.1	180.0	64.0	37.2	39.2	flash	
2026-09-01T05:25:30	0.497	15	30.1667	40.0	30.0	37.2	39.2	160.0	62.0	37.8	39.2	flash	
2026-09-01T05:26:00	0.617	18	29.1611	60.0	40.0	36.8	39.3	80.0	40.0	38.0	39.3	flash	
2026-09-01T05:26:30	0.331	10	30.1667	0.0	20.0	33.4	39.0	100.0	42.0	37.2	39.4	flash	
2026-09-01T05:27:00	1.293	39	30.1667	0.0	78.0	38.2	39.6	200.0	78.0	39.4	39.6	flash	
2026-09-01T05:27:30	0.431	13	30.1667	40.0	26.0	38.2	39.6	80.0	84.0	38.8	39.7	flash	
2026-09-01T05:28:00	0.497	15	30.1667	40.0	30.0	35.8	39.4	120.0	36.0	38.2	39.6	flash	
2026-09-01T05:28:30	0.729	22	30.1667	20.0	44.0	37.2	39.6	200.0	46.0	37.6	39.7	flash	
2026-09-01T05:29:00	0.617	18	29.1611	20.0	38.0	38.6	39.5	140.0	52.0	39.0	39.6	flash	
2026-09-01T05:29:30	0.564	17	30.1667	60.0	34.0	39.8	39.5	140.0	38.0	40.4	39.5	flash	
2026-09-01T05:30:00	0.762	23	30.1667	40.0	46.0	38.8	39.5	140.0	52.0	40.2	39.6	flash	
2026-09-01T05:30:30	0.597	18	30.1667	20.0	36.0	39.0	39.4	100.0	52.0	39.4	39.6	flash	
2026-09-01T05:31:00	0.298	9	30.1667	0.0	18.0	36.8	39.2	100.0	36.0	38.6	39.3	flash	
2026-09-01T05:31:30	0.862	26	30.1667	20.0	52.0	40.0	39.5	140.0	56.0	40.6	39.5	flash	
2026-09-01T05:32:00	0.446	13	29.1611	0.0	28.0	34.8	39.3	180.0	52.0	40.0	39.5	flash	
2026-09-01T05:32:30	0.961	29	30.1667	40.0	58.0	38.0	39.6	180.0	64.0	38.8	39.6	flash	
2026-09-01T05:33:00	0.199	6	30.1667	20.0	12.0	36.2	39.5	40.0	58.0	38.0	39.6	flash	
2026-09-01T05:33:30	0.365	11	30.1667	0.0	22.0	34.2	39.2	80.0	26.0	36.6	39.5	flash	
2026-09-01T05:34:00	0.431	13	30.1667	60.0	26.0	33.0	39.0	140.0	30.0	34.0	39.1	flash	
2026-09-01T05:34:30	0.431	13	30.1667	0.0	26.0	32.2	38.8	100.0	36.0	34.4	39.0	flash	
2026-09-01T05:35:00	0.412	12	29.1611	0.0	24.0	30.2	38.8	120.0	26.0	31.8	38.9	flash	
2026-09-01T05:35:30	0.597	18	30.1667	20.0	36.0	30.2	38.6	100.0	36.0	30.2	38.8	flash	
2026-09-01T05:36:00	1.061	32	30.1667	180.0	64.0	34.6	38.9	200.0	64.0	34.6	38.9	flash	
2026-09-01T05:36:30	0.564	17	30.1667	20.0	34.0	33.0	38.8	180.0	64.0	34.6	38.9	flash	
2026-09-01T05:37:00	0.597	18	30.1667	120.0	36.0	33.8	38.7	120.0	48.0	34.8	38.9	flash	
2026-09-01T05:37:30	0.530	16	30.1667	0.0	32.0	31.2	38.7	120.0	46.0	33.8	38.8	flash	
2026-09-01T05:38:00	0.926	27	29.1611	80.0	54.0	35.6	38.7	200.0	54.0	35.6	38.8	flash	
2026-09-01T05:38:30	0.729	22	30.1667	140.0	44.0	37.6	38.8	140.0	54.0	37.6	38.8	flash	
2026-09-01T05:39:00	1.392	42	30.1667	140.0	84.0	43.6	39.1	220.0	88.0	43.6	39.1	flash	
2026-09-01T05:39:30	1.227	37	30.1667	0.0	74.0	48.2	39.6	340.0	104.0	48.2	39.6	flash	
2026-09-01T05:40:00	0.862	26	30.1667	40.0	52.0	51.0	39.8	240.0	92.0	51.0	39.9	flash	
2026-09-01T05:40:30	1.558	47	30.1667	160.0	94.0	56.8	40.2	440.0	94.0	56.8	40.2	flash	
2026-09-01T05:41:00	2.435	71	29.1611	100.0	156.0	65.4	41.3	600.0	160.0	66.2	41.3	flash	
2026-09-01T05:41:30	1.127	34	30.1667	60.0	68.0	68.2	41.5	240.0	142.0	68.4	41.6	flash	
2026-09-01T05:42:00	1.525	46	30.1667	320.0	92.0	73.8	42.1	320.0	94.0	73.8	42.1	flash	
2026-09-01T05:42:30	0.530	16	30.1667	0.0	32.0	73.6	42.1	320.0	90.0	74.4	42.2	flash	
2026-09-01T05:43:00	0.464	14	30.1667	120.0	28.0	71.0	41.9	120.0	42.0	73.8	42.1	flash	
2026-09-01T05:43:30	0.729	22	30.1667	140.0	44.0	71.0	41.9	140.0	46.0	71.8	41.9	flash	
2026-09-01T05:44:00	0.412	12	29.1611	60.0	24.0	65.0	41.7	140.0	44.0	70.8	41.9	flash	
2026-09-01T05:44:30	0.663	20	30.1667	60.0	40.0	61.6	41.6	100.0	50.0	66.8	41.8	flash	
2026-09-01T05:45:00	1.193	36	30.1667	120.0	72.0	63.6	42.1	180.0	74.0	63.8	42.1	flash	
2026-09-01T05:45:30	0.497	15	30.1667	0.0	30.0	58.6	41.9	120.0	70.0	63.8	42.1	flash	
2026-09-01T05:46:00	0.398	12	30.1667	20.0	24.0	45.4	41.8	140.0	30.0	57.2	41.9	flash	
2026-09-01T05:46:30	0.796	24	30.1667	0.0	48.0	43.4	41.9	160.0	60.0	47.8	42.0	flash	
2026-09-01T05:47:00	0.413	12	29.05	0.0	24.0	38.4	41.8	120.0	60.0	43.4	42.1	flash	
2026-09-01T05:47:30	0.467	14	30	0.0	28.0	36.2	41.8	160.0	30.0	37.4	41.9	flash	
2026-09-01T05:48:00	0.900	27	30	60.0	54.0	39.0	41.9	280.0	54.0	39.4	42.0	flash	
2026-09-01T05:48:30	0.433	13	30	20.0	26.0	37.0	41.8	100.0	56.0	39.0	41.9	flash	
2026-09-01T05:49:00	0.800	24	30	100.0	48.0	39.6	41.8	100.0	48.0	39.8	41.9	flash	
2026-09-01T05:49:30	0.400	12	30	20.0	24.0	38.4	41.7	80.0	48.0	39.6	41.7	flash	
2026-09-01T05:50:00	1.063	32	30.1111	0.0	64.0	37.4	42.2	240.0	66.0	40.0	42.2	flash	
2026-09-01T05:50:30	0.796	24	30.1667	100.0	48.0	38.8	42.2	140.0	60.0	38.8	42.2	flash	
2026-09-01T05:51:00	0.630	19	30.1667	20.0	38.0	40.4	42.1	180.0	56.0	40.4	42.3	flash	
2026-09-01T05:51:30	0.398	12	30.1667	0.0	24.0	37.8	42.0	60.0	40.0	40.4	42.2	flash	
2026-09-01T05:52:00	0.398	12	30.1667	20.0	24.0	37.8	41.9	80.0	28.0	37.8	42.0	flash	
2026-09-01T05:52:30	0.994	30	30.1667	20.0	60.0	41.0	42.0	200.0	60.0	41.0	42.0	flash	
2026-09-01T05:53:00	0.410	12	29.2667	40.0	24.0	38.0	41.7	80.0	66.0	41.4	42.0	flash	
2026-09-01T05:53:30	0.725	22	30.3333	80.0	44.0	39.8	41.8	120.0	44.0	39.8	41.9	flash	
2026-09-01T05:54:00	1.088	33	30.3333	100.0	66.0	41.6	42.0	140.0	70.0	41.6	42.0	flash	
2026-09-01T05:54:30	0.818	24	29.3222	20.0	56.0	44.0	42.3	160.0	76.0	44.2	42.3	flash	
2026-09-01T05:55:00	0.791	24	30.3333	60.0	48.0	42.4	42.6	140.0	64.0	43.8	42.6	flash	
2026-09-01T05:55:30	0.527	16	30.3333	60.0	32.0	40.8	42.3	100.0	52.0	43.0	42.6	flash	
2026-09-01T05:56:00	0.618	18	29.1333	0.0	36.0	40.6	42.4	100.0	46.0	42.0	42.5	flash	
2026-09-01T05:56:30	0.767	23	30	0.0	46.0	42.8	42.4	160.0	46.0	42.8	42.5	flash	
2026-09-01T05:57:00	0.500	15	30	20.0	30.0	43.4	42.4	180.0	44.0	43.6	42.5	flash	
2026-09-01T05:57:30	0.600	18	30	20.0	36.0	41.0	42.2	120.0	46.0	44.8	42.4	flash	
2026-09-01T05:58:00	0.433	13	30	160.0	26.0	41.2	42.0	160.0	36.0	41.2	42.2	flash	
2026-09-01T05:58:30	0.933	28	30	120.0	56.0	42.6	42.2	140.0	62.0	43.0	42.2	flash	
2026-09-01T05:59:00	0.631	19	30.0944	140.0	38.0	40.4	42.3	160.0	62.0	43.0	42.3	flash	
2026-09-01T05:59:30	0.862	26	30.1667	40.0	52.0	40.0	42.5	180.0	68.0	42.0	42.6	flash	
2026-09-01T06:00:00	1.193	36	30.1667	20.0	72.0	42.6	42.8	220.0	74.0	43.6	42.8	flash	
2026-09-01T06:00:30	0.497	15	30.1667	20.0	30.0	42.2	42.7	120.0	72.0	43.0	42.8	flash	
2026-09-01T06:01:00	0.696	21	30.1667	20.0	42.0	42.8	42.6	140.0	46.0	43.2	42.9	flash	
2026-09-01T06:01:30	0.597	18	30.1667	0.0	36.0	41.8	42.8	180.0	56.0	44.0	42.9	flash	
2026-09-01T06:02:00	0.823	24	29.1611	0.0	48.0	43.6	42.9	140.0	54.0	45.4	43.0	flash	
2026-09-01T06:02:30	0.530	16	30.1667	20.0	32.0	43.2	42.9	100.0	52.0	44.2	43.0	flash	
2026-09-01T06:03:00	0.597	18	30.1667	120.0	36.0	44.2	42.9	120.0	36.0	44.6	42.9	flash	
2026-09-01T06:03:30	0.564	17	30.1667	120.0	34.0	42.0	42.8	120.0	46.0	45.0	42.9	flash	
2026-09-01T06:04:00	0.630	19	30.1667	20.0	38.0	42.0	42.9	120.0	50.0	43.6	43.0	flash	
2026-09-01T06:04:30	0.597	18	30.1667	40.0	36.0	40.4	42.7	200.0	38.0	41.6	42.9	flash	
2026-09-01T06:05:00	0.514	15	29.1611	100.0	34.0	36.4	42.5	120.0	40.0	40.6	42.8	flash	
2026-09-01T06:05:30	0.464	14	30.1667	0.0	28.0	36.0	42.1	100.0	38.0	37.0	42.5	flash	
2026-09-01T06:06:00	0.729	22	30.1667	20.0	44.0	36.2	41.8	100.0	50.0	37.0	42.2	flash	
2026-09-01T06:06:30	0.464	14	30.1667	0.0	28.0	35.4	41.5	140.0	38.0	36.2	41.8	flash	
2026-09-01T06:07:00	0.564	17	30.1667	0.0	34.0	34.0	41.4	180.0	42.0	36.0	41.6	flash	
2026-09-01T06:07:30	0.497	15	30.1667	40.0	30.0	33.8	41.2	100.0	44.0	34.2	41.3	flash	
2026-09-01T06:08:00	0.720	21	29.1611	0.0	44.0	34.8	41.3	180.0	46.0	35.6	41.3	flash	
2026-09-01T06:08:30	0.630	19	30.1667	40.0	38.0	34.8	41.3	120.0	52.0	35.6	41.4	flash	
2026-09-01T06:09:00	0.564	17	30.1667	0.0	34.0	34.4	41.2	140.0	42.0	35.2	41.3	flash	
2026-09-01T06:09:30	0.630	19	30.1667	40.0	38.0	35.0	41.3	120.0	52.0	35.8	41.3	flash	
2026-09-01T06:10:00	0.265	8	30.1667	0.0	16.0	33.2	41.1	100.0	38.0	34.8	41.3	flash	
2026-09-01T06:10:30	0.729	22	30.1667	0.0	44.0	34.8	41.2	160.0	54.0	35.8	41.3	flash	
2026-09-01T06:11:00	0.377	11	29.1611	20.0	22.0	32.6	41.1	60.0	46.0	34.4	41.3	flash	
2026-09-01T06:11:30	0.762	23	30.1667	100.0	46.0	34.4	41.0	120.0	46.0	34.4	41.1	flash	
2026-09-01T06:12:00	0.630	19	30.1667	40.0	38.0	34.8	41.1	100.0	62.0	36.0	41.2	flash	
2026-09-01T06:12:30	0.564	17	30.1667	0.0	34.0	35.4	41.1	120.0	44.0	36.8	41.2	flash	
2026-09-01T06:13:00	0.298	9	30.1667	40.0	18.0	32.8	40.8	80.0	38.0	35.6	41.2	flash	
2026-09-01T06:13:30	0.331	10	30.1667	20.0	20.0	31.0	40.7	80.0	24.0	33.0	40.8	flash	
2026-09-01T06:14:00	0.960	28	29.1611	0.0	56.0	33.2	41.0	140.0	60.0	35.4	41.1	flash	
2026-09-01T06:14:30	0.497	15	30.1667	40.0	30.0	32.4	41.1	140.0	56.0	33.4	41.2	flash	
2026-09-01T06:15:00	0.564	17	30.1667	0.0	34.0	34.2	40.9	120.0	44.0	35.2	41.2	flash	
2026-09-01T06:15:30	0.796	24	30.1667	140.0	48.0	34.6	41.0	140.0	48.0	35.0	41.0	flash	
2026-09-01T06:16:00	0.762	23	30.1667	20.0	46.0	37.0	41.1	100.0	62.0	37.0	41.2	flash	
2026-09-01T06:16:30	0.464	14	30.1667	0.0	28.0	35.2	41.2	100.0	44.0	37.6	41.2	flash	
2026-09-01T06:17:00	0.447	13	29.1	20.0	26.0	34.0	40.6	80.0	32.0	34.6	41.2	flash	
2026-09-01T06:17:30	0.467	14	30	80.0	28.0	33.4	40.7	140.0	28.0	34.0	40.7	flash	
2026-09-01T06:18:00	0.767	23	30	40.0	46.0	36.2	40.8	140.0	60.0	36.6	40.8	flash	
2026-09-01T06:18:30	0.267	8	30	0.0	16.0	35.8	40.6	100.0	42.0	36.4	40.8	flash	
2026-09-01T06:19:00	0.433	13	30	20.0	26.0	32.8	40.5	180.0	36.0	36.0	40.7	flash	
2026-09-01T06:19:30	0.567	17	30	0.0	34.0	33.2	40.5	160.0	42.0	35.8	40.7	flash	
2026-09-01T06:20:00	0.797	24	30.1222	40.0	48.0	34.6	40.5	120.0	48.0	34.6	40.6	flash	
2026-09-01T06:20:30	0.626	19	30.3333	20.0	38.0	34.2	40.5	140.0	54.0	35.4	40.5	flash	
2026-09-01T06:21:00	0.626	19	30.3333	0.0	38.0	32.8	40.7	180.0	48.0	34.0	40.7	flash	
2026-09-01T06:21:30	0.546	16	29.3222	140.0	32.0	33.2	40.5	140.0	42.0	33.2	40.7	flash	
2026-09-01T06:22:00	0.560	17	30.3333	60.0	34.0	34.0	40.6	140.0	46.0	34.0	40.7	flash	
2026-09-01T06:22:30	0.527	16	30.3333	60.0	32.0	34.4	40.3	140.0	34.0	35.6	40.6	flash	
2026-09-01T06:23:00	0.683	20	29.2722	60.0	42.0	33.8	40.6	100.0	44.0	34.6	40.6	flash	
2026-09-01T06:23:30	0.530	16	30.1667	20.0	32.0	35.4	40.7	120.0	44.0	35.4	40.7	flash	
2026-09-01T06:24:00	0.696	21	30.1667	0.0	42.0	37.0	40.9	160.0	44.0	37.2	40.9	flash	
2026-09-01T06:24:30	0.829	25	30.1667	40.0	50.0	38.6	41.1	140.0	62.0	38.6	41.1	flash	
2026-09-01T06:25:00	0.331	10	30.1667	60.0	20.0	35.8	41.0	100.0	50.0	38.8	41.1	flash	
2026-09-01T06:25:30	0.597	18	30.1667	120.0	36.0	35.6	41.0	120.0	40.0	36.2	41.1	flash	
2026-09-01T06:26:00	0.412	12	29.1167	0.0	36.0	34.2	40.7	180.0	42.0	36.6	41.1	flash	
2026-09-01T06:26:30	0.900	27	30	40.0	54.0	36.8	40.9	160.0	54.0	37.6	40.9	flash	
2026-09-01T06:27:00	0.533	16	30	100.0	32.0	36.6	40.8	120.0	60.0	37.8	40.9	flash	
2026-09-01T06:27:30	0.733	22	30	60.0	44.0	37.6	40.9	140.0	52.0	37.8	40.9	flash	
2026-09-01T06:28:00	0.633	19	30	20.0	38.0	37.4	40.8	140.0	50.0	38.2	41.0	flash	
2026-09-01T06:28:30	0.800	24	30	20.0	48.0	39.0	40.8	120.0	56.0	39.4	41.0	flash	
2026-09-01T06:29:00	0.865	26	30.0444	20.0	52.0	39.8	40.5	200.0	62.0	41.2	41.0	flash	
2026-09-01T06:29:30	0.597	18	30.1667	40.0	36.0	38.6	40.1	120.0	50.0	40.0	40.6	flash	
2026-09-01T06:30:00	0.630	19	30.1667	80.0	38.0	40.6	40.0	100.0	48.0	40.8	40.2	flash	
2026-09-01T06:30:30	0.597	18	30.1667	40.0	36.0	41.4	39.5	120.0	46.0	41.6	40.0	flash	
2026-09-01T06:31:00	0.398	12	30.1667	20.0	24.0	40.2	38.2	160.0	36.0	40.8	39.4	flash	
2026-09-01T06:31:30	0.663	20	30.1667	20.0	40.0	38.8	37.9	240.0	52.0	42.6	38.4	flash	
2026-09-01T06:32:00	0.892	26	29.1611	60.0	52.0	40.8	37.7	140.0	54.0	41.6	37.9	flash	
2026-09-01T06:32:30	0.862	26	30.1667	0.0	52.0	41.6	37.7	100.0	64.0	43.0	37.8	flash	
2026-09-01T06:33:00	0.232	7	30.1667	60.0	14.0	39.2	37.6	60.0	50.0	41.4	37.7	flash	
2026-09-01T06:33:30	0.630	19	30.1667	20.0	38.0	38.2	37.5	140.0	44.0	39.0	37.7	flash	
2026-09-01T06:34:00	0.431	13	30.1667	0.0	26.0	35.6	37.5	100.0	38.0	38.0	37.6	flash	
2026-09-01T06:34:30	0.298	9	30.1667	0.0	18.0	33.8	37.3	80.0	28.0	35.8	37.5	flash	
2026-09-01T06:35:00	0.514	15	29.1611	20.0	30.0	33.0	36.9	80.0	36.0	34.4	37.3	flash	
2026-09-01T06:35:30	0.796	24	30.1667	20.0	48.0	34.6	37.1	140.0	48.0	34.6	37.1	flash	
2026-09-01T06:36:00	0.530	16	30.1667	20.0	32.0	35.2	37.2	140.0	54.0	36.2	37.3	flash	
2026-09-01T06:36:30	0.630	19	30.1667	20.0	38.0	34.8	37.1	100.0	40.0	35.4	37.2	flash	
2026-09-01T06:37:00	0.762	23	30.1667	40.0	46.0	34.2	37.3	160.0	50.0	36.2	37.3	flash	
2026-09-01T06:37:30	0.895	27	30.1667	0.0	54.0	34.4	37.5	180.0	62.0	34.8	37.6	flash	
2026-09-01T06:38:00	0.720	21	29.1611	0.0	42.0	37.8	37.4	100.0	64.0	37.8	37.7	flash	
2026-09-01T06:38:30	0.597	18	30.1667	20.0	36.0	37.0	37.5	140.0	42.0	38.0	37.5	flash	
2026-09-01T06:39:00	0.365	11	30.1667	0.0	22.0	36.6	37.3	80.0	52.0	38.8	37.5	flash	
2026-09-01T06:39:30	1.028	31	30.1667	120.0	62.0	41.0	37.6	200.0	62.0	41.0	37.6	flash	
2026-09-01T06:40:00	0.829	25	30.1667	60.0	50.0	43.0	37.5	220.0	62.0	43.0	37.6	flash	
2026-09-01T06:40:30	0.829	25	30.1667	60.0	50.0	43.2	37.5	140.0	66.0	43.4	37.6	flash	
2026-09-01T06:41:00	0.720	21	29.1611	40.0	44.0	44.4	37.6	120.0	58.0	44.4	37.7	flash	
2026-09-01T06:41:30	0.630	19	30.1667	0.0	38.0	44.2	37.7	140.0	54.0	46.2	37.8	flash	
2026-09-01T06:42:00	0.497	15	30.1667	40.0	30.0	42.8	37.8	60.0	42.0	44.8	37.8	flash	
2026-09-01T06:42:30	0.630	19	30.1667	260.0	38.0	41.0	37.5	260.0	38.0	42.6	37.8	flash	
2026-09-01T06:43:00	0.729	22	30.1667	20.0	44.0	41.2	37.7	180.0	68.0	42.0	37.8	flash	
2026-09-01T06:43:30	0.630	19	30.1667	80.0	38.0	41.4	37.7	140.0	50.0	43.0	37.9	flash	
2026-09-01T06:44:00	1.097	32	29.1611	160.0	66.0	45.6	37.7	260.0	66.0	45.6	37.9	flash	
2026-09-01T06:44:30	0.497	15	30.1667	20.0	30.0	42.6	37.5	160.0	72.0	46.2	37.7	flash	
2026-09-01T06:45:00	0.663	20	30.1667	40.0	40.0	41.6	37.4	200.0	44.0	44.8	37.6	flash	
2026-09-01T06:45:30	0.464	14	30.1667	0.0	28.0	39.4	37.4	100.0	46.0	42.4	37.6	flash	
2026-09-01T06:46:00	0.497	15	30.1667	0.0	30.0	38.0	37.3	120.0	38.0	40.2	37.5	flash	
2026-09-01T06:46:30	0.597	18	30.1667	0.0	36.0	37.8	37.2	220.0	36.0	38.0	37.3	flash	
2026-09-01T06:47:00	0.754	22	29.1611	20.0	44.0	39.6	37.3	140.0	62.0	39.6	37.5	flash	
2026-09-01T06:47:30	0.961	29	30.1667	140.0	58.0	41.8	37.6	160.0	58.0	42.6	37.6	flash	
2026-09-01T06:48:00	0.961	29	30.1667	0.0	58.0	42.6	37.9	240.0	82.0	44.0	38.0	flash	
2026-09-01T06:48:30	0.497	15	30.1667	20.0	30.0	42.0	37.6	140.0	50.0	42.8	37.9	flash	
2026-09-01T06:49:00	0.895	27	30.1667	0.0	54.0	40.8	37.8	140.0	58.0	42.8	38.0	flash	
2026-09-01T06:49:30	1.028	31	30.1667	40.0	62.0	44.0	37.9	160.0	62.0	44.2	37.9	flash	
2026-09-01T06:50:00	0.412	12	29.1611	0.0	24.0	42.4	37.4	140.0	62.0	43.6	37.9	flash	
2026-09-01T06:50:30	0.729	22	30.1667	0.0	44.0	44.0	37.5	260.0	58.0	44.0	37.6	flash	
2026-09-01T06:51:00	0.232	7	30.1667	0.0	14.0	42.4	37.3	40.0	50.0	44.0	37.6	flash	
2026-09-01T06:51:30	0.696	21	30.1667	40.0	42.0	43.0	37.3	220.0	44.0	45.2	37.4	flash	
2026-09-01T06:52:00	0.530	16	30.1667	0.0	32.0	41.8	37.2	100.0	36.0	44.0	37.4	flash	
2026-09-01T06:52:30	0.630	19	30.1667	0.0	38.0	39.8	37.2	140.0	46.0	42.4	37.3	flash	
2026-09-01T06:53:00	0.309	9	29.1611	0.0	18.0	35.8	37.1	80.0	38.0	39.0	37.2	flash	
2026-09-01T06:53:30	0.796	24	30.1667	20.0	48.0	37.6	37.2	120.0	50.0	37.8	37.3	flash	
2026-09-01T06:54:00	0.331	10	30.1667	20.0	20.0	34.2	37.0	80.0	48.0	37.6	37.2	flash	
2026-09-01T06:54:30	0.729	22	30.1667	60.0	44.0	32.4	37.1	120.0	44.0	35.2	37.3	flash	
2026-09-01T06:55:00	0.762	23	30.1667	80.0	46.0	34.6	37.2	200.0	56.0	35.6	37.4	flash	
2026-09-01T06:55:30	0.232	7	30.1667	20.0	14.0	31.6	37.1	100.0	52.0	35.2	37.3	flash	
2026-09-01T06:56:00	0.928	28	30.1667	80.0	56.0	35.8	37.2	200.0	56.0	35.8	37.2	flash	
2026-09-01T06:56:30	0.686	20	29.1611	20.0	44.0	35.6	37.3	140.0	66.0	35.8	37.5	flash	
2026-09-01T06:57:00	0.762	23	30.1667	0.0	46.0	37.0	37.5	100.0	50.0	37.6	37.6	flash	
2026-09-01T06:57:30	1.094	33	30.1667	100.0	66.0	39.8	37.8	160.0	66.0	39.8	37.8	flash	
2026-09-01T06:58:00	0.298	9	30.1667	0.0	18.0	39.8	37.6	120.0	68.0	41.2	37.8	flash	
2026-09-01T06:58:30	0.597	18	30.1667	20.0	36.0	38.6	37.6	120.0	36.0	40.2	37.6	flash	
2026-09-01T06:59:00	0.663	20	30.1667	60.0	40.0	40.6	37.6	120.0	50.0	40.6	37.7	flash	
2026-09-01T06:59:30	0.377	11	29.1611	60.0	22.0	38.6	37.5	100.0	46.0	40.6	37.6	flash	
2026-09-01T07:00:00	0.829	25	30.1667	0.0	50.0	38.8	37.8	300.0	60.0	40.0	37.9	flash	
2026-09-01T07:00:30	0.497	15	30.1667	40.0	30.0	40.6	37.7	80.0	48.0	40.6	37.8	flash	
2026-09-01T07:01:00	0.597	18	30.1667	60.0	36.0	38.8	37.8	140.0	42.0	40.8	37.8	flash	
2026-09-01T07:01:30	0.265	8	30.1667	0.0	16.0	36.0	37.5	80.0	38.0	38.8	37.8	flash	
2026-09-01T07:02:00	0.696	21	30.1667	20.0	42.0	35.6	37.5	160.0	42.0	36.8	37.6	flash	
2026-09-01T07:02:30	0.549	16	29.1611	0.0	32.0	33.0	37.5	160.0	42.0	36.6	37.6	flash	
2026-09-01T07:03:00	0.829	25	30.1667	40.0	50.0	35.4	37.8	160.0	50.0	35.4	37.9	flash	
2026-09-01T07:03:30	0.265	8	30.1667	0.0	16.0	33.6	37.8	80.0	52.0	36.0	37.9	flash	
2026-09-01T07:04:00	0.431	13	30.1667	0.0	26.0	32.0	37.5	140.0	28.0	34.6	37.8	flash	
2026-09-01T07:04:30	0.431	13	30.1667	0.0	26.0	32.4	37.5	80.0	30.0	33.2	37.6	flash	
2026-09-01T07:05:00	0.663	20	30.1667	0.0	40.0	31.4	37.5	200.0	44.0	32.6	37.5	flash	
2026-09-01T07:05:30	0.549	16	29.1611	20.0	32.0	31.8	37.4	80.0	52.0	32.6	37.6	flash	
2026-09-01T07:06:00	0.530	16	30.1667	20.0	32.0	31.2	37.2	140.0	34.0	32.4	37.4	flash	
2026-09-01T07:06:30	0.564	17	30.1667	0.0	34.0	33.0	37.3	180.0	44.0	33.0	37.3	flash	
2026-09-01T07:07:00	0.696	21	30.1667	60.0	42.0	33.0	37.4	160.0	42.0	33.2	37.4	flash	
2026-09-01T07:07:30	0.497	15	30.1667	60.0	30.0	32.8	37.5	120.0	54.0	33.8	37.6	flash	
2026-09-01T07:08:00	0.265	8	30.1667	0.0	16.0	29.4	37.2	60.0	32.0	32.4	37.4	flash	
2026-09-01T07:08:30	0.823	24	29.1611	0.0	48.0	32.6	37.5	160.0	50.0	32.6	37.5	flash	
2026-09-01T07:09:00	0.829	25	30.1667	100.0	50.0	35.0	37.7	140.0	58.0	35.0	37.7	flash	
2026-09-01T07:09:30	0.464	14	30.1667	20.0	28.0	35.2	37.7	140.0	58.0	35.8	37.7	flash	
2026-09-01T07:10:00	0.530	16	30.1667	0.0	32.0	34.4	37.5	100.0	36.0	36.4	37.7	flash	
2026-09-01T07:10:30	0.597	18	30.1667	100.0	36.0	34.8	37.5	160.0	36.0	35.0	37.5	flash	
2026-09-01T07:11:00	0.464	14	30.1667	0.0	28.0	34.4	37.4	60.0	48.0	35.6	37.6	flash	
2026-09-01T07:11:30	0.344	10	29.0278	0.0	20.0	33.0	37.3	80.0	26.0	34.4	37.4	flash	
2026-09-01T07:12:00	0.467	14	30	40.0	28.0	31.6	37.2	100.0	34.0	34.4	37.3	flash	
2026-09-01T07:12:30	0.467	14	30	20.0	28.0	31.6	37.2	100.0	40.0	32.8	37.3	flash	
2026-09-01T07:13:00	0.367	11	30	0.0	22.0	32.0	37.0	100.0	28.0	32.2	37.2	flash	
2026-09-01T07:13:30	0.700	21	30	40.0	42.0	31.4	37.1	120.0	42.0	32.6	37.1	flash	
2026-09-01T07:14:00	0.500	15	30	0.0	30.0	30.4	37.0	140.0	42.0	32.0	37.2	flash	
2026-09-01T07:14:30	1.090	33	30.2667	100.0	66.0	33.2	37.1	160.0	66.0	33.2	37.1	flash	
2026-09-01T07:15:00	0.626	19	30.3333	20.0	38.0	33.8	37.3	140.0	74.0	34.4	37.4	flash	
2026-09-01T07:15:30	0.560	17	30.3333	20.0	34.0	33.6	37.3	180.0	48.0	36.2	37.5	flash	
2026-09-01T07:16:00	0.648	19	29.3222	20.0	40.0	34.6	37.4	160.0	40.0	35.0	37.4	flash	
2026-09-01T07:16:30	0.659	20	30.3333	20.0	40.0	36.6	37.3	240.0	44.0	37.0	37.4	flash	
2026-09-01T07:17:00	0.527	16	30.3333	0.0	32.0	37.0	37.3	140.0	58.0	38.4	37.4	flash	
2026-09-01T07:17:30	0.791	23	29.0778	180.0	46.0	38.8	37.3	180.0	46.0	38.8	37.3	flash	
2026-09-01T07:18:00	1.100	33	30	100.0	66.0	43.2	37.6	200.0	74.0	43.2	37.6	flash	
2026-09-01T07:18:30	0.600	18	30	40.0	36.0	42.6	37.5	100.0	64.0	42.8	37.6	flash	
2026-09-01T07:19:00	0.700	21	30	120.0	42.0	43.8	37.4	140.0	44.0	43.8	37.4	flash	
2026-09-01T07:19:30	0.600	18	30	0.0	36.0	41.4	37.4	120.0	62.0	44.8	37.5	flash	
2026-09-01T07:20:00	0.467	14	30	40.0	28.0	40.0	37.3	100.0	38.0	41.0	37.4	flash	
2026-09-01T07:20:30	0.598	18	30.1222	0.0	36.0	40.2	37.3	100.0	52.0	40.4	37.3	flash	
2026-09-01T07:21:00	0.696	21	30.1667	20.0	42.0	40.4	37.5	180.0	58.0	42.8	37.6	flash	
2026-09-01T07:21:30	0.796	24	30.1667	0.0	48.0	41.2	37.5	100.0	50.0	41.6	37.6	flash	
2026-09-01T07:22:00	0.961	29	30.1667	0.0	58.0	43.8	37.6	140.0	60.0	44.0	37.6	flash	
2026-09-01T07:22:30	0.796	24	30.1667	140.0	48.0	44.0	37.5	140.0	62.0	45.0	37.6	flash	
2026-09-01T07:23:00	0.630	19	30.1667	60.0	38.0	41.2	37.8	180.0	50.0	43.8	37.8	flash	
2026-09-01T07:23:30	0.410	12	29.2778	0.0	24.0	40.0	37.6	100.0	40.0	41.6	37.8	flash	
2026-09-01T07:24:00	0.429	13	30.3333	0.0	26.0	38.4	37.6	100.0	32.0	40.6	37.7	flash	
2026-09-01T07:24:30	0.725	22	30.3333	0.0	44.0	39.2	37.9	120.0	50.0	39.4	38.0	flash	
2026-09-01T07:25:00	0.239	7	29.3222	40.0	14.0	37.8	37.7	80.0	36.0	39.2	37.9	flash	
2026-09-01T07:25:30	0.495	15	30.3333	40.0	30.0	37.2	37.6	60.0	30.0	38.2	37.7	flash	
2026-09-01T07:26:00	0.495	15	30.3333	0.0	30.0	36.0	37.5	120.0	36.0	37.0	37.6	flash	
2026-09-01T07:26:30	0.550	16	29.1111	0.0	32.0	34.4	37.5	100.0	44.0	36.4	37.6	flash	
2026-09-01T07:27:00	0.667	20	30	60.0	40.0	32.6	37.4	100.0	40.0	34.4	37.5	flash	
2026-09-01T07:27:30	1.033	31	30	60.0	62.0	34.0	37.5	220.0	68.0	35.4	37.6	flash	
2026-09-01T07:28:00	0.600	18	30	20.0	36.0	33.8	37.4	120.0	62.0	34.6	37.5	flash	
2026-09-01T07:28:30	0.400	12	30	0.0	24.0	33.8	37.3	100.0	42.0	35.4	37.6	flash	
2026-09-01T07:29:00	0.400	12	30	20.0	24.0	33.6	37.3	80.0	28.0	34.2	37.4	flash	
2026-09-01T07:29:30	0.830	25	30.1056	0.0	50.0	34.2	37.2	160.0	54.0	34.2	37.4	flash	
2026-09-01T07:30:00	0.365	11	30.1667	0.0	22.0	35.0	37.0	80.0	50.0	35.8	37.3	flash	
2026-09-01T07:30:30	0.365	11	30.1667	0.0	22.0	34.2	36.7	80.0	28.0	35.2	37.0	flash	
2026-09-01T07:31:00	0.663	20	30.1667	20.0	40.0	35.2	36.6	160.0	40.0	36.4	36.7	flash	
2026-09-01T07:31:30	0.928	28	30.1667	100.0	56.0	37.6	36.8	160.0	58.0	37.6	36.8	flash	
2026-09-01T07:32:00	0.663	20	30.1667	40.0	40.0	37.6	36.9	140.0	66.0	39.0	37.0	flash	
2026-09-01T07:32:30	0.377	11	29.1611	20.0	22.0	33.6	36.8	60.0	42.0	37.4	37.0	flash	
2026-09-01T07:33:00	0.464	14	30.1667	40.0	28.0	32.8	36.6	120.0	30.0	33.8	36.8	flash	
2026-09-01T07:33:30	0.928	28	30.1667	20.0	56.0	36.0	36.8	140.0	68.0	36.0	36.9	flash	
2026-09-01T07:34:00	0.895	27	30.1667	60.0	54.0	39.0	36.7	140.0	62.0	39.0	36.9	flash	
2026-09-01T07:34:30	0.663	20	30.1667	40.0	40.0	38.0	36.8	120.0	58.0	39.4	36.8	flash	
2026-09-01T07:35:00	0.564	17	30.1667	40.0	34.0	39.2	36.7	80.0	48.0	39.2	36.9	flash	
2026-09-01T07:35:30	0.583	17	29.1611	20.0	36.0	40.4	36.8	100.0	38.0	40.4	36.8	flash	
2026-09-01T07:36:00	0.829	25	30.1667	40.0	50.0	41.6	37.0	120.0	50.0	41.8	37.0	flash	
2026-09-01T07:36:30	0.497	15	30.1667	20.0	30.0	38.8	36.9	100.0	54.0	42.4	37.1	flash	
2026-09-01T07:37:00	0.762	23	30.1667	100.0	46.0	39.4	36.9	100.0	46.0	40.2	37.1	flash	
2026-09-01T07:37:30	1.028	31	30.1667	40.0	62.0	43.4	37.0	180.0	68.0	43.6	37.1	flash	
2026-09-01T07:38:00	0.762	23	30.1667	40.0	46.0	45.2	36.9	140.0	74.0	45.4	37.0	flash	
2026-09-01T07:38:30	0.686	20	29.1611	0.0	40.0	43.8	37.0	160.0	58.0	44.6	37.0	flash	
2026-09-01T07:39:00	0.762	23	30.1667	0.0	46.0	43.4	36.9	120.0	52.0	44.0	37.0	flash	
2026-09-01T07:39:30	0.597	18	30.1667	20.0	36.0	42.6	36.6	120.0	48.0	43.6	37.0	flash	
2026-09-01T07:40:00	0.696	21	30.1667	0.0	42.0	43.4	36.8	120.0	44.0	43.6	36.9	flash	
2026-09-01T07:40:30	0.331	10	30.1667	0.0	20.0	41.8	36.6	120.0	42.0	43.4	36.8	flash	
2026-09-01T07:41:00	0.331	10	30.1667	0.0	20.0	38.8	36.6	100.0	30.0	42.4	36.7	flash	
2026-09-01T07:41:30	0.549	16	29.1611	0.0	32.0	39.2	36.5	100.0	34.0	40.0	36.6	flash	
2026-09-01T07:42:00	0.895	27	30.1667	40.0	54.0	40.0	36.7	240.0	54.0	41.0	36.8	flash	
2026-09-01T07:42:30	0.762	23	30.1667	80.0	46.0	38.2	36.8	140.0	54.0	40.6	36.9	flash	
2026-09-01T07:43:00	0.497	15	30.1667	20.0	30.0	36.6	36.9	100.0	46.0	38.2	37.0	flash	
2026-09-01T07:43:30	0.928	28	30.1667	60.0	56.0	38.2	37.0	220.0	60.0	39.2	37.1	flash	
2026-09-01T07:44:00	0.862	26	30.1667	0.0	52.0	38.8	37.3	180.0	78.0	40.4	37.4	flash	
2026-09-01T07:44:30	0.342	10	29.2398	20.0	20.0	37.2	37.1	40.0	38.0	38.8	37.3	flash	
2026-09-01T07:45:00	0.330	10	30.3352	60.0	20.0	35.0	36.8	80.0	22.0	37.4	37.1	flash	
2026-09-01T07:45:30	0.692	21	30.3352	140.0	42.0	37.2	37.1	140.0	42.0	37.2	37.1	flash	
2026-09-01T07:46:00	0.341	10	29.324	20.0	32.0	37.2	36.8	120.0	44.0	37.8	37.2	flash	
2026-09-01T07:46:30	0.824	25	30.3352	80.0	50.0	39.0	36.9	120.0	50.0	39.0	36.9	flash	
2026-09-01T07:47:00	0.659	20	30.3352	40.0	40.0	37.6	36.8	160.0	52.0	39.6	37.0	flash	
2026-09-01T07:47:30	0.855	25	29.251	120.0	50.0	38.2	36.7	120.0	50.0	38.2	36.8	flash	
2026-09-01T07:48:00	0.564	17	30.1667	20.0	34.0	38.4	36.8	80.0	56.0	39.0	36.8	flash	
2026-09-01T07:48:30	0.464	14	30.1667	40.0	28.0	35.8	36.7	60.0	38.0	38.8	36.9	flash	
2026-09-01T07:49:00	0.597	18	30.1667	60.0	36.0	34.0	36.7	140.0	38.0	36.4	36.8	flash	
2026-09-01T07:49:30	0.398	12	30.1667	0.0	24.0	34.4	36.7	80.0	34.0	34.8	36.8	flash	
2026-09-01T07:50:00	0.928	28	30.1667	40.0	56.0	38.0	36.8	200.0	56.0	38.4	36.9	flash	
2026-09-01T07:50:30	0.549	16	29.1611	0.0	36.0	38.2	36.8	140.0	56.0	38.6	36.9	flash	
2026-09-01T07:51:00	0.497	15	30.1667	0.0	30.0	38.0	36.7	140.0	40.0	38.4	36.9	flash	
2026-09-01T07:51:30	0.630	19	30.1667	0.0	38.0	37.4	36.9	180.0	50.0	37.8	36.9	flash	
2026-09-01T07:52:00	0.829	25	30.1667	0.0	50.0	37.8	37.0	140.0	62.0	39.0	37.1	flash	
2026-09-01T07:52:30	0.597	18	30.1667	20.0	36.0	36.4	37.1	120.0	56.0	38.8	37.2	flash	
2026-09-01T07:53:00	0.530	16	30.1667	20.0	32.0	36.2	36.9	100.0	34.0	36.4	37.0	flash	
2026-09-01T07:53:30	0.549	16	29.1611	0.0	32.0	37.0	37.0	100.0	42.0	37.0	37.0	flash	
2026-09-01T07:54:00	0.431	13	30.1667	20.0	26.0	35.8	37.0	100.0	34.0	37.4	37.1	flash	
2026-09-01T07:54:30	0.663	20	30.1667	40.0	40.0	37.2	37.2	100.0	42.0	37.2	37.2	flash	
2026-09-01T07:55:00	0.133	4	30.1667	0.0	8.0	32.8	36.9	40.0	40.0	37.2	37.2	flash	
2026-09-01T07:55:30	0.829	25	30.1667	100.0	50.0	34.2	37.0	100.0	50.0	34.2	37.0	flash	
2026-09-01T07:56:00	0.829	25	30.1667	20.0	50.0	36.2	37.2	140.0	60.0	36.2	37.2	flash	
2026-09-01T07:56:30	0.789	23	29.1611	60.0	48.0	37.0	37.3	160.0	64.0	37.6	37.3	flash	
2026-09-01T07:57:00	0.497	15	30.1667	80.0	30.0	35.0	37.2	80.0	56.0	37.2	37.5	flash	
2026-09-01T07:57:30	0.365	11	30.1667	40.0	22.0	33.8	37.2	60.0	32.0	35.0	37.3	flash	
2026-09-01T07:58:00	0.862	26	30.1667	40.0	52.0	35.6	37.5	180.0	52.0	35.8	37.5	flash	
2026-09-01T07:58:30	0.530	16	30.1667	100.0	32.0	35.6	37.3	160.0	44.0	35.6	37.5	flash	
2026-09-01T07:59:00	0.431	13	30.1667	0.0	26.0	35.6	37.1	100.0	54.0	36.8	37.4	flash	
2026-09-01T07:59:30	0.480	14	29.1611	40.0	28.0	34.4	37.1	140.0	30.0	36.4	37.2	flash	
2026-09-01T08:00:00	0.696	21	30.1667	40.0	42.0	37.8	37.2	160.0	44.0	37.8	37.2	flash	
2026-09-01T08:00:30	0.265	8	30.1667	0.0	16.0	34.6	37.0	80.0	42.0	37.8	37.2	flash	
2026-09-01T08:01:00	0.630	19	30.1667	20.0	38.0	33.4	37.1	140.0	48.0	35.2	37.1	flash	
2026-09-01T08:01:30	0.862	26	30.1667	100.0	52.0	33.8	37.4	140.0	52.0	35.2	37.4	flash	
2026-09-01T08:02:00	0.564	17	30.1667	20.0	34.0	34.2	37.5	140.0	60.0	35.4	37.6	flash	
2026-09-01T08:02:30	0.514	15	29.1611	20.0	32.0	35.4	37.5	160.0	36.0	36.0	37.6	flash	
2026-09-01T08:03:00	0.696	21	30.1667	40.0	42.0	34.4	37.7	140.0	52.0	36.0	37.8	flash	
2026-09-01T08:03:30	0.829	25	30.1667	20.0	50.0	35.8	37.8	200.0	52.0	37.6	37.8	flash	
2026-09-01T08:04:00	0.663	20	30.1667	20.0	40.0	37.2	37.9	140.0	56.0	37.2	37.9	flash	
2026-09-01T08:04:30	1.193	36	30.1667	120.0	72.0	41.6	37.9	180.0	76.0	41.6	38.2	flash	
2026-09-01T08:05:00	0.729	22	30.1667	40.0	44.0	41.8	38.0	200.0	72.0	42.0	38.0	flash	
2026-09-01T08:05:30	0.583	17	29.1611	40.0	38.0	43.6	38.0	80.0	58.0	44.4	38.0	flash	
2026-09-01T08:06:00	0.398	12	30.1667	40.0	24.0	42.2	37.9	120.0	34.0	43.6	38.0	flash	
2026-09-01T08:06:30	0.928	28	30.1667	20.0	56.0	43.0	38.0	140.0	68.0	43.8	38.0	flash	
2026-09-01T08:07:00	0.497	15	30.1667	0.0	30.0	42.4	38.0	140.0	56.0	42.6	38.0	flash	
2026-09-01T08:07:30	0.663	20	30.1667	0.0	40.0	43.2	37.9	120.0	52.0	43.4	38.1	flash	
2026-09-01T08:08:00	0.597	18	30.1667	80.0	36.0	42.6	37.6	120.0	40.0	42.6	37.9	flash	
2026-09-01T08:08:30	0.378	11	29.1278	0.0	26.0	39.8	37.5	140.0	52.0	42.8	37.7	flash	
2026-09-01T08:09:00	0.867	26	30	80.0	52.0	41.2	37.6	160.0	52.0	41.2	37.7	flash	
2026-09-01T08:09:30	0.467	14	30	40.0	28.0	37.2	37.5	140.0	54.0	41.0	37.6	flash	
2026-09-01T08:10:00	0.633	19	30	120.0	38.0	36.4	37.6	120.0	38.0	38.0	37.7	flash	
2026-09-01T08:10:30	0.533	16	30	0.0	32.0	35.8	37.6	200.0	52.0	37.8	37.8	flash	
2026-09-01T08:11:00	0.500	15	30	0.0	30.0	36.6	37.5	160.0	30.0	37.8	37.6	flash	
2026-09-01T08:11:30	0.433	13	30.0333	0.0	26.0	33.6	37.2	100.0	42.0	36.8	37.5	flash	
2026-09-01T08:12:00	0.630	19	30.1667	20.0	38.0	34.2	37.0	140.0	42.0	35.4	37.2	flash	
2026-09-01T08:12:30	0.729	22	30.1667	0.0	44.0	34.6	37.0	160.0	52.0	35.0	37.1	flash	
2026-09-01T08:13:00	0.895	27	30.1667	20.0	54.0	36.8	37.2	140.0	60.0	37.4	37.2	flash	
2026-09-01T08:13:30	0.564	17	30.1667	0.0	34.0	37.6	37.3	140.0	56.0	37.6	37.3	flash	
2026-09-01T08:14:00	0.564	17	30.1667	0.0	34.0	35.8	37.3	120.0	50.0	38.4	37.3	flash	
2026-09-01T08:14:30	0.755	22	29.1333	40.0	44.0	37.4	37.3	160.0	48.0	37.6	37.3	flash	
2026-09-01T08:15:00	0.600	18	30	120.0	36.0	37.2	37.6	140.0	52.0	38.2	37.6	flash	
2026-09-01T08:15:30	0.333	10	30	40.0	20.0	36.0	37.5	100.0	36.0	37.0	37.6	flash	
2026-09-01T08:16:00	1.100	33	30	20.0	66.0	39.6	37.8	260.0	70.0	39.6	37.9	flash	
2026-09-01T08:16:30	0.467	14	30	20.0	28.0	39.8	37.8	120.0	64.0	40.4	37.9	flash	
2026-09-01T08:17:00	0.767	23	30	120.0	46.0	40.6	37.8	160.0	48.0	42.0	38.0	flash	
2026-09-01T08:17:30	0.633	19	30.0222	80.0	38.0	40.0	37.6	160.0	46.0	41.4	37.9	flash	
2026-09-01T08:18:00	1.061	32	30.1667	60.0	64.0	41.0	37.9	200.0	66.0	41.2	37.9	flash	
2026-09-01T08:18:30	0.497	15	30.1667	0.0	30.0	40.6	37.9	80.0	72.0	42.0	38.0	flash	
2026-09-01T08:19:00	0.331	10	30.1667	60.0	20.0	39.2	37.9	60.0	30.0	40.6	38.0	flash	
2026-09-01T08:19:30	0.166	5	30.1667	0.0	10.0	35.8	37.5	40.0	24.0	39.4	37.9	flash	
2026-09-01T08:20:00	0.530	16	30.1667	0.0	32.0	35.4	37.6	120.0	34.0	36.8	37.7	flash	
2026-09-01T08:20:30	0.480	14	29.1611	40.0	28.0	36.2	37.7	100.0	34.0	36.4	37.7	flash	
2026-09-01T08:21:00	0.597	18	30.1667	120.0	36.0	33.2	37.6	120.0	36.0	36.0	37.7	flash	
2026-09-01T08:21:30	0.331	10	30.1667	0.0	20.0	32.4	37.3	120.0	52.0	34.0	37.7	flash	
2026-09-01T08:22:00	0.530	16	30.1667	0.0	32.0	31.0	37.2	180.0	34.0	32.4	37.4	flash	
2026-09-01T08:22:30	0.796	24	30.1667	20.0	48.0	32.0	37.4	140.0	48.0	32.8	37.5	flash	
2026-09-01T08:23:00	0.431	13	30.1667	100.0	26.0	28.2	37.4	100.0	52.0	32.0	37.5	flash	
2026-09-01T08:23:30	0.686	20	29.1611	80.0	46.0	29.2	37.3	100.0	48.0	29.2	37.4	flash	
2026-09-01T08:24:00	0.762	23	30.1667	60.0	46.0	32.0	37.2	180.0	64.0	32.2	37.4	flash	
2026-09-01T08:24:30	0.597	18	30.1667	0.0	36.0	34.4	37.2	100.0	48.0	34.4	37.2	flash	
2026-09-01T08:25:00	0.729	22	30.1667	40.0	44.0	35.6	37.3	100.0	46.0	35.6	37.3	flash	
2026-09-01T08:25:30	0.530	16	30.1667	40.0	32.0	36.0	37.2	120.0	56.0	37.2	37.4	flash	
2026-09-01T08:26:00	0.696	21	30.1667	40.0	42.0	36.6	37.1	120.0	46.0	37.8	37.2	flash	
2026-09-01T08:26:30	0.480	14	29.1611	0.0	28.0	37.4	37.1	100.0	44.0	37.4	37.2	flash	
2026-09-01T08:27:00	0.530	16	30.1667	0.0	32.0	37.4	37.0	120.0	54.0	39.0	37.2	flash	
2026-09-01T08:27:30	0.829	25	30.1667	80.0	50.0	37.6	36.9	120.0	50.0	39.2	37.0	flash	
2026-09-01T08:28:00	0.696	21	30.1667	60.0	42.0	39.8	36.8	160.0	50.0	39.8	36.9	flash	
2026-09-01T08:28:30	0.696	21	30.1667	20.0	42.0	39.4	36.8	200.0	52.0	40.2	36.9	flash	
2026-09-01T08:29:00	0.530	16	30.1667	60.0	32.0	38.0	36.7	120.0	46.0	39.4	36.9	flash	
2026-09-01T08:29:30	0.754	22	29.1611	20.0	50.0	38.8	36.8	160.0	54.0	39.2	36.8	flash	
2026-09-01T08:30:00	0.331	10	30.1667	0.0	20.0	36.4	36.6	120.0	44.0	38.8	36.8	flash	
2026-09-01T08:30:30	0.597	18	30.1667	40.0	36.0	37.0	36.7	140.0	40.0	37.2	36.8	flash	
2026-09-01T08:31:00	0.530	16	30.1667	20.0	32.0	35.8	36.8	120.0	36.0	38.2	36.9	flash	
2026-09-01T08:31:30	0.663	20	30.1667	20.0	40.0	37.0	36.9	180.0	42.0	37.6	36.9	flash	
2026-09-01T08:32:00	0.398	12	30.1667	20.0	24.0	36.2	36.6	60.0	54.0	37.2	36.9	flash	
2026-09-01T08:32:30	0.199	6	30.1667	0.0	12.0	32.4	36.3	40.0	22.0	35.8	36.6	flash	
2026-09-01T08:33:00	0.274	8	29.1611	20.0	16.0	30.2	36.1	40.0	18.0	32.4	36.3	flash	
2026-09-01T08:33:30	0.663	20	30.1667	0.0	40.0	29.6	36.0	140.0	44.0	31.6	36.3	flash	
2026-09-01T08:34:00	0.365	11	30.1667	20.0	22.0	29.2	35.7	80.0	40.0	29.8	36.0	flash	
2026-09-01T08:34:30	0.696	21	30.1667	40.0	42.0	28.4	35.9	180.0	46.0	29.0	35.9	flash	
2026-09-01T08:35:00	0.729	22	30.1667	200.0	44.0	30.8	36.1	200.0	60.0	30.8	36.2	flash	
2026-09-01T08:35:30	0.133	4	30.1667	0.0	8.0	28.0	35.8	180.0	48.0	31.0	36.2	flash	
2026-09-01T08:36:00	0.690	20	29.0056	40.0	40.0	29.0	36.0	120.0	40.0	29.0	36.0	flash	
2026-09-01T08:36:30	0.700	21	30	60.0	42.0	29.0	36.0	120.0	54.0	31.0	36.1	flash	
2026-09-01T08:37:00	0.667	20	30	100.0	40.0	30.6	35.9	100.0	46.0	30.8	35.9	flash	
2026-09-01T08:37:30	0.633	19	30	40.0	38.0	33.2	35.8	140.0	44.0	33.2	36.0	flash	
2026-09-01T08:38:00	0.500	15	30	0.0	30.0	34.8	35.8	100.0	44.0	35.0	35.8	flash	
2026-09-01T08:38:30	0.767	23	30	80.0	46.0	35.2	36.0	140.0	46.0	35.4	36.0	flash	
2026-09-01T08:39:00	0.464	14	30.1556	0.0	28.0	35.8	35.9	120.0	44.0	36.6	36.0	flash	
2026-09-01T08:39:30	0.530	16	30.1667	40.0	32.0	35.0	35.9	120.0	32.0	36.2	35.9	flash	
2026-09-01T08:40:00	0.431	13	30.1667	0.0	26.0	33.0	35.7	60.0	46.0	35.2	36.0	flash	
2026-09-01T08:40:30	0.564	17	30.1667	20.0	34.0	35.6	35.7	120.0	34.0	35.6	35.7	flash	
2026-09-01T08:41:00	0.564	17	30.1667	0.0	34.0	35.0	35.7	220.0	40.0	36.2	35.8	flash	
2026-09-01T08:41:30	0.398	12	30.1667	20.0	24.0	33.2	35.6	60.0	44.0	35.0	35.7	flash	
2026-09-01T08:42:00	0.309	9	29.1611	40.0	20.0	31.0	35.2	60.0	28.0	33.2	35.6	flash	
2026-09-01T08:42:30	0.497	15	30.1667	20.0	30.0	30.2	35.2	140.0	32.0	32.4	35.3	flash	
2026-09-01T08:43:00	0.994	30	30.1667	40.0	60.0	33.2	35.5	200.0	60.0	33.2	35.5	flash	
2026-09-01T08:43:30	0.597	18	30.1667	20.0	36.0	32.2	35.5	180.0	60.0	33.4	35.5	flash	
2026-09-01T08:44:00	0.464	14	30.1667	0.0	28.0	32.2	35.5	120.0	42.0	32.8	35.6	flash	
2026-09-01T08:44:30	0.564	17	30.1667	80.0	34.0	32.4	35.5	100.0	38.0	33.2	35.6	flash	
2026-09-01T08:45:00	1.235	36	29.1611	40.0	78.0	37.0	36.1	340.0	78.0	37.0	36.1	flash	
2026-09-01T08:45:30	1.193	36	30.1667	60.0	72.0	40.8	36.3	240.0	104.0	40.8	36.4	flash	
2026-09-01T08:46:00	0.961	29	30.1667	0.0	58.0	43.2	36.4	260.0	88.0	45.4	36.6	flash	
2026-09-01T08:46:30	0.365	11	30.1667	0.0	22.0	43.2	36.2	80.0	60.0	43.6	36.4	flash	
2026-09-01T08:47:00	0.630	19	30.1667	40.0	38.0	45.0	36.2	80.0	38.0	45.2	36.3	flash	
2026-09-01T08:47:30	0.696	21	30.1667	20.0	42.0	46.2	36.4	100.0	46.0	46.2	36.5	flash	
2026-09-01T08:48:00	0.823	24	29.1611	20.0	48.0	45.4	36.4	160.0	50.0	46.8	36.5	flash	
2026-09-01T08:48:30	0.796	24	30.1667	40.0	48.0	46.2	36.6	120.0	62.0	46.8	36.7	flash	
2026-09-01T08:49:00	0.564	17	30.1667	60.0	34.0	46.8	36.6	100.0	52.0	47.8	36.6	flash	
2026-09-01T08:49:30	0.663	20	30.1667	60.0	40.0	48.0	36.8	100.0	42.0	48.0	36.8	flash	
2026-09-01T08:50:00	0.729	22	30.1667	140.0	44.0	44.6	36.8	140.0	44.0	48.0	36.8	flash	
2026-09-01T08:50:30	0.796	24	30.1667	120.0	48.0	42.2	37.1	160.0	58.0	44.4	37.1	flash	
2026-09-01T08:51:00	0.823	24	29.1611	40.0	50.0	41.2	37.2	160.0	70.0	43.6	37.3	flash	
2026-09-01T08:51:30	0.464	14	30.1667	20.0	28.0	41.8	37.0	80.0	48.0	42.2	37.2	flash	
2026-09-01T08:52:00	0.564	17	30.1667	20.0	34.0	41.4	37.0	100.0	38.0	42.4	37.0	flash	
2026-09-01T08:52:30	1.061	32	30.1667	60.0	64.0	43.6	37.3	160.0	64.0	43.8	37.3	flash	
2026-09-01T08:53:00	0.232	7	30.1667	0.0	14.0	40.2	37.0	60.0	64.0	43.6	37.2	flash	
2026-09-01T08:53:30	0.895	27	30.1667	0.0	54.0	40.8	37.1	180.0	54.0	41.4	37.2	flash	
2026-09-01T08:54:00	0.686	20	29.1611	40.0	40.0	41.4	37.1	140.0	56.0	42.0	37.1	flash	
2026-09-01T08:54:30	0.928	28	30.1667	120.0	56.0	43.4	37.0	140.0	62.0	43.4	37.1	flash	
2026-09-01T08:55:00	0.298	9	30.1667	20.0	18.0	40.8	36.7	100.0	58.0	43.2	36.9	flash	
2026-09-01T08:55:30	0.928	28	30.1667	0.0	56.0	41.4	36.9	200.0	58.0	43.0	36.9	flash	
2026-09-01T08:56:00	0.762	23	30.1667	40.0	46.0	41.0	37.1	160.0	56.0	41.4	37.1	flash	
2026-09-01T08:56:30	0.762	23	30.1667	80.0	46.0	42.8	37.0	220.0	56.0	42.8	37.1	flash	
2026-09-01T08:57:00	0.343	10	29.1611	0.0	20.0	41.4	36.9	100.0	46.0	42.8	37.0	flash	
2026-09-01T08:57:30	0.597	18	30.1667	20.0	36.0	38.6	36.8	120.0	44.0	42.0	37.0	flash	
2026-09-01T08:58:00	0.199	6	30.1667	0.0	12.0	38.4	36.6	80.0	32.0	39.0	36.9	flash	
2026-09-01T08:58:30	0.729	22	30.1667	60.0	44.0	37.4	36.8	140.0	44.0	38.8	36.8	flash	
2026-09-01T08:59:00	0.365	11	30.1667	20.0	22.0	35.6	36.5	120.0	54.0	38.6	37.0	flash	
2026-09-01T08:59:30	0.464	14	30.1667	60.0	28.0	32.8	36.5	100.0	28.0	35.6	36.5	flash	
2026-09-01T09:00:00	0.206	6	29.1611	0.0	14.0	32.4	36.3	60.0	30.0	32.8	36.5	flash	
2026-09-01T09:00:30	0.895	27	30.1667	20.0	54.0	32.0	36.5	140.0	54.0	33.4	36.5	flash	
2026-09-01T09:01:00	0.829	25	30.1667	20.0	50.0	32.4	36.7	160.0	54.0	33.4	36.7	flash	
2026-09-01T09:01:30	0.630	19	30.1667	0.0	38.0	31.6	36.8	200.0	62.0	34.0	36.9	flash	
2026-09-01T09:02:00	0.597	18	30.1667	0.0	36.0	33.2	36.8	180.0	36.0	34.2	37.1	flash	
2026-09-01T09:02:30	0.630	19	30.1667	60.0	38.0	33.4	36.7	100.0	38.0	33.6	36.8	flash	
2026-09-01T09:03:00	0.480	14	29.1611	40.0	28.0	35.0	36.5	120.0	56.0	35.4	36.8	flash	
2026-09-01T09:03:30	0.530	16	30.1667	60.0	32.0	33.8	36.4	120.0	34.0	35.0	36.5	flash	
2026-09-01T09:04:00	0.530	16	30.1667	120.0	32.0	34.8	36.4	120.0	36.0	35.0	36.5	flash	
2026-09-01T09:04:30	0.762	23	30.1667	60.0	46.0	36.8	36.4	140.0	54.0	37.2	36.4	flash	
2026-09-01T09:05:00	0.564	17	30.1667	0.0	34.0	38.8	36.4	80.0	54.0	38.8	36.5	flash	
2026-09-01T09:05:30	0.464	14	30.1667	100.0	28.0	36.2	36.5	100.0	40.0	39.4	36.5	flash	
2026-09-01T09:06:00	0.206	6	29.1611	20.0	14.0	32.6	36.0	120.0	28.0	36.4	36.5	flash	
2026-09-01T09:06:30	0.398	12	30.1667	0.0	24.0	31.0	35.9	140.0	26.0	33.2	36.1	flash	
2026-09-01T09:07:00	0.961	29	30.1667	60.0	58.0	33.2	36.0	160.0	58.0	33.2	36.2	flash	
2026-09-01T09:07:30	0.994	30	30.1667	40.0	60.0	35.4	36.3	140.0	68.0	36.0	36.3	flash	
2026-09-01T09:08:00	0.464	14	30.1667	20.0	28.0	35.4	35.9	140.0	58.0	35.6	36.3	flash	
2026-09-01T09:08:30	0.696	21	30.1667	40.0	42.0	36.4	36.0	120.0	44.0	37.8	36.0	flash	
2026-09-01T09:09:00	0.413	12	29.0611	0.0	24.0	35.6	36.1	140.0	42.0	37.8	36.1	flash	
2026-09-01T09:09:30	0.667	20	30	0.0	40.0	35.2	36.4	200.0	50.0	37.4	36.4	flash	
2026-09-01T09:10:00	0.500	15	30	0.0	30.0	34.6	36.3	120.0	54.0	36.2	36.5	flash	
2026-09-01T09:10:30	0.733	22	30	0.0	44.0	36.4	36.5	220.0	46.0	37.8	36.6	flash	
2026-09-01T09:11:00	0.833	25	30	160.0	50.0	40.0	36.7	160.0	50.0	40.0	36.7	flash	
2026-09-01T09:11:30	0.367	11	30	20.0	22.0	39.8	36.7	180.0	52.0	40.8	36.7	flash	
2026-09-01T09:12:00	0.664	20	30.1	40.0	40.0	38.2	36.7	160.0	40.0	41.4	36.9	flash	
2026-09-01T09:12:30	0.530	16	30.1667	60.0	32.0	35.4	36.6	100.0	40.0	38.4	36.9	flash	
2026-09-01T09:13:00	0.464	14	30.1667	0.0	28.0	35.2	36.7	100.0	36.0	35.8	36.7	flash	
2026-09-01T09:13:30	0.663	20	30.1667	40.0	40.0	35.0	36.6	120.0	40.0	35.6	36.7	flash	
2026-09-01T09:14:00	0.663	20	30.1667	0.0	40.0	36.6	36.5	120.0	50.0	37.2	36.6	flash	
2026-09-01T09:14:30	0.530	16	30.1667	40.0	32.0	35.8	36.5	80.0	44.0	37.2	36.6	flash	
2026-09-01T09:15:00	0.686	20	29.1611	60.0	44.0	36.8	36.5	140.0	44.0	36.8	36.6	flash	
2026-09-01T09:15:30	0.431	13	30.1667	0.0	26.0	35.0	36.4	80.0	48.0	37.2	36.5	flash	
2026-09-01T09:16:00	1.028	31	30.1667	0.0	62.0	36.2	36.6	140.0	66.0	38.0	36.8	flash	
2026-09-01T09:16:30	0.497	15	30.1667	0.0	30.0	37.0	36.6	160.0	66.0	37.4	36.8	flash	
2026-09-01T09:17:00	0.497	15	30.1667	40.0	30.0	36.0	36.6	140.0	32.0	37.0	36.6	flash	
2026-09-01T09:17:30	0.464	14	30.1667	40.0	28.0	35.6	36.4	100.0	38.0	36.4	36.7	flash	
2026-09-01T09:18:00	0.377	11	29.1611	40.0	24.0	35.0	36.2	120.0	28.0	35.6	36.4	flash	
2026-09-01T09:18:30	0.796	24	30.1667	140.0	48.0	35.8	36.2	140.0	48.0	35.8	36.3	flash	
2026-09-01T09:19:00	0.464	14	30.1667	40.0	28.0	34.6	36.3	140.0	64.0	36.8	36.4	flash	
2026-09-01T09:19:30	0.564	17	30.1667	60.0	34.0	35.2	36.1	120.0	34.0	35.2	36.2	flash	
2026-09-01T09:20:00	0.564	17	30.1667	20.0	34.0	34.2	36.2	140.0	50.0	35.0	36.3	flash	
2026-09-01T09:20:30	0.497	15	30.1667	20.0	30.0	34.6	36.2	100.0	46.0	34.8	36.3	flash	
2026-09-01T09:21:00	0.960	28	29.1611	40.0	58.0	34.0	36.4	160.0	58.0	36.2	36.4	flash	
2026-09-01T09:21:30	0.530	16	30.1667	40.0	32.0	34.2	36.3	160.0	58.0	34.8	36.4	flash	
2026-09-01T09:22:00	1.260	38	30.1667	60.0	76.0	39.2	36.9	180.0	76.0	39.4	36.9	flash	
2026-09-01T09:22:30	1.127	34	30.1667	340.0	68.0	43.0	37.4	340.0	76.0	43.0	37.4	flash	
2026-09-01T09:23:00	1.326	40	30.1667	0.0	80.0	48.6	38.1	320.0	114.0	50.2	38.1	flash	
2026-09-01T09:23:30	1.293	39	30.1667	0.0	78.0	51.6	38.4	300.0	116.0	53.6	38.4	flash	
2026-09-01T09:24:00	0.514	15	29.1611	20.0	30.0	51.8	38.5	160.0	78.0	52.0	38.6	flash	
2026-09-01T09:24:30	0.895	27	30.1667	60.0	54.0	54.2	38.7	140.0	54.0	54.6	38.7	flash	
2026-09-01T09:25:00	0.895	27	30.1667	80.0	54.0	56.0	38.7	220.0	72.0	56.0	38.9	flash	
2026-09-01T09:25:30	0.497	15	30.1667	20.0	30.0	56.0	39.0	100.0	50.0	56.0	39.0	flash	
2026-09-01T09:26:00	0.630	19	30.1667	80.0	38.0	54.0	38.9	100.0	44.0	55.8	39.1	flash	
2026-09-01T09:26:30	0.729	22	30.1667	0.0	44.0	55.2	39.0	160.0	52.0	55.8	39.1	flash	
2026-09-01T09:27:00	0.343	10	29.1611	20.0	20.0	49.8	38.8	100.0	50.0	55.0	39.0	flash	
2026-09-01T09:27:30	0.663	20	30.1667	60.0	40.0	48.4	38.8	140.0	40.0	50.0	38.9	flash	
2026-09-01T09:28:00	0.497	15	30.1667	40.0	30.0	41.8	38.8	100.0	48.0	47.2	38.8	flash	
2026-09-01T09:28:30	0.961	29	30.1667	180.0	58.0	39.8	38.9	180.0	58.0	42.0	38.9	flash	
2026-09-01T09:29:00	0.398	12	30.1667	0.0	24.0	39.2	38.9	180.0	56.0	40.0	38.9	flash	
2026-09-01T09:29:30	0.862	26	30.1667	60.0	52.0	39.0	39.1	160.0	52.0	39.4	39.1	flash	
2026-09-01T09:30:00	0.549	16	29.1611	20.0	32.0	37.2	39.1	120.0	54.0	38.8	39.1	flash	
2026-09-01T09:30:30	0.796	24	30.1667	60.0	48.0	38.8	39.3	120.0	50.0	38.8	39.3	flash	
2026-09-01T09:31:00	0.331	10	30.1667	0.0	20.0	37.6	39.1	60.0	48.0	38.6	39.4	flash	
2026-09-01T09:31:30	1.193	36	30.1667	80.0	72.0	39.6	39.6	200.0	72.0	39.6	39.6	flash	
2026-09-01T09:32:00	0.630	19	30.1667	20.0	38.0	41.4	39.8	180.0	74.0	41.4	39.8	flash	
2026-09-01T09:32:30	0.365	11	30.1667	40.0	22.0	39.6	39.7	100.0	38.0	41.4	39.8	flash	
2026-09-01T09:33:00	0.754	22	29.1611	20.0	48.0	41.0	39.6	120.0	54.0	41.4	39.7	flash	
2026-09-01T09:33:30	0.597	18	30.1667	20.0	36.0	39.6	39.6	80.0	54.0	41.8	39.7	flash	
2026-09-01T09:34:00	0.862	26	30.1667	80.0	52.0	41.6	39.8	160.0	52.0	41.6	39.8	flash	
2026-09-01T09:34:30	0.895	27	30.1667	20.0	54.0	41.8	40.1	200.0	66.0	43.6	40.1	flash	
2026-09-01T09:35:00	0.729	22	30.1667	60.0	44.0	43.0	39.7	80.0	62.0	43.2	40.1	flash	
2026-09-01T09:35:30	0.696	21	30.1667	20.0	42.0	42.4	39.4	100.0	46.0	43.4	39.7	flash	
2026-09-01T09:36:00	0.789	23	29.1611	40.0	48.0	45.0	39.3	140.0	56.0	45.0	39.4	flash	
2026-09-01T09:36:30	0.663	20	30.1667	80.0	40.0	42.2	39.5	80.0	46.0	45.6	39.5	flash	
2026-09-01T09:37:00	0.597	18	30.1667	0.0	36.0	41.6	39.5	100.0	48.0	43.6	39.5	flash	
2026-09-01T09:37:30	0.564	17	30.1667	20.0	34.0	43.2	39.4	140.0	42.0	43.8	39.5	flash	
2026-09-01T09:38:00	0.961	29	30.1667	0.0	58.0	44.2	39.5	220.0	64.0	44.8	39.6	flash	
2026-09-01T09:38:30	0.895	27	30.1667	20.0	54.0	46.0	39.5	160.0	80.0	46.8	39.8	flash	
2026-09-01T09:39:00	0.617	18	29.1611	40.0	38.0	44.4	39.6	120.0	50.0	46.0	39.6	flash	
2026-09-01T09:39:30	0.464	14	30.1667	80.0	28.0	41.8	39.5	100.0	36.0	44.4	39.6	flash	
2026-09-01T09:40:00	0.862	26	30.1667	100.0	52.0	42.8	39.6	100.0	54.0	43.0	39.6	flash	
2026-09-01T09:40:30	0.630	19	30.1667	20.0	38.0	42.4	39.4	80.0	58.0	43.6	39.6	flash	
2026-09-01T09:41:00	0.597	18	30.1667	60.0	36.0	41.2	39.3	120.0	40.0	42.2	39.4	flash	
2026-09-01T09:41:30	0.762	23	30.1667	20.0	46.0	41.8	39.5	140.0	50.0	42.4	39.5	flash	
2026-09-01T09:42:00	0.686	20	29.1611	40.0	42.0	42.2	39.5	100.0	70.0	43.2	39.6	flash	
2026-09-01T09:42:30	0.365	11	30.1667	20.0	22.0	41.0	39.1	80.0	42.0	42.4	39.6	flash	
2026-09-01T09:43:00	0.796	24	30.1667	60.0	48.0	40.0	39.5	120.0	48.0	41.4	39.5	flash	
2026-09-01T09:43:30	0.597	18	30.1667	0.0	36.0	38.4	39.3	140.0	52.0	40.4	39.5	flash	
2026-09-01T09:44:00	0.464	14	30.1667	0.0	28.0	37.4	39.2	140.0	44.0	39.6	39.4	flash	
2026-09-01T09:44:30	0.564	17	30.1667	0.0	34.0	38.0	38.9	140.0	34.0	38.8	39.2	flash	
2026-09-01T09:45:00	0.480	14	29.1611	0.0	28.0	35.8	39.1	140.0	42.0	38.0	39.1	flash	
2026-09-01T09:45:30	0.298	9	30.1667	0.0	18.0	33.6	38.7	60.0	28.0	35.6	39.0	flash	
2026-09-01T09:46:00	0.829	25	30.1667	40.0	50.0	35.0	38.7	120.0	50.0	35.4	38.8	flash	
2026-09-01T09:46:30	0.696	21	30.1667	0.0	42.0	34.8	38.7	180.0	58.0	37.2	38.9	flash	
2026-09-01T09:47:00	0.729	22	30.1667	0.0	44.0	35.0	38.9	220.0	48.0	35.4	39.0	flash	
2026-09-01T09:47:30	0.862	26	30.1667	100.0	52.0	38.0	39.1	140.0	62.0	38.0	39.1	flash	
2026-09-01T09:48:00	0.343	10	29.1611	0.0	30.0	35.2	39.1	140.0	56.0	38.0	39.2	flash	
2026-09-01T09:48:30	0.464	14	30.1667	20.0	28.0	34.4	39.0	120.0	28.0	35.8	39.2	flash	
2026-09-01T09:49:00	0.663	20	30.1667	100.0	40.0	35.6	39.2	120.0	40.0	35.6	39.2	flash	
2026-09-01T09:49:30	0.630	19	30.1667	40.0	38.0	36.0	39.3	140.0	62.0	38.2	39.4	flash	
2026-09-01T09:50:00	0.829	25	30.1667	20.0	50.0	38.2	39.6	140.0	54.0	38.2	39.7	flash	
2026-09-01T09:50:30	0.530	16	30.1667	0.0	32.0	39.6	39.4	160.0	50.0	39.6	39.6	flash	
2026-09-01T09:51:00	0.754	22	29.1611	120.0	44.0	39.2	39.4	140.0	44.0	39.8	39.4	flash	
2026-09-01T09:51:30	0.829	25	30.1667	20.0	50.0	39.8	39.5	180.0	68.0	41.8	39.5	flash	
2026-09-01T09:52:00	0.564	17	30.1667	80.0	34.0	38.8	39.5	80.0	46.0	41.0	39.5	flash	
2026-09-01T09:52:30	0.796	24	30.1667	0.0	48.0	39.4	39.6	200.0	56.0	40.0	39.7	flash	
2026-09-01T09:53:00	0.597	18	30.1667	0.0	36.0	40.0	39.6	100.0	58.0	40.0	39.7	flash	
2026-09-01T09:53:30	0.464	14	30.1667	40.0	28.0	40.0	39.6	80.0	36.0	40.0	39.7	flash	
2026-09-01T09:54:00	0.549	16	29.1611	120.0	32.0	40.2	39.6	120.0	42.0	41.0	39.7	flash	
2026-09-01T09:54:30	0.398	12	30.1667	40.0	24.0	38.0	39.4	80.0	32.0	39.2	39.6	flash	
2026-09-01T09:55:00	0.663	20	30.1667	120.0	40.0	36.8	39.4	120.0	42.0	38.4	39.5	flash	
2026-09-01T09:55:30	0.564	17	30.1667	20.0	34.0	37.0	39.5	200.0	46.0	38.0	39.6	flash	
2026-09-01T09:56:00	0.331	10	30.1667	20.0	20.0	34.6	39.6	80.0	36.0	38.0	39.6	flash	
2026-09-01T09:56:30	0.829	25	30.1667	40.0	50.0	34.6	39.8	120.0	52.0	35.2	39.8	flash	
2026-09-01T09:57:00	0.823	24	29.1611	160.0	48.0	36.6	39.8	160.0	58.0	36.8	39.9	flash	
2026-09-01T09:57:30	0.530	16	30.1667	20.0	32.0	34.4	39.5	120.0	56.0	36.8	39.8	flash	
2026-09-01T09:58:00	0.265	8	30.1667	40.0	16.0	32.4	39.3	60.0	30.0	34.6	39.5	flash	
2026-09-01T09:58:30	0.464	14	30.1667	100.0	28.0	32.4	39.2	100.0	28.0	32.4	39.3	flash	
2026-09-01T09:59:00	0.961	29	30.1667	40.0	58.0	35.0	39.5	220.0	64.0	35.8	39.5	flash	
2026-09-01T09:59:30	0.331	10	30.1667	0.0	20.0	34.6	39.3	80.0	64.0	35.6	39.6	flash	
2026-09-01T10:00:00	1.132	33	29.1611	40.0	66.0	38.4	39.7	240.0	66.0	38.4	39.7	flash	
2026-09-01T10:00:30	0.365	11	30.1667	0.0	22.0	36.0	39.5	80.0	66.0	37.4	39.7	flash	
2026-09-01T10:01:00	0.298	9	30.1667	0.0	18.0	36.0	39.2	100.0	22.0	36.2	39.5	flash	
2026-09-01T10:01:30	0.696	21	30.1667	0.0	42.0	35.0	39.4	240.0	42.0	37.6	39.4	flash	
2026-09-01T10:02:00	0.298	9	30.1667	20.0	18.0	32.0	39.1	60.0	46.0	35.0	39.4	flash	
2026-09-01T10:02:30	0.862	26	30.1667	40.0	52.0	34.0	39.3	200.0	52.0	34.2	39.4	flash	
2026-09-01T10:03:00	0.549	16	29.1611	60.0	32.0	35.6	39.4	120.0	52.0	36.0	39.4	flash	
2026-09-01T10:03:30	0.597	18	30.1667	0.0	36.0	36.8	39.3	240.0	42.0	37.4	39.4	flash	
2026-09-01T10:04:00	0.564	17	30.1667	60.0	34.0	34.4	39.3	80.0	54.0	37.2	39.4	flash	
2026-09-01T10:04:30	0.762	23	30.1667	40.0	46.0	36.6	39.5	120.0	50.0	36.6	39.5	flash	
2026-09-01T10:05:00	0.895	27	30.1667	40.0	54.0	35.4	39.6	140.0	62.0	37.8	39.6	flash	
2026-09-01T10:05:30	0.829	25	30.1667	0.0	50.0	38.2	39.8	140.0	62.0	38.2	39.8	flash	
2026-09-01T10:06:00	0.446	13	29.1611	20.0	26.0	39.0	39.4	60.0	50.0	39.8	39.9	flash	
2026-09-01T10:06:30	0.829	25	30.1667	160.0	50.0	39.8	39.6	160.0	50.0	40.6	39.6	flash	
2026-09-01T10:07:00	0.762	23	30.1667	100.0	46.0	42.6	39.8	180.0	56.0	42.6	39.8	flash	
2026-09-01T10:07:30	0.365	11	30.1667	20.0	22.0	39.6	39.8	100.0	46.0	42.6	39.8	flash	
2026-09-01T10:08:00	0.564	17	30.1667	100.0	34.0	39.8	39.9	100.0	38.0	41.0	39.9	flash	
2026-09-01T10:08:30	0.630	19	30.1667	60.0	38.0	40.0	39.8	140.0	42.0	41.0	39.9	flash	
2026-09-01T10:09:00	0.829	25	30.1667	60.0	50.0	41.6	40.0	160.0	62.0	42.2	40.0	flash	
2026-09-01T10:09:30	0.789	23	29.1611	40.0	46.0	41.8	40.1	180.0	62.0	42.6	40.2	flash	
2026-09-01T10:10:00	0.729	22	30.1667	100.0	44.0	40.6	40.2	140.0	58.0	41.6	40.3	flash	
2026-09-01T10:10:30	0.530	16	30.1667	80.0	32.0	38.8	40.2	220.0	62.0	41.8	40.4	flash	
2026-09-01T10:11:00	0.762	23	30.1667	20.0	46.0	40.8	40.1	240.0	52.0	41.2	40.3	flash	
2026-09-01T10:11:30	1.061	32	30.1667	40.0	64.0	42.2	40.4	240.0	66.0	43.6	40.5	flash	
2026-09-01T10:12:00	0.331	10	30.1667	0.0	20.0	39.6	39.9	140.0	66.0	42.4	40.4	flash	
2026-09-01T10:12:30	0.549	16	29.1611	20.0	32.0	40.6	39.7	100.0	32.0	41.4	39.9	flash	
2026-09-01T10:13:00	0.796	24	30.1667	0.0	48.0	42.0	39.2	140.0	50.0	43.0	39.6	flash	
2026-09-01T10:13:30	0.597	18	30.1667	80.0	36.0	42.0	38.8	120.0	48.0	42.2	39.2	flash	
2026-09-01T10:14:00	0.696	21	30.1667	20.0	42.0	41.0	38.9	140.0	58.0	42.4	38.9	flash	
2026-09-01T10:14:30	0.994	30	30.1667	60.0	60.0	42.4	39.0	140.0	68.0	43.6	39.0	flash	
2026-09-01T10:15:00	0.862	26	30.1667	0.0	52.0	43.2	38.9	140.0	64.0	44.2	39.1	flash	
2026-09-01T10:15:30	0.343	10	29.1611	60.0	20.0	42.8	38.9	60.0	52.0	43.2	39.0	flash	
2026-09-01T10:16:00	0.597	18	30.1667	0.0	36.0	41.2	38.9	100.0	44.0	42.4	38.9	flash	
2026-09-01T10:16:30	0.630	19	30.1667	100.0	38.0	38.4	38.8	140.0	38.0	41.4	38.9	flash	
2026-09-01T10:17:00	0.796	24	30.1667	0.0	48.0	41.2	39.0	120.0	70.0	41.2	39.1	flash	
2026-09-01T10:17:30	0.265	8	30.1667	20.0	16.0	39.6	38.8	60.0	50.0	41.8	39.1	flash	
2026-09-01T10:18:00	0.331	10	30.1667	40.0	20.0	36.8	38.7	80.0	20.0	39.6	38.8	flash	
2026-09-01T10:18:30	0.343	10	29.1611	0.0	24.0	35.8	38.4	40.0	26.0	37.8	38.7	flash	
2026-09-01T10:19:00	0.464	14	30.1667	40.0	28.0	33.8	38.4	100.0	28.0	35.6	38.4	flash	
2026-09-01T10:19:30	0.497	15	30.1667	20.0	30.0	31.0	38.1	80.0	32.0	33.8	38.4	flash	
2026-09-01T10:20:00	0.696	21	30.1667	20.0	42.0	29.8	38.2	200.0	42.0	31.6	38.3	flash	
2026-09-01T10:20:30	0.530	16	30.1667	80.0	32.0	31.0	38.1	160.0	42.0	31.4	38.2	flash	
2026-09-01T10:21:00	0.729	22	30.1667	0.0	44.0	31.8	38.3	240.0	64.0	32.2	38.4	flash	
2026-09-01T10:21:30	1.029	30	29.1611	100.0	60.0	34.8	38.2	180.0	60.0	34.8	38.4	flash	
2026-09-01T10:22:00	0.597	18	30.1667	40.0	36.0	32.8	38.2	100.0	70.0	34.2	38.4	flash	
2026-09-01T10:22:30	0.564	17	30.1667	40.0	34.0	34.6	38.3	180.0	40.0	34.6	38.4	flash	
2026-09-01T10:23:00	0.630	19	30.1667	20.0	38.0	36.8	38.2	100.0	46.0	36.8	38.4	flash	
2026-09-01T10:23:30	0.265	8	30.1667	0.0	16.0	36.0	38.0	100.0	38.0	37.0	38.2	flash	
2026-09-01T10:24:00	1.160	35	30.1667	0.0	70.0	40.2	38.2	360.0	70.0	40.8	38.4	flash	
2026-09-01T10:24:30	0.343	10	29.1611	20.0	20.0	39.4	37.9	60.0	70.0	40.4	38.2	flash	
2026-09-01T10:25:00	0.464	14	30.1667	20.0	28.0	38.0	37.7	100.0	38.0	39.8	37.9	flash	
2026-09-01T10:25:30	0.431	13	30.1667	0.0	26.0	37.4	37.6	80.0	28.0	39.2	37.7	flash	
2026-09-01T10:26:00	0.564	17	30.1667	20.0	34.0	36.2	37.4	80.0	34.0	37.8	37.6	flash	
2026-09-01T10:26:30	0.265	8	30.1667	20.0	16.0	31.8	37.2	60.0	38.0	36.2	37.5	flash	
2026-09-01T10:27:00	0.961	29	30.1667	20.0	58.0	34.0	37.4	180.0	62.0	35.0	37.5	flash	
2026-09-01T10:27:30	0.686	20	29.1611	40.0	40.0	34.6	37.5	160.0	58.0	35.4	37.5	flash	
2026-09-01T10:28:00	0.564	17	30.1667	100.0	34.0	34.2	37.2	200.0	40.0	34.6	37.5	flash	
2026-09-01T10:28:30	0.696	21	30.1667	20.0	42.0	36.8	37.1	100.0	54.0	36.8	37.2	flash	
2026-09-01T10:29:00	0.663	20	30.1667	60.0	40.0	33.8	37.2	120.0	54.0	38.0	37.2	flash	
2026-09-01T10:29:30	0.762	23	30.1667	60.0	46.0	36.4	37.3	120.0	50.0	36.4	37.4	flash	
2026-09-01T10:30:00	0.663	20	30.1667	200.0	40.0	37.6	37.2	200.0	46.0	37.6	37.4	flash	
2026-09-01T10:30:30	0.723	21	29.0389	20.0	46.0	39.2	37.3	140.0	64.0	39.2	37.3	flash	
2026-09-01T10:31:00	0.267	8	30	0.0	16.0	37.6	37.1	120.0	42.0	39.2	37.3	flash	
2026-09-01T10:31:30	0.333	10	30	60.0	20.0	37.8	36.8	60.0	26.0	38.0	37.1	flash	
2026-09-01T10:32:00	0.467	14	30	60.0	28.0	34.8	36.7	120.0	38.0	38.0	36.8	flash	
2026-09-01T10:32:30	0.767	23	30	40.0	46.0	35.4	36.9	160.0	48.0	35.6	36.9	flash	
2026-09-01T10:33:00	0.633	19	30	0.0	38.0	36.2	36.8	120.0	50.0	37.6	36.9	flash	
2026-09-01T10:33:30	0.498	15	30.1222	60.0	30.0	34.6	36.8	80.0	46.0	36.6	36.9	flash	
2026-09-01T10:34:00	0.497	15	30.1667	0.0	30.0	34.0	36.8	80.0	36.0	34.8	36.8	flash	
2026-09-01T10:34:30	0.928	28	30.1667	40.0	56.0	34.8	37.0	180.0	60.0	36.0	37.1	flash	
2026-09-01T10:35:00	0.597	18	30.1667	0.0	36.0	34.6	37.1	160.0	50.0	36.6	37.1	flash	
2026-09-01T10:35:30	0.796	24	30.1667	120.0	48.0	34.8	37.4	120.0	48.0	34.8	37.4	flash	
2026-09-01T10:36:00	0.530	16	30.1667	20.0	32.0	36.4	37.2	120.0	58.0	37.2	37.4	flash	
2026-09-01T10:36:30	0.652	19	29.1611	20.0	38.0	38.2	37.2	180.0	42.0	38.6	37.4	flash	
2026-09-01T10:37:00	0.597	18	30.1667	0.0	36.0	39.0	37.1	100.0	56.0	39.8	37.4	flash	
2026-09-01T10:37:30	0.994	30	30.1667	20.0	60.0	40.4	37.3	180.0	60.0	40.8	37.3	flash	
2026-09-01T10:38:00	0.298	9	30.1667	0.0	18.0	38.4	37.1	80.0	62.0	41.4	37.2	flash	
2026-09-01T10:38:30	0.762	23	30.1667	40.0	46.0	40.0	37.3	120.0	46.0	40.2	37.3	flash	
2026-09-01T10:39:00	0.663	20	30.1667	40.0	40.0	41.0	37.3	100.0	48.0	41.0	37.4	flash	
2026-09-01T10:39:30	0.617	18	29.1611	100.0	38.0	39.0	37.3	180.0	52.0	40.0	37.3	flash	
2026-09-01T10:40:00	0.398	12	30.1667	40.0	24.0	37.8	37.0	120.0	38.0	39.2	37.3	flash	
2026-09-01T10:40:30	0.928	28	30.1667	40.0	56.0	38.8	37.3	140.0	60.0	40.2	37.3	flash	
2026-09-01T10:41:00	0.398	12	30.1667	60.0	24.0	37.8	37.1	60.0	54.0	39.0	37.3	flash	
2026-09-01T10:41:30	1.094	33	30.1667	40.0	66.0	40.6	37.2	200.0	70.0	40.8	37.3	flash	
2026-09-01T10:42:00	0.597	18	30.1667	20.0	36.0	40.6	37.3	120.0	62.0	40.6	37.3	flash	
2026-09-01T10:42:30	0.412	12	29.1611	0.0	24.0	37.0	37.0	80.0	38.0	40.6	37.3	flash	
2026-09-01T10:43:00	0.398	12	30.1667	20.0	24.0	37.6	36.9	100.0	32.0	37.6	37.1	flash	
2026-09-01T10:43:30	0.398	12	30.1667	40.0	24.0	35.6	36.9	100.0	24.0	37.6	36.9	flash	
2026-09-01T10:44:00	1.160	35	30.1667	140.0	70.0	38.6	37.2	180.0	70.0	38.6	37.3	flash	
2026-09-01T10:44:30	0.564	17	30.1667	80.0	34.0	38.2	37.3	100.0	70.0	39.4	37.3	flash	
2026-09-01T10:45:00	0.431	13	30.1667	20.0	26.0	38.4	37.2	140.0	34.0	38.8	37.3	flash	
2026-09-01T10:45:30	0.892	26	29.1611	60.0	52.0	38.0	37.4	220.0	62.0	40.2	37.4	flash	
2026-09-01T10:46:00	0.663	20	30.1667	100.0	40.0	39.8	37.6	180.0	54.0	39.8	37.6	flash	
2026-09-01T10:46:30	0.663	20	30.1667	40.0	40.0	37.0	37.5	120.0	58.0	39.8	37.7	flash	
2026-09-01T10:47:00	0.796	24	30.1667	40.0	48.0	38.2	37.5	120.0	58.0	39.0	37.7	flash	
2026-09-01T10:47:30	0.331	10	30.1667	40.0	20.0	37.8	37.4	60.0	46.0	38.8	37.5	flash	
2026-09-01T10:48:00	0.630	19	30.1667	0.0	38.0	39.2	37.6	120.0	44.0	39.8	37.7	flash	
2026-09-01T10:48:30	0.377	11	29.1611	0.0	22.0	39.0	37.6	60.0	36.0	40.2	37.7	flash	
2026-09-01T10:49:00	0.464	14	30.1667	40.0	28.0	35.0	37.3	100.0	30.0	39.8	37.6	flash	
2026-09-01T10:49:30	0.762	23	30.1667	20.0	46.0	36.2	37.5	160.0	48.0	37.0	37.5	flash	
2026-09-01T10:50:00	1.591	48	30.1667	20.0	96.0	43.0	37.8	320.0	98.0	43.8	37.8	flash	
2026-09-01T10:50:30	0.398	12	30.1667	20.0	24.0	40.2	37.8	80.0	94.0	43.6	37.9	flash	
2026-09-01T10:51:00	0.497	15	30.1667	100.0	30.0	39.2	37.9	100.0	30.0	40.6	37.9	flash	
2026-09-01T10:51:30	0.412	12	29.1611	60.0	26.0	37.6	37.7	120.0	36.0	39.4	38.0	flash	
2026-09-01T10:52:00	0.497	15	30.1667	20.0	30.0	36.0	37.9	140.0	42.0	38.4	38.0	flash	
2026-09-01T10:52:30	0.265	8	30.1667	20.0	16.0	35.4	37.5	80.0	30.0	35.8	37.9	flash	
2026-09-01T10:53:00	0.696	21	30.1667	0.0	42.0	35.8	37.6	160.0	44.0	35.8	37.7	flash	
2026-09-01T10:53:30	0.862	26	30.1667	0.0	52.0	38.8	37.8	160.0	66.0	39.0	37.9	flash	
2026-09-01T10:54:00	0.597	18	30.1667	20.0	36.0	39.6	37.8	140.0	50.0	40.0	37.9	flash	
2026-09-01T10:54:30	0.754	22	29.1611	20.0	44.0	39.4	37.8	200.0	56.0	41.4	37.9	flash	
2026-09-01T10:55:00	0.431	13	30.1667	100.0	26.0	32.4	37.5	100.0	50.0	39.6	37.8	flash	
2026-09-01T10:55:30	1.028	31	30.1667	0.0	62.0	36.2	37.6	220.0	72.0	36.6	37.7	flash	
2026-09-01T10:56:00	0.431	13	30.1667	0.0	26.0	36.0	37.6	120.0	58.0	37.4	37.6	flash	
2026-09-01T10:56:30	0.497	15	30.1667	80.0	30.0	36.4	37.4	160.0	30.0	37.0	37.6	flash	
2026-09-01T10:57:00	0.497	15	30.1667	20.0	30.0	36.4	37.2	100.0	38.0	36.8	37.5	flash	
2026-09-01T10:57:30	0.412	12	29.1611	0.0	24.0	37.2	37.3	100.0	34.0	38.6	37.4	flash	
2026-09-01T10:58:00	0.464	14	30.1667	40.0	28.0	35.8	37.2	140.0	32.0	38.0	37.3	flash	
2026-09-01T10:58:30	0.796	24	30.1667	60.0	48.0	35.4	37.3	140.0	50.0	37.2	37.4	flash	
2026-09-01T10:59:00	0.696	21	30.1667	80.0	42.0	36.0	37.2	140.0	48.0	36.4	37.3	flash	
2026-09-01T10:59:30	0.663	20	30.1667	0.0	40.0	35.6	37.2	120.0	58.0	37.6	37.4	flash	
2026-09-01T11:00:00	0.497	15	30.1667	20.0	30.0	36.0	37.0	120.0	48.0	36.8	37.2	flash	
2026-09-01T11:00:30	0.652	19	29.1611	0.0	40.0	33.6	37.2	140.0	44.0	36.8	37.2	flash	
2026-09-01T11:01:00	0.630	19	30.1667	20.0	38.0	34.8	37.0	160.0	38.0	34.8	37.1	flash	
2026-09-01T11:01:30	0.729	22	30.1667	20.0	44.0	36.4	36.8	160.0	70.0	38.4	37.3	flash	
2026-09-01T11:02:00	0.431	13	30.1667	0.0	26.0	35.8	36.9	80.0	48.0	37.2	36.9	flash	
2026-09-01T11:02:30	0.497	15	30.1667	20.0	30.0	36.4	36.8	160.0	30.0	36.6	36.9	flash	
2026-09-01T11:03:00	0.398	12	30.1667	20.0	24.0	36.0	36.6	80.0	28.0	36.8	36.8	flash	
2026-09-01T11:03:30	0.720	21	29.1611	80.0	42.0	35.6	36.7	220.0	44.0	36.2	36.9	flash	
2026-09-01T11:04:00	0.862	26	30.1667	80.0	52.0	36.6	36.8	240.0	52.0	37.2	36.8	flash	
2026-09-01T11:04:30	0.530	16	30.1667	0.0	32.0	35.6	36.5	100.0	62.0	36.6	36.8	flash	
2026-09-01T11:05:00	0.663	20	30.1667	20.0	40.0	36.8	36.4	240.0	40.0	36.8	36.6	flash	
2026-09-01T11:05:30	1.094	33	30.1667	160.0	66.0	39.4	36.8	200.0	72.0	39.4	36.8	flash	
2026-09-01T11:06:00	0.398	12	30.1667	100.0	24.0	38.0	36.7	180.0	68.0	39.8	36.8	flash	
2026-09-01T11:06:30	0.412	12	29.1611	20.0	24.0	36.0	36.6	100.0	36.0	38.2	36.8	flash	
2026-09-01T11:07:00	0.994	30	30.1667	0.0	60.0	39.4	36.7	180.0	70.0	39.6	36.7	flash	
2026-09-01T11:07:30	0.431	13	30.1667	80.0	26.0	39.2	36.8	80.0	64.0	39.6	36.8	flash	
2026-09-01T11:08:00	0.796	24	30.1667	0.0	48.0	41.4	37.1	140.0	56.0	42.0	37.1	flash	
2026-09-01T11:08:30	0.530	16	30.1667	0.0	32.0	40.4	37.2	140.0	46.0	42.4	37.2	flash	
2026-09-01T11:09:00	0.928	28	30.1667	20.0	56.0	40.8	37.5	120.0	56.0	43.2	37.5	flash	
2026-09-01T11:09:30	0.652	19	29.1611	40.0	38.0	41.4	37.6	100.0	54.0	41.8	37.6	flash	
2026-09-01T11:10:00	0.895	27	30.1667	40.0	54.0	42.8	37.7	120.0	60.0	43.8	37.7	flash	
2026-09-01T11:10:30	0.497	15	30.1667	0.0	30.0	40.2	37.7	120.0	54.0	44.0	37.8	flash	
2026-09-01T11:11:00	0.862	26	30.1667	40.0	52.0	42.0	37.7	160.0	52.0	43.0	37.8	flash	
2026-09-01T11:11:30	0.796	24	30.1667	40.0	48.0	44.4	37.6	200.0	66.0	45.0	37.9	flash	
2026-09-01T11:12:00	1.326	40	30.1667	120.0	80.0	46.4	38.0	260.0	80.0	46.4	38.0	flash	
2026-09-01T11:12:30	0.617	18	29.1611	60.0	42.0	47.8	38.1	140.0	80.0	47.8	38.1	flash	
2026-09-01T11:13:00	1.227	37	30.1667	20.0	74.0	50.0	38.4	260.0	100.0	51.2	38.6	flash	
2026-09-01T11:13:30	0.762	23	30.1667	20.0	46.0	51.4	38.7	200.0	72.0	51.6	38.7	flash	
2026-09-01T11:14:00	0.530	16	30.1667	80.0	32.0	49.0	38.3	100.0	46.0	51.4	38.7	flash	
2026-09-01T11:14:30	0.796	24	30.1667	40.0	48.0	50.0	38.6	140.0	56.0	50.4	38.6	flash	
2026-09-01T11:15:00	0.431	13	30.1667	20.0	26.0	47.2	38.6	60.0	46.0	49.8	38.6	flash	
2026-09-01T11:15:30	0.720	21	29.1611	20.0	42.0	48.4	38.8	140.0	44.0	48.4	38.8	flash	
2026-09-01T11:16:00	0.066	2	30.1667	0.0	4.0	43.8	38.5	20.0	44.0	48.6	38.8	flash	
2026-09-01T11:16:30	0.696	21	30.1667	40.0	42.0	43.0	38.7	160.0	42.0	43.6	38.7	flash	
2026-09-01T11:17:00	0.431	13	30.1667	20.0	26.0	38.2	38.4	80.0	50.0	43.0	38.7	flash	
2026-09-01T11:17:30	0.530	16	30.1667	80.0	32.0	37.2	38.3	80.0	38.0	39.0	38.5	flash	
2026-09-01T11:18:00	0.862	26	30.1667	20.0	52.0	35.0	38.5	120.0	62.0	37.4	38.7	flash	
2026-09-01T11:18:30	1.063	31	29.1611	20.0	62.0	36.8	38.7	140.0	62.0	36.8	38.7	flash	
2026-09-01T11:19:00	0.630	19	30.1667	20.0	38.0	37.8	38.7	120.0	72.0	38.4	38.8	flash	
2026-09-01T11:19:30	0.862	26	30.1667	0.0	52.0	37.6	38.8	140.0	56.0	39.6	38.9	flash	
2026-09-01T11:20:00	0.796	24	30.1667	60.0	48.0	39.8	38.9	220.0	54.0	39.8	39.0	flash	
2026-09-01T11:20:30	0.464	14	30.1667	0.0	28.0	38.4	38.7	100.0	64.0	40.8	38.9	flash	
2026-09-01T11:21:00	0.564	17	30.1667	20.0	34.0	41.4	38.9	200.0	42.0	41.4	38.9	flash	
2026-09-01T11:21:30	0.377	11	29.1611	80.0	22.0	39.4	38.9	80.0	34.0	42.0	38.9	flash	
2026-09-01T11:22:00	0.464	14	30.1667	0.0	28.0	39.6	38.9	120.0	38.0	40.6	39.0	flash	
2026-09-01T11:22:30	0.431	13	30.1667	0.0	26.0	39.4	38.7	100.0	34.0	40.2	39.0	flash	
2026-09-01T11:23:00	0.696	21	30.1667	100.0	42.0	38.0	38.7	320.0	42.0	39.0	38.7	flash	
2026-09-01T11:23:30	0.862	26	30.1667	80.0	52.0	37.0	38.9	160.0	78.0	38.2	38.9	flash	
2026-09-01T11:24:00	0.696	21	30.1667	60.0	42.0	37.4	39.1	200.0	66.0	38.0	39.1	flash	
2026-09-01T11:24:30	0.549	16	29.1611	0.0	34.0	35.4	38.8	140.0	58.0	38.6	39.0	flash	
2026-09-01T11:25:00	0.530	16	30.1667	60.0	32.0	34.2	38.8	160.0	32.0	37.2	38.9	flash	
2026-09-01T11:25:30	0.431	13	30.1667	0.0	26.0	33.6	38.6	120.0	38.0	34.4	38.8	flash	
2026-09-01T11:26:00	0.630	19	30.1667	20.0	38.0	34.0	38.6	120.0	38.0	34.2	38.6	flash	
2026-09-01T11:26:30	0.729	22	30.1667	120.0	44.0	36.2	38.7	120.0	48.0	36.2	38.7	flash	
2026-09-01T11:27:00	0.762	23	30.1667	80.0	46.0	38.0	38.8	180.0	60.0	38.0	38.8	flash	
2026-09-01T11:27:30	0.926	27	29.1611	80.0	56.0	40.8	38.7	140.0	66.0	40.8	38.8	flash	
2026-09-01T11:28:00	0.497	15	30.1667	0.0	30.0	39.6	38.8	140.0	58.0	43.0	38.8	flash	
2026-09-01T11:28:30	0.597	18	30.1667	80.0	36.0	38.6	38.8	120.0	38.0	41.0	38.9	flash	
2026-09-01T11:29:00	1.028	31	30.1667	0.0	62.0	40.2	39.0	180.0	70.0	40.6	39.1	flash	
2026-09-01T11:29:30	0.331	10	30.1667	0.0	20.0	38.8	38.8	60.0	68.0	40.6	39.0	flash	
2026-09-01T11:30:00	0.564	17	30.1667	40.0	34.0	39.0	38.9	100.0	34.0	39.6	39.0	flash	
2026-09-01T11:30:30	0.514	15	29.1611	0.0	32.0	39.4	38.6	100.0	48.0	40.2	39.0	flash	
2026-09-01T11:31:00	0.630	19	30.1667	20.0	38.0	39.4	38.8	120.0	38.0	40.8	38.8	flash	
2026-09-01T11:31:30	0.530	16	30.1667	20.0	32.0	39.2	38.4	100.0	38.0	39.6	38.8	flash	
2026-09-01T11:32:00	0.762	23	30.1667	40.0	46.0	38.4	38.5	260.0	54.0	39.8	38.6	flash	
2026-09-01T11:32:30	0.597	18	30.1667	20.0	36.0	36.4	38.7	160.0	62.0	38.6	38.7	flash	
2026-09-01T11:33:00	0.431	13	30.1667	20.0	26.0	36.0	38.7	60.0	36.0	36.6	38.7	flash	
2026-09-01T11:33:30	0.274	8	29.1611	0.0	16.0	34.0	38.6	120.0	26.0	35.8	38.7	flash	
2026-09-01T11:34:00	0.398	12	30.1667	80.0	24.0	30.2	38.2	80.0	24.0	34.0	38.6	flash	
2026-09-01T11:34:30	0.497	15	30.1667	0.0	30.0	31.2	38.1	180.0	44.0	31.6	38.3	flash	
2026-09-01T11:35:00	0.530	16	30.1667	20.0	32.0	31.2	38.2	120.0	38.0	31.8	38.3	flash	
2026-09-01T11:35:30	0.696	21	30.1667	0.0	42.0	32.2	38.1	140.0	46.0	32.2	38.2	flash	
2026-09-01T11:36:00	0.862	26	30.1667	80.0	52.0	33.6	38.2	160.0	54.0	33.6	38.3	flash	
2026-09-01T11:36:30	0.823	24	29.1556	20.0	52.0	35.2	38.3	140.0	70.0	35.4	38.3	flash	
2026-09-01T11:37:00	0.733	22	30	20.0	44.0	35.2	38.2	120.0	54.0	37.0	38.3	flash	
2026-09-01T11:37:30	0.500	15	30	0.0	30.0	34.4	38.3	100.0	46.0	35.4	38.4	flash	
2026-09-01T11:38:00	0.333	10	30	20.0	20.0	33.8	38.1	100.0	34.0	34.6	38.3	flash	
2026-09-01T11:38:30	1.200	36	30	20.0	72.0	39.4	38.6	220.0	72.0	39.4	38.6	flash	
2026-09-01T11:39:00	0.500	15	30	40.0	30.0	40.8	38.7	100.0	72.0	41.4	38.7	flash	
2026-09-01T11:39:30	0.833	25	30.0056	20.0	50.0	42.0	38.7	180.0	56.0	42.6	38.9	flash	
2026-09-01T11:40:00	0.597	18	30.1667	40.0	36.0	42.4	38.1	140.0	52.0	43.0	38.7	flash	
2026-09-01T11:40:30	0.564	17	30.1667	0.0	34.0	41.6	38.2	180.0	44.0	43.2	38.2	flash	
2026-09-01T11:41:00	0.597	18	30.1667	0.0	36.0	40.4	38.3	120.0	52.0	42.4	38.4	flash	
2026-09-01T11:41:30	0.564	17	30.1667	40.0	34.0	38.6	38.4	60.0	42.0	40.0	38.4	flash	
2026-09-01T11:42:00	0.729	22	30.1667	20.0	44.0	38.6	38.5	160.0	46.0	39.0	38.5	flash	
2026-09-01T11:42:30	0.617	18	29.1611	20.0	36.0	39.2	38.7	100.0	50.0	39.2	38.8	flash	
2026-09-01T11:43:00	0.762	23	30.1667	120.0	46.0	41.8	38.7	120.0	56.0	41.8	38.9	flash	
2026-09-01T11:43:30	0.398	12	30.1667	60.0	24.0	37.0	38.5	80.0	44.0	41.8	38.7	flash	
2026-09-01T11:44:00	0.464	14	30.1667	0.0	28.0	36.8	38.4	160.0	34.0	37.2	38.5	flash	
2026-09-01T11:44:30	0.796	24	30.1667	40.0	48.0	36.6	38.4	140.0	54.0	38.0	38.5	flash	
2026-09-01T11:45:00	0.431	13	30.1667	20.0	26.0	35.6	38.4	80.0	50.0	37.0	38.5	flash	
2026-09-01T11:45:30	0.497	15	30.1667	20.0	30.0	35.2	38.1	140.0	38.0	36.6	38.4	flash	
2026-09-01T11:46:00	0.652	19	29.1611	0.0	38.0	35.4	38.2	220.0	40.0	35.6	38.2	flash	
2026-09-01T11:46:30	0.464	14	30.1667	20.0	28.0	34.8	38.2	120.0	46.0	35.4	38.3	flash	
2026-09-01T11:47:00	0.398	12	30.1667	0.0	24.0	32.8	38.1	80.0	32.0	35.2	38.2	flash	
2026-09-01T11:47:30	0.464	14	30.1667	20.0	28.0	32.0	38.2	120.0	36.0	33.8	38.2	flash	
2026-09-01T11:48:00	0.365	11	30.1667	20.0	22.0	29.6	38.1	120.0	40.0	31.8	38.3	flash	
2026-09-01T11:48:30	0.862	26	30.1667	20.0	52.0	32.4	38.2	160.0	54.0	32.8	38.2	flash	
2026-09-01T11:49:00	0.583	17	29.1611	40.0	34.0	33.0	38.1	100.0	66.0	34.8	38.3	flash	
2026-09-01T11:49:30	1.127	34	30.1667	20.0	68.0	35.2	38.4	220.0	70.0	36.4	38.4	flash	
2026-09-01T11:50:00	0.762	23	30.1667	100.0	46.0	37.2	38.5	140.0	68.0	37.2	38.5	flash	
2026-09-01T11:50:30	0.796	24	30.1667	0.0	48.0	38.8	38.6	120.0	60.0	39.2	38.7	flash	
2026-09-01T11:51:00	0.530	16	30.1667	80.0	32.0	38.2	38.6	200.0	48.0	39.0	38.6	flash	
2026-09-01T11:51:30	0.530	16	30.1667	0.0	32.0	38.6	38.4	100.0	48.0	39.0	38.6	flash	
2026-09-01T11:52:00	0.617	18	29.1611	20.0	36.0	39.8	38.5	160.0	52.0	40.8	38.6	flash	
2026-09-01T11:52:30	0.530	16	30.1667	0.0	32.0	40.2	38.6	100.0	38.0	40.4	38.6	flash	
2026-09-01T11:53:00	0.331	10	30.1667	0.0	20.0	40.0	38.5	40.0	38.0	40.6	38.6	flash	
2026-09-01T11:53:30	0.597	18	30.1667	40.0	36.0	38.4	38.5	120.0	38.0	41.4	38.7	flash	
2026-09-01T11:54:00	0.630	19	30.1667	20.0	38.0	38.8	38.3	200.0	42.0	39.2	38.7	flash	
2026-09-01T11:54:30	0.530	16	30.1667	20.0	32.0	35.2	38.3	140.0	40.0	38.8	38.3	flash	
2026-09-01T11:55:00	0.274	8	29.1611	0.0	16.0	32.6	38.1	60.0	34.0	35.4	38.3	flash	
2026-09-01T11:55:30	0.663	20	30.1667	0.0	40.0	31.4	37.9	140.0	48.0	33.0	38.2	flash	
2026-09-01T11:56:00	0.630	19	30.1667	60.0	38.0	32.0	38.0	120.0	54.0	34.0	38.0	flash	
2026-09-01T11:56:30	0.696	21	30.1667	20.0	42.0	33.0	38.1	100.0	46.0	33.6	38.2	flash	
2026-09-01T11:57:00	0.762	23	30.1667	20.0	46.0	34.0	38.0	120.0	54.0	34.2	38.2	flash	
2026-09-01T11:57:30	0.530	16	30.1667	20.0	32.0	34.0	38.1	120.0	50.0	34.4	38.2	flash	
2026-09-01T11:58:00	0.274	8	29.1611	0.0	18.0	33.6	37.7	100.0	46.0	34.6	38.1	flash	
2026-09-01T11:58:30	0.431	13	30.1667	20.0	26.0	32.6	37.7	80.0	26.0	33.6	37.8	flash	
2026-09-01T11:59:00	0.564	17	30.1667	20.0	34.0	32.2	37.5	180.0	34.0	33.2	37.7	flash	
2026-09-01T11:59:30	0.663	20	30.1667	120.0	40.0	33.0	37.5	120.0	42.0	33.6	37.5	flash	
2026-09-01T12:00:00	0.630	19	30.1667	40.0	38.0	35.2	37.3	120.0	50.0	35.6	37.5	flash	
2026-09-01T12:00:30	0.597	18	30.1667	80.0	36.0	34.8	37.4	140.0	40.0	35.4	37.4	flash	
2026-09-01T12:01:00	0.276	8	29.0278	40.0	18.0	32.8	37.0	40.0	36.0	34.8	37.4	flash	
2026-09-01T12:01:30	0.933	28	30	20.0	56.0	34.0	37.1	180.0	62.0	35.8	37.2	flash	
2026-09-01T12:02:00	0.633	19	30	40.0	38.0	33.2	36.7	140.0	54.0	34.0	37.1	flash	
2026-09-01T12:02:30	0.733	22	30	100.0	44.0	34.6	36.8	100.0	52.0	34.8	36.8	flash	
2026-09-01T12:03:00	0.733	22	30	60.0	44.0	37.2	36.5	160.0	48.0	37.2	36.8	flash	
2026-09-01T12:03:30	0.367	11	30	20.0	22.0	36.8	36.2	100.0	46.0	37.6	36.5	flash	
2026-09-01T12:04:00	0.896	27	30.1333	0.0	54.0	38.8	36.5	200.0	56.0	40.0	36.6	flash	
2026-09-01T12:04:30	0.597	18	30.1667	40.0	36.0	39.4	36.3	160.0	66.0	40.0	36.5	flash	
2026-09-01T12:05:00	0.597	18	30.1667	40.0	36.0	38.2	36.4	100.0	40.0	39.4	36.4	flash	
2026-09-01T12:05:30	0.365	11	30.1667	40.0	22.0	37.0	36.2	60.0	36.0	38.4	36.4	flash	
2026-09-01T12:06:00	0.298	9	30.1667	0.0	18.0	37.0	36.4	60.0	26.0	37.4	36.4	flash	
2026-09-01T12:06:30	0.398	12	30.1667	0.0	24.0	33.8	36.2	120.0	32.0	36.8	36.4	flash	
2026-09-01T12:07:00	0.583	17	29.1611	20.0	34.0	33.4	36.3	160.0	46.0	35.2	36.4	flash	
2026-09-01T12:07:30	0.663	20	30.1667	20.0	40.0	33.0	36.4	140.0	40.0	33.8	36.4	flash	
2026-09-01T12:08:00	1.094	33	30.1667	100.0	66.0	35.2	36.5	180.0	66.0	35.2	36.5	flash	
2026-09-01T12:08:30	0.398	12	30.1667	40.0	24.0	35.4	36.1	100.0	62.0	35.6	36.5	flash	
2026-09-01T12:09:00	0.862	26	30.1667	140.0	52.0	35.2	36.2	140.0	52.0	36.2	36.2	flash	
2026-09-01T12:09:30	0.762	23	30.1667	60.0	46.0	36.2	36.2	160.0	60.0	36.4	36.2	flash	
2026-09-01T12:10:00	0.377	11	29.1611	20.0	24.0	34.8	36.0	100.0	46.0	36.2	36.3	flash	
2026-09-01T12:10:30	0.729	22	30.1667	40.0	44.0	37.0	36.1	160.0	46.0	37.8	36.1	flash	
2026-09-01T12:11:00	0.895	27	30.1667	100.0	54.0	40.6	36.3	160.0	56.0	40.6	36.3	flash	
2026-09-01T12:11:30	0.696	21	30.1667	80.0	42.0	42.4	36.5	160.0	58.0	42.4	36.5	flash	
2026-09-01T12:12:00	0.663	20	30.1667	60.0	40.0	43.0	36.6	140.0	60.0	43.0	36.7	flash	
2026-09-01T12:12:30	0.829	25	30.1667	60.0	50.0	44.0	36.8	120.0	56.0	45.0	36.8	flash	
2026-09-01T12:13:00	0.446	13	29.1611	0.0	26.0	40.4	36.7	100.0	46.0	44.0	37.0	flash	
2026-09-01T12:13:30	0.497	15	30.1667	0.0	30.0	40.6	36.5	100.0	40.0	42.0	36.8	flash	
2026-09-01T12:14:00	0.365	11	30.1667	20.0	22.0	37.8	36.3	100.0	26.0	40.6	36.5	flash	
2026-09-01T12:14:30	0.597	18	30.1667	0.0	36.0	36.8	36.3	120.0	38.0	38.0	36.3	flash	
2026-09-01T12:15:00	0.431	13	30.1667	20.0	26.0	37.0	36.2	140.0	36.0	37.2	36.3	flash	
2026-09-01T12:15:30	0.829	25	30.1667	20.0	50.0	37.6	36.5	140.0	52.0	38.0	36.5	flash	
2026-09-01T12:16:00	0.789	23	29.1611	40.0	46.0	37.0	36.6	140.0	56.0	38.6	36.6	flash	
2026-09-01T12:16:30	0.928	28	30.1667	20.0	56.0	38.4	36.8	200.0	66.0	40.4	36.8	flash	
2026-09-01T12:17:00	0.564	17	30.1667	40.0	34.0	37.8	36.6	100.0	62.0	39.4	36.7	flash	
2026-09-01T12:17:30	0.431	13	30.1667	40.0	26.0	35.2	36.3	80.0	32.0	37.6	36.6	flash	
2026-09-01T12:18:00	0.829	25	30.1667	20.0	50.0	37.6	36.5	140.0	54.0	37.6	36.5	flash	
2026-09-01T12:18:30	0.696	21	30.1667	60.0	42.0	38.8	36.5	220.0	62.0	39.2	36.6	flash	
2026-09-01T12:19:00	0.137	4	29.1611	0.0	10.0	37.4	36.0	40.0	42.0	39.2	36.5	flash	
2026-09-01T12:19:30	1.028	31	30.1667	20.0	62.0	40.0	36.4	240.0	62.0	40.8	36.4	flash	
2026-09-01T12:20:00	0.696	21	30.1667	20.0	42.0	41.8	36.5	120.0	76.0	41.8	36.5	flash	
2026-09-01T12:20:30	0.564	17	30.1667	20.0	34.0	40.0	36.5	120.0	50.0	42.6	36.6	flash	
2026-09-01T12:21:00	0.762	23	30.1667	80.0	46.0	40.0	36.6	140.0	48.0	40.4	36.6	flash	
2026-09-01T12:21:30	0.564	17	30.1667	40.0	34.0	37.8	36.6	80.0	52.0	39.8	36.7	flash	
2026-09-01T12:22:00	0.617	18	29.1611	40.0	38.0	38.4	36.6	120.0	52.0	38.6	36.9	flash	
2026-09-01T12:22:30	0.597	18	30.1667	0.0	36.0	39.0	36.5	100.0	42.0	40.0	36.6	flash	
2026-09-01T12:23:00	0.796	24	30.1667	80.0	48.0	38.8	36.8	100.0	48.0	39.8	36.8	flash	
2026-09-01T12:23:30	0.431	13	30.1667	0.0	26.0	37.4	36.9	100.0	58.0	39.6	37.0	flash	
2026-09-01T12:24:00	0.564	17	30.1667	0.0	34.0	39.8	37.0	120.0	42.0	39.8	37.1	flash	
2026-09-01T12:24:30	0.630	19	30.1667	0.0	38.0	37.4	37.0	160.0	42.0	40.6	37.1	flash	
2026-09-01T12:25:00	0.994	29	29.1611	20.0	58.0	39.0	37.3	180.0	62.0	39.4	37.4	flash	
2026-09-01T12:25:30	0.762	23	30.1667	20.0	46.0	40.4	37.3	140.0	68.0	40.4	37.4	flash	
2026-09-01T12:26:00	0.928	28	30.1667	20.0	56.0	41.2	37.4	140.0	70.0	43.6	37.6	flash	
2026-09-01T12:26:30	0.829	25	30.1667	100.0	50.0	43.0	37.4	200.0	58.0	43.4	37.5	flash	
2026-09-01T12:27:00	0.796	24	30.1667	60.0	48.0	44.0	37.4	120.0	62.0	44.2	37.5	flash	
2026-09-01T12:27:30	0.265	8	30.1667	40.0	16.0	42.0	37.3	80.0	48.0	44.2	37.4	flash	
2026-09-01T12:28:00	0.583	17	29.1611	100.0	34.0	40.8	37.4	100.0	36.0	42.8	37.4	flash	
2026-09-01T12:28:30	0.331	10	30.1667	40.0	20.0	40.0	36.9	100.0	36.0	40.8	37.5	flash	
2026-09-01T12:29:00	0.796	24	30.1667	0.0	48.0	41.4	37.1	180.0	52.0	41.6	37.1	flash	
2026-09-01T12:29:30	0.829	25	30.1667	20.0	50.0	42.6	37.1	180.0	72.0	43.0	37.2	flash	
2026-09-01T12:30:00	0.630	19	30.1667	40.0	38.0	40.6	37.1	140.0	56.0	43.0	37.2	flash	
2026-09-01T12:30:30	0.762	23	30.1667	0.0	46.0	40.6	37.2	120.0	52.0	42.0	37.3	flash	
2026-09-01T12:31:00	0.652	19	29.1611	0.0	38.0	39.0	37.3	100.0	50.0	40.6	37.3	flash	
2026-09-01T12:31:30	0.796	24	30.1667	60.0	48.0	39.2	37.4	160.0	48.0	40.2	37.4	flash	
2026-09-01T12:32:00	0.663	20	30.1667	0.0	40.0	37.8	37.4	180.0	62.0	40.2	37.6	flash	
2026-09-01T12:32:30	0.796	24	30.1667	60.0	48.0	41.0	37.5	180.0	48.0	41.2	37.5	flash	
2026-09-01T12:33:00	0.497	15	30.1667	40.0	30.0	40.6	37.3	100.0	56.0	41.4	37.5	flash	
2026-09-01T12:33:30	1.094	33	30.1667	100.0	66.0	45.2	37.7	220.0	66.0	45.2	37.7	flash	
2026-09-01T12:34:00	0.206	6	29.1611	0.0	14.0	41.6	37.6	80.0	66.0	45.2	37.8	flash	
2026-09-01T12:34:30	0.663	20	30.1667	40.0	40.0	40.6	37.5	100.0	40.0	43.0	37.7	flash	
2026-09-01T12:35:00	0.431	13	30.1667	0.0	26.0	39.6	37.5	80.0	36.0	41.2	37.6	flash	
2026-09-01T12:35:30	0.530	16	30.1667	0.0	32.0	38.0	37.5	120.0	34.0	39.6	37.5	flash	
2026-09-01T12:36:00	0.796	24	30.1667	0.0	48.0	39.0	37.6	200.0	58.0	39.8	37.9	flash	
2026-09-01T12:36:30	0.696	21	30.1667	0.0	42.0	38.4	37.8	140.0	54.0	39.4	37.8	flash	
2026-09-01T12:37:00	0.583	17	29.1611	80.0	34.0	37.8	37.9	120.0	46.0	39.0	37.9	flash	
2026-09-01T12:37:30	0.331	10	30.1667	0.0	20.0	35.6	37.8	140.0	34.0	37.8	37.9	flash	
2026-09-01T12:38:00	0.564	17	30.1667	0.0	34.0	35.4	37.9	80.0	44.0	36.2	37.9	flash	
2026-09-01T12:38:30	0.696	21	30.1667	40.0	42.0	33.2	37.8	200.0	42.0	35.8	37.9	flash	
2026-09-01T12:39:00	0.431	13	30.1667	0.0	26.0	34.4	37.7	80.0	50.0	34.4	37.8	flash	
2026-09-01T12:39:30	0.961	29	30.1667	20.0	58.0	36.2	37.6	160.0	58.0	36.4	37.7	flash	
2026-09-01T12:40:00	0.514	15	29.1611	0.0	32.0	36.6	37.5	160.0	58.0	37.2	37.6	flash	
2026-09-01T12:40:30	0.862	26	30.1667	0.0	52.0	38.6	37.5	200.0	54.0	38.8	37.5	flash	
2026-09-01T12:41:00	0.829	25	30.1667	20.0	50.0	38.8	37.7	180.0	78.0	40.8	37.9	flash	
2026-09-01T12:41:30	0.630	19	30.1667	20.0	38.0	38.4	37.7	100.0	56.0	39.8	37.9	flash	
2026-09-01T12:42:00	0.696	21	30.1667	20.0	42.0	39.2	37.8	180.0	42.0	39.8	37.8	flash	
2026-09-01T12:42:30	0.762	23	30.1667	0.0	46.0	41.8	37.9	100.0	64.0	41.8	38.0	flash	
2026-09-01T12:43:00	0.754	22	29.1611	80.0	44.0	42.8	38.2	180.0	48.0	42.8	38.2	flash	
2026-09-01T12:43:30	0.464	14	30.1667	20.0	28.0	41.4	38.1	140.0	58.0	44.0	38.2	flash	
2026-09-01T12:44:00	0.696	21	30.1667	40.0	42.0	43.0	38.1	200.0	42.0	43.0	38.1	flash	
2026-09-01T12:44:30	0.464	14	30.1667	20.0	28.0	40.2	38.1	100.0	52.0	43.0	38.3	flash	
2026-09-01T12:45:00	0.530	16	30.1667	0.0	32.0	40.2	38.3	80.0	36.0	41.8	38.3	flash	
2026-09-01T12:45:30	0.597	18	30.1667	20.0	36.0	38.6	38.2	120.0	42.0	41.2	38.4	flash	
2026-09-01T12:46:00	0.583	17	29.1611	20.0	34.0	37.0	38.2	120.0	48.0	39.4	38.3	flash	
2026-09-01T12:46:30	0.597	18	30.1667	60.0	36.0	36.8	38.1	120.0	50.0	38.4	38.3	flash	
2026-09-01T12:47:00	0.530	16	30.1667	20.0	32.0	35.8	38.0	140.0	38.0	38.8	38.2	flash	
2026-09-01T12:47:30	0.497	15	30.1667	120.0	30.0	34.2	38.0	120.0	38.0	36.6	38.1	flash	
2026-09-01T12:48:00	0.729	22	30.1667	80.0	44.0	34.2	38.2	120.0	50.0	36.8	38.2	flash	
2026-09-01T12:48:30	0.630	19	30.1667	20.0	38.0	35.2	38.4	160.0	64.0	36.4	38.4	flash	
2026-09-01T12:49:00	0.926	27	29.1611	40.0	54.0	36.6	38.6	200.0	54.0	38.2	38.7	flash	
2026-09-01T12:49:30	0.564	17	30.1667	40.0	34.0	37.0	38.6	100.0	54.0	37.4	38.6	flash	
2026-09-01T12:50:00	0.564	17	30.1667	0.0	34.0	37.2	38.5	120.0	40.0	37.4	38.6	flash	
2026-09-01T12:50:30	0.663	20	30.1667	0.0	40.0	37.6	38.5	180.0	52.0	39.2	38.7	flash	
2026-09-01T12:51:00	0.630	19	30.1667	0.0	38.0	38.0	38.7	100.0	38.0	38.6	38.8	flash	
2026-09-01T12:51:30	0.497	15	30.1667	0.0	30.0	37.4	38.5	120.0	42.0	38.0	38.7	flash	
2026-09-01T12:52:00	0.377	11	29.1611	0.0	22.0	36.6	38.3	80.0	42.0	38.6	38.6	flash	
2026-09-01T12:52:30	0.829	25	30.1667	40.0	50.0	38.6	38.4	260.0	50.0	39.4	38.5	flash	
2026-09-01T12:53:00	0.597	18	30.1667	0.0	36.0	37.6	38.3	180.0	52.0	38.8	38.4	flash	
2026-09-01T12:53:30	0.729	22	30.1667	40.0	44.0	38.2	38.5	120.0	50.0	38.4	38.5	flash	
2026-09-01T12:54:00	0.729	22	30.1667	0.0	44.0	37.2	38.4	120.0	62.0	38.4	38.6	flash	
2026-09-01T12:54:30	0.331	10	30.1667	0.0	20.0	35.8	38.2	80.0	42.0	37.2	38.4	flash	
2026-09-01T12:55:00	0.412	12	29.1611	60.0	24.0	34.8	38.1	60.0	28.0	36.2	38.2	flash	
2026-09-01T12:55:30	0.597	18	30.1667	40.0	36.0	34.4	38.3	200.0	44.0	35.0	38.4	flash	
2026-09-01T12:56:00	0.564	17	30.1667	20.0	34.0	34.0	38.4	200.0	38.0	34.6	38.4	flash	
2026-09-01T12:56:30	0.829	25	30.1667	0.0	50.0	36.0	38.7	140.0	66.0	36.2	38.7	flash	
2026-09-01T12:57:00	0.497	15	30.1667	20.0	30.0	36.8	38.6	60.0	56.0	37.0	38.7	flash	
2026-09-01T12:57:30	0.762	23	30.1667	40.0	46.0	36.4	38.7	200.0	54.0	39.0	38.8	flash	
2026-09-01T12:58:00	0.686	20	29.1611	20.0	44.0	36.8	38.5	180.0	56.0	38.8	38.8	flash	
2026-09-01T12:58:30	0.497	15	30.1667	0.0	30.0	35.4	38.5	120.0	46.0	37.4	38.6	flash	
2026-09-01T12:59:00	0.729	22	30.1667	20.0	44.0	35.4	38.4	180.0	44.0	35.4	38.6	flash	
2026-09-01T12:59:30	0.829	25	30.1667	0.0	50.0	38.4	38.5	200.0	72.0	38.8	38.7	flash	
2026-09-01T13:00:00	0.530	16	30.1667	20.0	32.0	39.2	38.6	120.0	44.0	40.0	38.6	flash	
2026-09-01T13:00:30	0.762	23	30.1667	80.0	46.0	40.2	38.6	100.0	46.0	40.2	38.6	flash	
2026-09-01T13:01:00	0.617	18	29.1611	120.0	42.0	40.6	38.4	120.0	54.0	41.8	38.7	flash	
2026-09-01T13:01:30	0.862	26	30.1667	0.0	52.0	40.6	38.5	160.0	64.0	43.0	38.7	flash	
2026-09-01T13:02:00	0.398	12	30.1667	20.0	24.0	40.0	38.4	80.0	56.0	41.4	38.5	flash	
2026-09-01T13:02:30	0.464	14	30.1667	0.0	28.0	38.6	38.1	100.0	32.0	40.8	38.4	flash	
2026-09-01T13:03:00	0.729	22	30.1667	0.0	44.0	38.6	38.3	140.0	48.0	39.0	38.4	flash	
2026-09-01T13:03:30	1.061	32	30.1667	60.0	64.0	42.0	38.6	240.0	64.0	42.4	38.6	flash	
2026-09-01T13:04:00	0.343	10	29.1611	40.0	22.0	39.6	38.6	80.0	68.0	42.6	38.8	flash	
2026-09-01T13:04:30	0.431	13	30.1667	60.0	26.0	37.2	38.5	140.0	26.0	39.8	38.6	flash	
2026-09-01T13:05:00	0.696	21	30.1667	80.0	42.0	38.2	38.7	160.0	42.0	38.2	38.7	flash	
2026-09-01T13:05:30	0.696	21	30.1667	100.0	42.0	38.4	38.6	120.0	50.0	38.8	38.7	flash	
2026-09-01T13:06:00	0.497	15	30.1667	40.0	30.0	37.2	38.4	80.0	48.0	38.2	38.6	flash	
2026-09-01T13:06:30	0.961	29	30.1667	40.0	58.0	37.8	38.5	140.0	58.0	38.2	38.5	flash	
2026-09-01T13:07:00	0.343	10	29.1611	20.0	22.0	37.6	38.4	100.0	58.0	38.4	38.4	flash	
2026-09-01T13:07:30	0.564	17	30.1667	0.0	34.0	38.0	38.4	160.0	36.0	38.0	38.4	flash	
2026-09-01T13:08:00	0.829	25	30.1667	0.0	50.0	38.6	38.4	180.0	52.0	38.8	38.5	flash	
2026-09-01T13:08:30	0.796	24	30.1667	0.0	48.0	37.2	38.5	160.0	64.0	39.2	38.5	flash	
2026-09-01T13:09:00	0.829	25	30.1667	80.0	50.0	40.0	38.9	100.0	58.0	40.0	38.9	flash	
2026-09-01T13:09:30	0.464	14	30.1667	0.0	28.0	40.2	38.5	100.0	48.0	41.8	39.0	flash	
2026-09-01T13:10:00	0.994	20	20.1111	20.0	58.0	42.2	38.7	220.0	60.0	42.8	38.8	flash	
2026-09-01T14:10:30	0.710	10	14.0778	80.0				80.0				flash	
2026-09-01T14:11:00	0.796	24	30.1667	100.0	48.0			120.0	52.0			flash	
2026-09-01T14:11:30	0.597	18	30.1667	0.0	36.0			120.0	50.0			flash	
2026-09-01T14:12:00	0.630	19	30.1667	0.0	38.0			120.0	48.0			flash	
2026-09-01T14:12:30	0.630	19	30.1667	120.0	38.0			120.0	50.0			flash	
2026-09-01T14:13:00	0.398	12	30.1667	0.0	24.0			120.0	38.0			flash	
2026-09-01T14:13:30	0.754	22	29.1611	0.0	44.0			200.0	44.0			flash	
2026-09-01T14:14:00	0.530	16	30.1667	60.0	32.0			100.0	54.0			flash	
2026-09-01T14:14:30	0.796	24	30.1667	80.0	48.0			240.0	54.0			flash	
2026-09-01T14:15:00	0.796	24	30.1667	100.0	48.0			200.0	68.0			flash	
2026-09-01T14:15:30	0.564	17	30.1667	40.0	34.0	39.0		80.0	40.0	39.4		flash	
2026-09-01T14:16:00	0.796	24	30.1667	40.0	48.0	39.0		220.0	58.0	39.8		flash	
2026-09-01T14:16:30	0.309	9	29.0944	0.0	20.0	37.2		60.0	52.0	39.2		flash	
2026-09-01T14:17:00	0.367	11	30	0.0	22.0	35.6		100.0	26.0	38.4		flash	
2026-09-01T14:17:30	1.167	35	30	20.0	70.0	39.4		260.0	70.0	40.0		flash	
2026-09-01T14:18:00	0.400	12	30	20.0	24.0	38.8		80.0	70.0	38.8		flash	
2026-09-01T14:18:30	0.333	10	30	0.0	20.0	36.4		120.0	38.0	39.6		flash	
2026-09-01T14:19:00	0.567	17	30	0.0	34.0	36.6		200.0	34.0	37.6		flash	
2026-09-01T14:19:30	0.333	10	30.0667	0.0	20.0	33.8		100.0	46.0	37.6		flash	
2026-09-01T14:20:00	0.796	24	30.1667	20.0	48.0	34.2		160.0	48.0	34.8		flash	
2026-09-01T14:20:30	0.663	20	30.1667	80.0	40.0	34.4		140.0	56.0	36.0		flash	
2026-09-01T14:21:00	0.862	26	30.1667	80.0	52.0	35.0		140.0	58.0	36.2		flash	
2026-09-01T14:21:30	0.597	18	30.1667	40.0	36.0	36.6		100.0	54.0	36.6		flash	
2026-09-01T14:22:00	0.630	19	30.1667	40.0	38.0	38.2		160.0	42.0	38.2		flash	
2026-09-01T14:22:30	0.617	18	29.1611	120.0	36.0	34.8		120.0	50.0	38.8		flash	
2026-09-01T14:23:00	0.729	22	30.1667	60.0	44.0	36.8		120.0	52.0	37.4		flash	
2026-09-01T14:23:30	0.530	16	30.1667	40.0	32.0	38.0		120.0	48.0	38.0		flash	
2026-09-01T14:24:00	0.564	17	30.1667	20.0	34.0	38.0		180.0	44.0	38.6		flash	
2026-09-01T14:24:30	1.028	31	30.1667	20.0	62.0	42.2		140.0	72.0	42.2		flash	
2026-09-01T14:25:00	0.630	19	30.1667	20.0	38.0	41.2		120.0	60.0	43.0		flash	
2026-09-01T14:25:30	0.686	20	29.1611	0.0	40.0	41.2		120.0	44.0	42.0		flash	
2026-09-01T14:26:00	0.729	22	30.1667	80.0	44.0	40.8		120.0	44.0	41.2		flash	
2026-09-01T14:26:30	0.530	16	30.1667	0.0	32.0	40.0		140.0	60.0	42.2		flash	
2026-09-01T14:27:00	0.464	14	30.1667	0.0	28.0	39.0		160.0	34.0	40.8		flash	
2026-09-01T14:27:30	0.497	15	30.1667	80.0	30.0	38.4		80.0	40.0	39.6		flash	
2026-09-01T14:28:00	0.497	15	30.1667	0.0	30.0	37.0		100.0	38.0	38.6		flash	
2026-09-01T14:28:30	0.617	18	29.1611	80.0	36.0	37.4		140.0	36.0	37.4		flash	
2026-09-01T14:29:00	0.597	18	30.1667	20.0	36.0	37.8		100.0	60.0	39.2		flash	
2026-09-01T14:29:30	0.497	15	30.1667	0.0	30.0	34.4		120.0	46.0	37.8		flash	
2026-09-01T14:30:00	0.762	23	30.1667	100.0	46.0	35.2		160.0	46.0	35.8		flash	
2026-09-01T14:30:30	0.762	23	30.1667	80.0	46.0	35.8		100.0	50.0	35.8		flash	
2026-09-01T14:31:00	0.696	21	30.1667	0.0	42.0	35.6		120.0	56.0	36.4		flash	
2026-09-01T14:31:30	0.343	10	29.1611	60.0	20.0	34.4		60.0	44.0	35.6		flash	
2026-09-01T14:32:00	0.597	18	30.1667	20.0	36.0	35.2		140.0	46.0	36.6		flash	
2026-09-01T14:32:30	0.862	26	30.1667	20.0	52.0	38.0		220.0	52.0	38.0		flash	
2026-09-01T14:33:00	0.431	13	30.1667	60.0	26.0	37.0		100.0	66.0	38.0		flash	
2026-09-01T14:33:30	0.796	24	30.1667	60.0	48.0	38.2		140.0	48.0	39.2		flash	
2026-09-01T14:34:00	0.895	27	30.1667	100.0	54.0	40.0		120.0	56.0	40.2		flash	
2026-09-01T14:34:30	0.583	17	29.1611	80.0	34.0	40.4		80.0	56.0	40.4		flash	
2026-09-01T14:35:00	0.564	17	30.1667	20.0	34.0	39.2		120.0	42.0	40.6		flash	
2026-09-01T14:35:30	0.961	29	30.1667	20.0	58.0	40.4		200.0	62.0	41.6		flash	
2026-09-01T14:36:00	0.663	20	30.1667	100.0	40.0	40.2		120.0	58.0	41.6		flash	
2026-09-01T14:36:30	0.862	26	30.1667	0.0	52.0	43.4		160.0	62.0	44.0		flash	
2026-09-01T14:37:00	0.497	15	30.1667	60.0	30.0	42.8		80.0	52.0	43.6		flash	
2026-09-01T14:37:30	0.378	11	29.1278	0.0	22.0	40.0		120.0	38.0	43.8		flash	
2026-09-01T14:38:00	0.700	21	30	180.0	42.0	41.4		180.0	42.0	41.4		flash	
2026-09-01T14:38:30	0.867	26	30	0.0	52.0	41.8		160.0	72.0	44.2		flash	
2026-09-01T14:39:00	0.867	26	30	100.0	52.0	41.6		260.0	74.0	44.4		flash	
2026-09-01T14:39:30	0.467	14	30	0.0	28.0	41.2		180.0	50.0	42.4		flash	
2026-09-01T14:40:00	0.467	14	30	20.0	28.0	40.4		100.0	28.0	41.8		flash	
2026-09-01T14:40:30	0.733	22	30.0278	140.0	44.0	39.0		160.0	44.0	40.6		flash	
2026-09-01T14:41:00	0.663	20	30.1667	20.0	40.0	39.2		100.0	56.0	40.0		flash	
2026-09-01T14:41:30	0.895	27	30.1667	140.0	54.0	39.2		160.0	54.0	40.0		flash	
2026-09-01T14:42:00	0.696	21	30.1667	20.0	42.0	40.4		160.0	56.0	41.0		flash	
2026-09-01T14:42:30	0.928	28	30.1667	0.0	56.0	43.8		200.0	74.0	44.6		flash	
2026-09-01T14:43:00	0.762	23	30.1667	60.0	46.0	44.2		180.0	70.0	45.4		flash	
2026-09-01T14:43:30	0.754	22	29.1611	80.0	46.0	43.4		160.0	52.0	44.2		flash	
2026-09-01T14:44:00	0.597	18	30.1667	40.0	36.0	41.8		80.0	50.0	42.8		flash	
2026-09-01T14:44:30	0.796	24	30.1667	80.0	48.0	43.8		160.0	48.0	43.8		flash	
2026-09-01T14:45:00	0.762	23	30.1667	0.0	46.0	45.6		160.0	68.0	46.4		flash	
2026-09-01T14:45:30	0.663	20	30.1667	0.0	40.0	45.2		140.0	60.0	46.6		flash	
2026-09-01T14:46:00	0.564	17	30.1667	20.0	34.0	44.6		100.0	40.0	45.2		flash	
2026-09-01T14:46:30	0.480	14	29.1611	20.0	30.0	42.4		100.0	36.0	44.4		flash	
2026-09-01T14:47:00	0.298	9	30.1667	60.0	18.0	39.6		100.0	30.0	42.0		flash	
2026-09-01T14:47:30	0.729	22	30.1667	80.0	44.0	38.4		120.0	44.0	40.8		flash	
2026-09-01T14:48:00	0.729	22	30.1667	20.0	44.0	38.4		100.0	54.0	39.4		flash	
2026-09-01T14:48:30	0.630	19	30.1667	20.0	38.0	37.6		180.0	52.0	39.6		flash	
2026-09-01T14:49:00	0.365	11	30.1667	60.0	22.0	36.2		100.0	40.0	37.4		flash	
2026-09-01T14:49:30	0.754	22	29.1611	0.0	48.0	36.0		140.0	50.0	38.4		flash	
2026-09-01T14:50:00	0.365	11	30.1667	40.0	22.0	33.4		80.0	44.0	36.0		flash	
2026-09-01T14:50:30	0.663	20	30.1667	100.0	40.0	33.4		120.0	40.0	34.0		flash	
2026-09-01T14:51:00	0.729	22	30.1667	20.0	44.0	34.6		160.0	52.0	34.8		flash	
2026-09-01T14:51:30	0.663	20	30.1667	20.0	40.0	35.6		120.0	54.0	36.4		flash	
2026-09-01T14:52:00	0.696	21	30.1667	0.0	42.0	38.0		120.0	48.0	38.6		flash	
2026-09-01T14:52:30	0.171	5	29.1611	0.0	10.0	35.2		80.0	40.0	37.4		flash	
2026-09-01T14:53:00	0.696	21	30.1667	120.0	42.0	34.4		120.0	42.0	35.2		flash	
2026-09-01T14:53:30	0.961	29	30.1667	100.0	58.0	36.4		160.0	68.0	36.4		flash	
2026-09-01T14:54:00	0.166	5	30.1667	0.0	10.0	35.6		60.0	62.0	37.0		flash	
2026-09-01T14:54:30	0.696	21	30.1667	20.0	42.0	35.0		160.0	42.0	35.6		flash	
2026-09-01T14:55:00	0.497	15	30.1667	60.0	30.0	35.8		100.0	50.0	36.4		flash	
2026-09-01T14:55:30	0.926	27	29.1611	0.0	56.0	37.2		200.0	60.0	38.4		flash	
2026-09-01T14:56:00	0.895	27	30.1667	20.0	54.0	38.2		180.0	58.0	39.4		flash	
2026-09-01T14:56:30	0.796	24	30.1667	40.0	48.0	39.2		160.0	60.0	39.2		flash	
2026-09-01T14:57:00	0.431	13	30.1667	0.0	26.0	37.4		100.0	48.0	39.0		flash	
2026-09-01T14:57:30	0.365	11	30.1667	0.0	22.0	38.6		100.0	34.0	39.0		flash	
2026-09-01T14:58:00	0.530	16	30.1667	0.0	32.0	37.6		100.0	32.0	39.4		flash	
2026-09-01T14:58:30	0.530	16	30.1667	20.0	32.0	35.0		120.0	42.0	37.6		flash	
2026-09-01T14:59:00	0.514	15	29.1611	0.0	30.0	37.0		140.0	46.0	37.2		flash	
2026-09-01T14:59:30	0.961	29	30.1667	60.0	58.0	38.6		220.0	58.0	40.0		flash	
2026-09-01T15:00:00	0.762	23	30.1667	60.0	46.0	40.4		140.0	58.0	40.6		flash	
2026-09-01T15:00:30	0.530	16	30.1667	0.0	32.0	38.0	38.4	140.0	52.0	40.2	38.5	flash	
2026-09-01T15:01:00	0.431	13	30.1667	120.0	26.0	35.2	38.1	120.0	32.0	37.8	38.4	flash	
2026-09-01T15:01:30	0.530	16	30.1667	40.0	32.0	33.6	38.1	140.0	42.0	35.2	38.1	flash	
2026-09-01T15:02:00	0.480	14	29.1611	20.0	28.0	33.8	38.0	100.0	42.0	34.4	38.1	flash	
2026-09-01T15:02:30	0.431	13	30.1667	0.0	26.0	34.2	37.9	160.0	34.0	34.6	38.0	flash	
2026-09-01T15:03:00	0.994	30	30.1667	60.0	60.0	37.0	38.2	200.0	60.0	37.0	38.2	flash	
2026-09-01T15:03:30	0.729	22	30.1667	60.0	44.0	38.2	38.2	140.0	66.0	38.6	38.4	flash	
2026-09-01T15:04:00	0.497	15	30.1667	0.0	30.0	38.2	38.2	120.0	50.0	39.0	38.3	flash	
2026-09-01T15:04:30	0.895	27	30.1667	40.0	54.0	37.8	38.3	200.0	54.0	39.2	38.4	flash	
2026-09-01T15:05:00	0.549	16	29.1611	0.0	34.0	36.4	38.2	160.0	54.0	38.2	38.2	flash	
2026-09-01T15:05:30	0.994	30	30.1667	120.0	60.0	39.2	38.4	240.0	60.0	39.2	38.4	flash	
2026-09-01T15:06:00	0.464	14	30.1667	0.0	28.0	40.4	38.2	160.0	66.0	41.2	38.4	flash	
2026-09-01T15:06:30	0.564	17	30.1667	0.0	34.0	39.6	38.3	80.0	42.0	41.4	38.4	flash	
2026-09-01T15:07:00	0.829	25	30.1667	0.0	50.0	41.8	38.6	200.0	58.0	42.2	38.6	flash	
2026-09-01T15:07:30	1.028	31	30.1667	20.0	62.0	45.4	38.5	220.0	62.0	45.4	38.8	flash	
2026-09-01T15:08:00	0.240	7	29.1611	20.0	16.0	41.0	38.4	60.0	62.0	45.4	38.6	flash	
2026-09-01T15:08:30	0.895	27	30.1667	100.0	54.0	42.2	38.8	260.0	54.0	42.2	38.8	flash	
2026-09-01T15:09:00	0.298	9	30.1667	60.0	18.0	40.6	38.6	100.0	56.0	41.8	38.8	flash	
2026-09-01T15:09:30	0.961	29	30.1667	100.0	58.0	41.2	39.0	260.0	58.0	42.4	39.0	flash	
2026-09-01T15:10:00	0.597	18	30.1667	60.0	36.0	41.4	38.9	160.0	68.0	42.2	39.0	flash	
2026-09-01T15:10:30	0.564	17	30.1667	120.0	34.0	38.8	38.8	160.0	42.0	42.0	38.9	flash	
2026-09-01T15:11:00	0.789	23	29.1611	100.0	50.0	40.6	38.8	140.0	58.0	41.0	38.8	flash	
2026-09-01T15:11:30	0.331	10	30.1667	20.0	20.0	39.2	38.6	120.0	52.0	41.4	38.9	flash	
2026-09-01T15:12:00	0.762	23	30.1667	120.0	46.0	38.8	38.7	140.0	46.0	39.4	38.8	flash	
2026-09-01T15:12:30	0.762	23	30.1667	40.0	46.0	37.4	38.8	120.0	58.0	39.4	38.9	flash	
2026-09-01T15:13:00	0.365	11	30.1667	0.0	22.0	38.0	38.6	120.0	44.0	38.4	38.8	flash	
2026-09-01T15:13:30	0.530	16	30.1667	0.0	32.0	35.8	38.6	120.0	42.0	40.0	38.7	flash	
2026-09-01T15:14:00	0.926	27	29.1611	100.0	54.0	39.8	38.8	160.0	54.0	40.0	38.8	flash	
2026-09-01T15:14:30	0.564	17	30.1667	20.0	34.0	37.8	38.5	140.0	54.0	39.4	38.8	flash	
2026-09-01T15:15:00	0.729	22	30.1667	0.0	44.0	38.0	38.5	120.0	54.0	38.6	38.6	flash	
2026-09-01T15:15:30	0.796	24	30.1667	60.0	48.0	39.6	38.6	140.0	50.0	40.4	38.6	flash	
2026-09-01T15:16:00	0.597	18	30.1667	20.0	36.0	38.2	38.5	100.0	50.0	39.6	38.7	flash	
2026-09-01T15:16:30	0.431	13	30.1667	0.0	26.0	38.8	38.5	160.0	36.0	39.0	38.5	flash	
2026-09-01T15:17:00	0.723	21	29.0333	0.0	42.0	38.6	38.6	140.0	56.0	40.4	38.8	flash	
2026-09-01T15:17:30	0.633	19	30	20.0	38.0	37.6	38.8	140.0	44.0	39.0	38.8	flash	
2026-09-01T15:18:00	0.567	17	30	20.0	34.0	38.8	38.7	160.0	40.0	38.8	38.7	flash	
2026-09-01T15:18:30	0.267	8	30	80.0	16.0	37.2	38.6	80.0	36.0	39.2	38.8	flash	
2026-09-01T15:19:00	1.233	37	30	300.0	74.0	39.2	38.9	340.0	76.0	39.8	38.9	flash	
2026-09-01T15:19:30	0.433	13	30	40.0	26.0	38.6	38.9	100.0	70.0	39.6	38.9	flash	
2026-09-01T15:20:00	0.166	5	30.1278	0.0	10.0	35.0	38.5	40.0	28.0	38.4	38.9	flash	
2026-09-01T15:20:30	0.928	28	30.1667	0.0	56.0	35.8	38.6	140.0	56.0	36.6	38.7	flash	
2026-09-01T15:21:00	0.862	26	30.1667	60.0	52.0	37.4	38.7	200.0	60.0	37.8	38.7	flash	
2026-09-01T15:21:30	0.431	13	30.1667	60.0	26.0	37.4	38.8	100.0	54.0	38.8	38.8	flash	
2026-09-01T15:22:00	0.762	23	30.1667	40.0	46.0	37.8	38.9	180.0	52.0	38.2	38.9	flash	
2026-09-01T15:22:30	0.530	16	30.1667	140.0	32.0	37.2	38.7	140.0	46.0	38.0	38.9	flash	
2026-09-01T15:23:00	0.412	12	29.1611	0.0	28.0	36.2	38.7	120.0	50.0	39.2	38.7	flash	
2026-09-01T15:23:30	0.696	21	30.1667	0.0	42.0	38.8	38.6	140.0	42.0	39.6	38.8	flash	
2026-09-01T15:24:00	0.564	17	30.1667	40.0	34.0	34.8	38.4	140.0	46.0	38.4	38.7	flash	
2026-09-01T15:24:30	0.331	10	30.1667	20.0	20.0	34.2	38.3	60.0	36.0	35.4	38.4	flash	
2026-09-01T15:25:00	0.729	22	30.1667	20.0	44.0	37.6	38.4	180.0	44.0	37.6	38.5	flash	
2026-09-01T15:25:30	0.464	14	30.1667	40.0	28.0	34.8	38.1	120.0	46.0	37.6	38.4	flash	
2026-09-01T15:26:00	0.754	22	29.1611	40.0	44.0	34.0	38.1	160.0	50.0	36.0	38.2	flash	
2026-09-01T15:26:30	0.365	11	30.1667	0.0	22.0	34.2	37.8	60.0	50.0	34.6	38.1	flash	
2026-09-01T15:27:00	0.365	11	30.1667	80.0	22.0	31.2	37.7	80.0	24.0	33.6	37.8	flash	
2026-09-01T15:27:30	0.630	19	30.1667	20.0	38.0	32.2	37.9	120.0	46.0	34.0	37.9	flash	
2026-09-01T15:28:00	0.729	22	30.1667	20.0	44.0	33.8	37.9	160.0	48.0	33.8	38.1	flash	
2026-09-01T15:28:30	0.994	30	30.1667	20.0	60.0	35.6	38.0	160.0	60.0	35.6	38.0	flash	
2026-09-01T15:29:00	0.720	21	29.1611	100.0	44.0	36.4	37.9	240.0	60.0	36.4	37.9	flash	
2026-09-01T15:29:30	0.597	18	30.1667	0.0	36.0	38.0	38.0	160.0	64.0	38.4	38.0	flash	
2026-09-01T15:30:00	0.729	22	30.1667	60.0	44.0	38.0	38.1	180.0	44.0	38.6	38.1	flash	
2026-09-01T15:30:30	0.530	16	30.1667	60.0	32.0	38.4	38.0	120.0	58.0	39.6	38.2	flash	
2026-09-01T15:31:00	0.696	21	30.1667	20.0	42.0	38.2	38.0	160.0	46.0	39.2	38.0	flash	
2026-09-01T15:31:30	0.696	21	30.1667	60.0	42.0	40.2	37.9	180.0	60.0	40.2	38.1	flash	
2026-09-01T15:32:00	0.480	14	29.1611	0.0	28.0	41.0	37.8	80.0	46.0	41.8	38.0	flash	
2026-09-01T15:32:30	1.028	31	30.1667	60.0	62.0	43.4	37.8	340.0	62.0	43.8	38.0	flash	
2026-09-01T15:33:00	0.597	18	30.1667	20.0	36.0	42.4	37.7	120.0	66.0	43.8	37.9	flash	
2026-09-01T15:33:30	0.464	14	30.1667	100.0	28.0	39.4	37.6	100.0	34.0	42.4	37.7	flash	
2026-09-01T15:34:00	0.729	22	30.1667	80.0	44.0	39.4	37.6	100.0	48.0	41.8	37.7	flash	
2026-09-01T15:34:30	0.729	22	30.1667	60.0	44.0	40.2	37.6	140.0	50.0	40.2	37.7	flash	
2026-09-01T15:35:00	0.652	19	29.1611	20.0	44.0	39.6	37.5	100.0	52.0	41.2	37.7	flash	
2026-09-01T15:35:30	0.630	19	30.1667	20.0	38.0	40.4	37.5	100.0	50.0	40.6	37.6	flash	
2026-09-01T15:36:00	0.663	20	30.1667	100.0	40.0	40.2	37.6	220.0	42.0	40.4	37.6	flash	
2026-09-01T15:36:30	0.564	17	30.1667	0.0	34.0	39.2	37.6	100.0	50.0	40.0	37.6	flash	
2026-09-01T15:37:00	0.564	17	30.1667	0.0	34.0	39.8	37.8	120.0	50.0	40.2	37.9	flash	
2026-09-01T15:37:30	0.762	23	30.1667	80.0	46.0	38.2	37.8	160.0	46.0	41.0	37.9	flash	
2026-09-01T15:38:00	1.235	36	29.1611	100.0	72.0	41.8	38.1	160.0	74.0	42.0	38.1	flash	
2026-09-01T15:38:30	0.696	21	30.1667	20.0	42.0	43.2	38.1	220.0	72.0	44.2	38.2	flash	
2026-09-01T15:39:00	0.862	26	30.1667	60.0	52.0	44.8	38.5	140.0	66.0	44.8	38.5	flash	
2026-09-01T15:39:30	0.829	25	30.1667	60.0	50.0	45.2	38.5	220.0	56.0	45.4	38.5	flash	
2026-09-01T15:40:00	0.729	22	30.1667	160.0	44.0	45.2	38.7	160.0	62.0	46.0	38.7	flash	
2026-09-01T15:40:30	0.597	18	30.1667	0.0	36.0	45.0	38.7	100.0	52.0	46.0	38.8	flash	
2026-09-01T15:41:00	0.377	11	29.1611	0.0	22.0	43.2	38.4	120.0	34.0	46.0	38.7	flash	
2026-09-01T15:41:30	0.895	27	30.1667	20.0	54.0	45.2	38.6	160.0	54.0	46.2	38.6	flash	
2026-09-01T15:42:00	0.928	28	30.1667	20.0	56.0	47.4	38.7	140.0	76.0	47.4	38.8	flash	
2026-09-01T15:42:30	0.398	12	30.1667	20.0	24.0	45.2	38.9	120.0	54.0	47.4	38.9	flash	
2026-09-01T15:43:00	0.564	17	30.1667	0.0	34.0	41.4	38.8	120.0	36.0	45.4	38.9	flash	
2026-09-01T15:43:30	0.729	22	30.1667	40.0	44.0	41.6	38.6	180.0	54.0	43.6	38.9	flash	
2026-09-01T15:44:00	0.549	16	29.1611	20.0	34.0	39.6	38.9	140.0	50.0	42.8	38.9	flash	
2026-09-01T15:44:30	0.564	17	30.1667	0.0	34.0	38.0	38.8	120.0	36.0	40.4	38.9	flash	
2026-09-01T15:45:00	0.696	21	30.1667	40.0	42.0	38.2	38.9	100.0	42.0	39.4	39.0	flash	
2026-09-01T15:45:30	0.729	22	30.1667	80.0	44.0	38.6	38.8	120.0	48.0	38.6	38.9	flash	
2026-09-01T15:46:00	0.431	13	30.1667	0.0	26.0	39.0	38.5	140.0	50.0	39.2	38.9	flash	
2026-09-01T15:46:30	0.597	18	30.1667	60.0	36.0	37.2	38.4	180.0	36.0	39.0	38.6	flash	
2026-09-01T15:47:00	1.166	34	29.1611	100.0	74.0	38.4	38.8	260.0	74.0	38.4	38.8	flash	
2026-09-01T15:47:30	1.293	39	30.1667	120.0	78.0	44.0	39.4	220.0	86.0	44.0	39.4	flash	
2026-09-01T15:48:00	1.160	35	30.1667	360.0	70.0	47.4	39.8	360.0	96.0	47.4	39.8	flash	
2026-09-01T15:48:30	1.956	59	30.1667	80.0	118.0	55.0	40.6	400.0	146.0	55.0	40.6	flash	
2026-09-01T15:49:00	1.525	46	30.1667	20.0	92.0	60.8	41.2	340.0	126.0	60.8	41.2	flash	
2026-09-01T15:49:30	0.199	6	30.1667	60.0	12.0	58.6	40.8	80.0	90.0	60.8	41.2	flash	
2026-09-01T15:50:00	0.446	13	29.1611	40.0	26.0	57.0	40.6	80.0	32.0	58.6	40.8	flash	
2026-09-01T15:50:30	0.663	20	30.1667	0.0	40.0	57.4	40.7	180.0	52.0	59.0	40.8	flash	
2026-09-01T15:51:00	0.696	21	30.1667	40.0	42.0	58.2	40.9	140.0	50.0	58.8	41.0	flash	
2026-09-01T15:51:30	0.630	19	30.1667	0.0	38.0	59.0	40.9	200.0	42.0	59.0	41.0	flash	
2026-09-01T15:52:00	0.729	22	30.1667	60.0	44.0	56.0	41.0	160.0	50.0	58.4	41.1	flash	
2026-09-01T15:52:30	0.630	19	30.1667	20.0	38.0	52.0	41.2	120.0	56.0	57.2	41.2	flash	
2026-09-01T15:53:00	0.480	14	29.1611	80.0	30.0	48.6	40.9	120.0	38.0	51.0	41.2	flash	
2026-09-01T15:53:30	0.464	14	30.1667	0.0	28.0	39.4	40.7	100.0	42.0	48.6	40.9	flash	
2026-09-01T15:54:00	0.895	27	30.1667	0.0	54.0	35.2	40.9	140.0	56.0	39.4	40.9	flash	
2026-09-01T15:54:30	0.564	17	30.1667	80.0	34.0	37.2	40.7	140.0	54.0	37.4	40.9	flash	
2026-09-01T15:55:00	0.331	10	30.1667	0.0	20.0	36.6	40.6	100.0	46.0	38.6	40.8	flash	
2026-09-01T15:55:30	0.630	19	30.1667	0.0	38.0	36.4	40.4	140.0	40.0	37.2	40.8	flash	
2026-09-01T15:56:00	0.720	21	29.1611	0.0	42.0	36.4	40.5	160.0	44.0	36.8	40.5	flash	
2026-09-01T15:56:30	0.862	26	30.1667	0.0	52.0	37.8	40.7	160.0	62.0	38.4	40.7	flash	
2026-09-01T15:57:00	0.497	15	30.1667	0.0	30.0	36.4	40.5	180.0	56.0	38.2	40.7	flash	
2026-09-01T15:57:30	0.796	24	30.1667	60.0	48.0	37.6	40.4	180.0	48.0	37.6	40.5	flash	
2026-09-01T15:58:00	0.796	24	30.1667	60.0	48.0	39.4	40.7	140.0	64.0	39.8	40.7	flash	
2026-09-01T15:58:30	0.630	19	30.1667	80.0	38.0	40.4	40.5	140.0	50.0	40.4	40.9	flash	
2026-09-01T15:59:00	0.892	26	29.1611	20.0	54.0	40.2	40.9	200.0	60.0	41.0	40.9	flash	
2026-09-01T15:59:30	0.497	15	30.1667	120.0	30.0	40.4	40.7	120.0	54.0	40.8	40.9	flash	
2026-09-01T16:00:00	1.028	31	30.1667	140.0	62.0	44.0	40.9	240.0	62.0	44.0	40.9	flash	
2026-09-01T16:00:30	0.762	23	30.1667	80.0	46.0	44.8	41.0	160.0	70.0	44.8	41.1	flash	
2026-09-01T16:01:00	0.696	21	30.1667	80.0	42.0	44.8	40.9	100.0	52.0	45.6	41.1	flash	
2026-09-01T16:01:30	0.796	24	30.1667	60.0	48.0	44.4	41.2	240.0	50.0	45.4	41.2	flash	
2026-09-01T16:02:00	0.617	18	29.1611	0.0	36.0	45.0	41.1	180.0	66.0	46.6	41.3	flash	
2026-09-01T16:02:30	0.597	18	30.1667	60.0	36.0	43.8	41.0	180.0	38.0	45.0	41.1	flash	
2026-09-01T16:03:00	0.365	11	30.1667	0.0	22.0	41.4	41.0	120.0	42.0	43.8	41.0	flash	
2026-09-01T16:03:30	0.331	10	30.1667	20.0	20.0	39.6	40.9	60.0	26.0	41.2	41.0	flash	
2026-09-01T16:04:00	0.497	15	30.1667	40.0	30.0	37.2	40.7	80.0	36.0	40.0	41.0	flash	
2026-09-01T16:04:30	0.464	14	30.1667	40.0	28.0	37.0	40.6	80.0	32.0	38.2	40.8	flash	
2026-09-01T16:05:00	0.720	21	29.1611	60.0	46.0	36.0	40.6	120.0	46.0	37.0	40.6	flash	
2026-09-01T16:05:30	0.464	14	30.1667	0.0	28.0	33.8	40.4	140.0	52.0	35.4	40.6	flash	
2026-09-01T16:06:00	0.564	17	30.1667	80.0	34.0	32.6	40.4	80.0	34.0	33.2	40.4	flash	
2026-09-01T16:06:30	0.796	24	30.1667	0.0	48.0	32.4	40.6	160.0	56.0	34.8	40.7	flash	
2026-09-01T16:07:00	1.094	33	30.1667	180.0	66.0	35.4	40.8	200.0	66.0	35.4	40.8	flash	
2026-09-01T16:07:30	0.961	29	30.1667	200.0	58.0	37.6	41.0	200.0	88.0	37.8	41.0	flash	
2026-09-01T16:08:00	1.271	37	29.1222	100.0	92.0	42.8	41.4	260.0	94.0	42.8	41.4	flash	
2026-09-01T16:08:30	2.067	62	30	20.0	124.0	53.4	42.5	680.0	166.0	54.2	42.6	flash	
2026-09-01T16:09:00	1.300	39	30	40.0	78.0	58.4	42.5	460.0	124.0	58.4	42.9	flash	
2026-09-01T16:09:30	0.733	22	30	20.0	44.0	60.0	42.7	180.0	100.0	60.0	42.8	flash	
2026-09-01T16:10:00	1.267	38	30	20.0	76.0	63.2	43.4	340.0	82.0	64.0	43.4	flash	
2026-09-01T16:10:30	0.533	16	30	0.0	32.0	63.4	43.1	100.0	76.0	63.4	43.4	flash	
2026-09-01T16:11:00	0.965	29	30.0389	40.0	58.0	65.8	43.2	140.0	62.0	66.6	43.4	flash	
2026-09-01T16:11:30	0.696	21	30.1667	20.0	42.0	65.2	43.4	80.0	56.0	66.4	43.4	flash	
2026-09-01T16:12:00	0.530	16	30.1667	20.0	32.0	62.2	43.2	80.0	48.0	66.4	43.4	flash	
2026-09-01T16:12:30	0.829	25	30.1667	80.0	50.0	62.8	43.4	160.0	50.0	62.8	43.5	flash	
2026-09-01T16:13:00	0.530	16	30.1667	20.0	32.0	56.8	43.5	120.0	54.0	61.2	43.5	flash	
2026-09-01T16:13:30	0.796	24	30.1667	100.0	48.0	49.2	43.5	140.0	50.0	58.0	43.6	flash	
2026-09-01T16:14:00	0.377	11	29.1611	20.0	24.0	43.6	43.4	80.0	42.0	49.4	43.6	flash	
2026-09-01T16:14:30	0.630	19	30.1667	40.0	38.0	43.0	43.6	120.0	38.0	43.8	43.6	flash	
2026-09-01T16:15:00	0.862	26	30.1667	40.0	52.0	40.6	43.7	160.0	58.0	43.0	43.8	flash	
2026-09-01T16:15:30	0.762	23	30.1667	0.0	46.0	42.0	43.9	240.0	76.0	42.8	44.0	flash	
2026-09-01T16:16:00	0.398	12	30.1667	100.0	24.0	38.6	43.7	100.0	48.0	41.4	43.9	flash	
2026-09-01T16:16:30	0.961	29	30.1667	20.0	58.0	40.2	44.0	240.0	70.0	41.2	44.0	flash	
2026-09-01T16:17:00	0.789	23	29.1611	40.0	48.0	41.6	44.3	120.0	74.0	41.8	44.3	flash	
2026-09-01T16:17:30	0.431	13	30.1667	0.0	26.0	39.4	44.2	160.0	46.0	41.8	44.3	flash	
2026-09-01T16:18:00	0.729	22	30.1667	20.0	44.0	40.6	44.1	200.0	48.0	41.0	44.3	flash	
2026-09-01T16:18:30	0.564	17	30.1667	80.0	34.0	39.2	43.9	120.0	46.0	40.6	44.2	flash	
2026-09-01T16:19:00	0.464	14	30.1667	0.0	28.0	39.6	43.7	140.0	48.0	41.0	44.1	flash	
2026-09-01T16:19:30	0.597	18	30.1667	140.0	36.0	39.4	43.7	140.0	36.0	39.8	43.7	flash	
2026-09-01T16:20:00	0.994	29	29.1611	60.0	64.0	40.2	43.9	200.0	70.0	42.2	44.0	flash	
2026-09-01T16:20:30	0.431	13	30.1667	0.0	26.0	38.0	43.8	80.0	60.0	40.6	43.9	flash	
2026-09-01T16:21:00	0.862	26	30.1667	40.0	52.0	41.4	43.9	220.0	56.0	41.8	44.0	flash	
2026-09-01T16:21:30	0.928	28	30.1667	80.0	56.0	40.8	44.1	120.0	64.0	42.0	44.1	flash	
2026-09-01T16:22:00	0.564	17	30.1667	0.0	34.0	39.4	44.1	140.0	60.0	41.0	44.2	flash	
2026-09-01T16:22:30	0.497	15	30.1667	20.0	30.0	39.8	43.8	80.0	38.0	40.2	44.2	flash	
2026-09-01T16:23:00	0.583	17	29.1611	40.0	34.0	39.0	43.8	120.0	34.0	39.8	43.8	flash	
2026-09-01T16:23:30	0.862	26	30.1667	0.0	52.0	40.6	44.0	160.0	62.0	41.4	44.1	flash	
2026-09-01T16:24:00	0.796	24	30.1667	40.0	48.0	42.6	44.1	200.0	58.0	42.6	44.1	flash	
2026-09-01T16:24:30	0.497	15	30.1667	0.0	30.0	42.6	44.0	100.0	52.0	43.8	44.1	flash	
2026-09-01T16:25:00	0.597	18	30.1667	80.0	36.0	39.8	43.9	100.0	40.0	42.0	43.9	flash	
2026-09-01T16:25:30	0.597	18	30.1667	0.0	36.0	40.8	43.9	120.0	54.0	41.6	44.0	flash	
2026-09-01T16:26:00	0.994	29	29.1611	60.0	58.0	41.4	44.1	160.0	58.0	42.6	44.2	flash	
2026-09-01T16:26:30	0.530	16	30.1667	20.0	32.0	39.2	44.0	140.0	66.0	42.0	44.2	flash	
2026-09-01T16:27:00	0.597	18	30.1667	20.0	36.0	39.2	44.1	200.0	52.0	41.2	44.2	flash	
2026-09-01T16:27:30	0.564	17	30.1667	60.0	34.0	39.6	43.9	120.0	34.0	39.6	44.1	flash	
2026-09-01T16:28:00	0.298	9	30.1667	0.0	18.0	38.0	43.4	80.0	40.0	40.6	43.9	flash	
2026-09-01T16:28:30	0.696	21	30.1667	60.0	42.0	37.0	43.4	180.0	42.0	38.4	43.5	flash	
2026-09-01T16:29:00	0.892	26	29.1611	0.0	56.0	37.8	43.4	220.0	66.0	38.0	43.5	flash	
2026-09-01T16:29:30	0.829	25	30.1667	20.0	50.0	39.4	43.4	180.0	52.0	40.0	43.6	flash	
2026-09-01T16:30:00	0.398	12	30.1667	20.0	24.0	38.6	43.2	80.0	54.0	39.4	43.4	flash	
2026-09-01T16:30:30	1.094	33	30.1667	100.0	66.0	41.2	43.5	160.0	66.0	41.2	43.5	flash	
2026-09-01T16:31:00	0.431	13	30.1667	20.0	26.0	38.0	43.5	120.0	72.0	42.0	43.6	flash	
2026-09-01T16:31:30	0.762	23	30.1667	20.0	46.0	39.4	43.5	120.0	46.0	39.6	43.6	flash	
2026-09-01T16:32:00	0.892	26	29.1611	20.0	52.0	41.0	43.4	140.0	66.0	41.2	43.5	flash	
2026-09-01T16:32:30	0.862	26	30.1667	60.0	52.0	43.0	43.7	180.0	62.0	43.4	43.7	flash	
2026-09-01T16:33:00	0.597	18	30.1667	0.0	36.0	44.6	43.7	100.0	62.0	44.6	43.9	flash	
2026-09-01T16:33:30	0.464	14	30.1667	20.0	28.0	43.6	43.6	100.0	36.0	45.0	43.8	flash	
2026-09-01T16:34:00	0.530	16	30.1667	0.0	32.0	41.2	43.6	160.0	48.0	44.0	43.6	flash	
2026-09-01T16:34:30	0.564	17	30.1667	0.0	34.0	39.6	43.6	160.0	38.0	43.6	43.7	flash	
2026-09-01T16:35:00	0.530	16	30.1667	20.0	32.0	40.4	43.5	100.0	44.0	41.6	43.7	flash	
2026-09-01T16:35:30	0.514	15	29.1611	20.0	30.0	37.2	43.4	100.0	30.0	40.0	43.5	flash	
2026-09-01T16:36:00	0.564	17	30.1667	20.0	34.0	37.6	43.4	140.0	40.0	37.6	43.4	flash	
2026-09-01T16:36:30	0.331	10	30.1667	20.0	20.0	35.0	43.3	60.0	38.0	37.8	43.5	flash	
2026-09-01T16:37:00	0.829	25	30.1667	60.0	50.0	34.8	43.1	120.0	50.0	36.4	43.3	flash	
2026-09-01T16:37:30	0.663	20	30.1667	60.0	40.0	33.6	42.7	120.0	46.0	35.4	43.1	flash	
2026-09-01T16:38:00	0.630	19	30.1667	0.0	38.0	33.8	42.4	140.0	50.0	34.0	42.7	flash	
2026-09-01T16:38:30	0.617	18	29.1611	0.0	36.0	34.6	41.6	120.0	48.0	35.0	42.3	flash	
2026-09-01T16:39:00	0.895	27	30.1667	200.0	54.0	36.8	41.2	200.0	54.0	36.8	41.5	flash	
2026-09-01T16:39:30	0.431	13	30.1667	20.0	26.0	36.0	41.3	200.0	58.0	37.0	41.4	flash	
2026-09-01T16:40:00	0.729	22	30.1667	40.0	44.0	37.2	41.5	100.0	44.0	37.2	41.6	flash	
2026-09-01T16:40:30	0.597	18	30.1667	20.0	36.0	37.8	41.4	80.0	44.0	38.8	41.5	flash	
2026-09-01T16:41:00	0.895	27	30.1667	120.0	54.0	39.8	41.6	160.0	54.0	40.0	41.6	flash	
2026-09-01T16:41:30	0.686	20	29.1611	180.0	40.0	42.0	41.6	180.0	66.0	42.0	41.7	flash	
2026-09-01T16:42:00	0.431	13	30.1667	20.0	26.0	39.8	41.4	80.0	48.0	41.8	41.6	flash	
2026-09-01T16:42:30	0.994	30	30.1667	160.0	60.0	41.4	41.6	160.0	60.0	41.4	41.6	flash	
2026-09-01T16:43:00	0.829	25	30.1667	80.0	50.0	42.6	41.8	200.0	70.0	43.4	41.9	flash	
2026-09-01T16:43:30	0.331	10	30.1667	20.0	20.0	41.0	41.8	80.0	46.0	43.0	41.8	flash	
2026-09-01T16:44:00	0.398	12	30.1667	0.0	24.0	38.0	41.5	80.0	30.0	41.2	41.8	flash	
2026-09-01T16:44:30	0.514	15	29.1611	60.0	30.0	38.4	41.5	180.0	38.0	39.0	41.6	flash	
2026-09-01T16:45:00	0.961	29	30.1667	120.0	58.0	40.0	41.8	180.0	60.0	40.2	41.8	flash	
2026-09-01T16:45:30	0.729	22	30.1667	80.0	44.0	40.6	41.9	100.0	62.0	40.6	41.9	flash	
2026-09-01T16:46:00	0.431	13	30.1667	20.0	26.0	37.8	41.7	80.0	44.0	40.6	41.9	flash	
2026-09-01T16:46:30	0.729	22	30.1667	80.0	44.0	38.2	41.6	160.0	46.0	39.4	41.8	flash	
2026-09-01T16:47:00	0.564	17	30.1667	20.0	34.0	39.0	41.7	120.0	46.0	39.0	41.7	flash	
2026-09-01T16:47:30	0.583	17	29.1611	60.0	36.0	37.0	41.5	80.0	44.0	39.4	41.7	flash	
2026-09-01T16:48:00	0.331	10	30.1667	0.0	20.0	33.8	41.3	140.0	36.0	36.6	41.6	flash	
2026-09-01T16:48:30	0.696	21	30.1667	0.0	42.0	35.8	41.3	220.0	42.0	36.6	41.4	flash	
2026-09-01T16:49:00	0.829	25	30.1667	40.0	50.0	38.2	41.3	140.0	58.0	38.2	41.4	flash	
2026-09-01T16:49:30	0.796	24	30.1667	40.0	48.0	40.0	41.4	140.0	66.0	41.0	41.5	flash	
2026-09-01T16:50:00	0.796	24	30.1667	80.0	48.0	39.0	41.3	140.0	52.0	41.2	41.5	flash	
2026-09-01T16:50:30	0.720	21	29.1611	80.0	42.0	39.4	41.3	160.0	60.0	39.8	41.4	flash	
2026-09-01T16:51:00	0.298	9	30.1667	20.0	18.0	38.0	41.0	80.0	48.0	40.0	41.3	flash	
2026-09-01T16:51:30	0.762	23	30.1667	20.0	46.0	38.2	41.0	180.0	48.0	40.2	41.2	flash	
2026-09-01T16:52:00	0.530	16	30.1667	20.0	32.0	38.2	41.0	100.0	62.0	40.0	41.1	flash	
2026-09-01T16:52:30	0.663	20	30.1667	20.0	40.0	38.6	41.0	180.0	42.0	39.6	41.2	flash	
2026-09-01T16:53:00	0.497	15	30.1667	20.0	30.0	39.6	41.1	180.0	40.0	40.6	41.2	flash	
2026-09-01T16:53:30	0.652	19	29.1611	20.0	40.0	39.2	41.3	140.0	40.0	41.0	41.3	flash	
2026-09-01T16:54:00	0.796	24	30.1667	40.0	48.0	39.0	41.5	240.0	48.0	39.2	41.5	flash	
2026-09-01T16:54:30	0.729	22	30.1667	60.0	44.0	39.0	41.6	120.0	68.0	39.2	41.6	flash	
2026-09-01T16:55:00	0.597	18	30.1667	60.0	36.0	37.4	41.5	80.0	48.0	39.2	41.7	flash	
2026-09-01T16:55:30	0.862	26	30.1667	0.0	52.0	38.4	41.8	160.0	62.0	39.2	41.8	flash	
2026-09-01T16:56:00	0.298	9	30.1667	0.0	18.0	38.4	41.6	80.0	52.0	38.6	41.8	flash	
2026-09-01T16:56:30	0.377	11	29.1611	0.0	22.0	36.0	41.4	160.0	36.0	39.8	41.7	flash	
2026-09-01T16:57:00	0.829	25	30.1667	80.0	50.0	37.8	41.2	180.0	50.0	37.8	41.6	flash	
2026-09-01T16:57:30	0.497	15	30.1667	40.0	30.0	37.0	41.1	100.0	50.0	37.8	41.2	flash	
2026-09-01T16:58:00	0.895	27	30.1667	0.0	54.0	39.4	40.7	140.0	58.0	39.4	41.0	flash	
2026-09-01T16:58:30	0.564	17	30.1667	40.0	34.0	38.8	39.8	100.0	56.0	39.8	40.7	flash	
2026-09-01T16:59:00	0.762	23	30.1667	80.0	46.0	38.6	39.5	160.0	48.0	40.8	39.9	flash	
2026-09-01T16:59:30	0.617	18	29.1611	20.0	40.0	37.8	39.4	100.0	68.0	40.2	39.5	flash	
2026-09-01T17:00:00	0.597	18	30.1667	0.0	36.0	38.4	39.0	120.0	38.0	39.0	39.4	flash	
2026-09-01T17:00:30	0.365	11	30.1667	40.0	22.0	34.8	38.9	100.0	40.0	38.6	39.1	flash	
2026-09-01T17:01:00	0.696	21	30.1667	0.0	42.0	37.2	38.8	140.0	46.0	38.6	38.9	flash	
2026-09-01T17:01:30	0.630	19	30.1667	20.0	38.0	38.8	38.7	140.0	42.0	38.8	38.8	flash	
2026-09-01T17:02:00	0.862	26	30.1667	80.0	52.0	39.0	38.9	180.0	54.0	39.6	38.9	flash	
2026-09-01T17:02:30	0.137	4	29.1611	20.0	8.0	37.2	38.5	40.0	50.0	39.2	38.9	flash	
2026-09-01T17:03:00	0.729	22	30.1667	0.0	44.0	35.8	38.6	180.0	46.0	38.2	38.7	flash	
2026-09-01T17:03:30	0.829	25	30.1667	0.0	50.0	37.6	38.7	200.0	62.0	38.0	38.7	flash	
2026-09-01T17:04:00	0.928	28	30.1667	20.0	56.0	38.8	39.0	220.0	60.0	39.2	39.0	flash	
2026-09-01T17:04:30	0.431	13	30.1667	20.0	26.0	37.4	38.9	100.0	52.0	38.4	39.0	flash	
2026-09-01T17:05:00	0.365	11	30.1667	40.0	22.0	36.0	38.6	80.0	38.0	37.8	38.9	flash	
2026-09-01T17:05:30	0.446	13	29.1611	40.0	28.0	36.8	38.4	80.0	28.0	36.8	38.6	flash	
2026-09-01T17:06:00	0.630	19	30.1667	40.0	38.0	36.0	38.6	120.0	38.0	36.8	38.6	flash	
2026-09-01T17:06:30	0.365	11	30.1667	60.0	22.0	34.4	38.2	60.0	38.0	36.2	38.5	flash	
2026-09-01T17:07:00	0.696	21	30.1667	20.0	42.0	33.4	38.1	140.0	46.0	35.2	38.2	flash	
2026-09-01T17:07:30	0.829	25	30.1667	0.0	50.0	37.6	38.3	140.0	56.0	37.8	38.3	flash	
2026-09-01T17:08:00	0.497	15	30.1667	20.0	30.0	36.2	38.2	100.0	48.0	37.8	38.3	flash	
2026-09-01T17:08:30	0.377	11	29.1611	20.0	24.0	33.4	38.1	60.0	34.0	36.0	38.2	flash	
2026-09-01T17:09:00	0.530	16	30.1667	100.0	32.0	31.0	38.1	140.0	38.0	34.8	38.2	flash	
2026-09-01T17:09:30	0.663	20	30.1667	60.0	40.0	32.4	38.2	140.0	46.0	34.0	38.4	flash	
2026-09-01T17:10:00	0.497	15	30.1667	0.0	30.0	33.4	37.9	120.0	42.0	33.6	38.2	flash	
2026-09-01T17:10:30	0.431	13	30.1667	0.0	26.0	33.2	37.9	80.0	32.0	34.0	37.9	flash	
2026-09-01T17:11:00	0.796	24	30.1667	40.0	48.0	34.2	37.8	180.0	48.0	34.6	37.9	flash	
2026-09-01T17:11:30	0.549	16	29.1611	0.0	32.0	35.2	37.6	120.0	60.0	36.2	37.9	flash	
2026-09-01T17:12:00	1.094	33	30.1667	80.0	66.0	37.8	37.9	140.0	66.0	37.8	37.9	flash	
2026-09-01T17:12:30	0.365	11	30.1667	40.0	22.0	34.8	37.8	100.0	66.0	37.6	38.0	flash	
2026-09-01T17:13:00	0.630	19	30.1667	60.0	38.0	35.8	37.9	180.0	40.0	35.8	38.0	flash	
2026-09-01T17:13:30	0.796	24	30.1667	0.0	48.0	38.2	37.8	100.0	66.0	38.6	37.9	flash	
2026-09-01T17:14:00	0.232	7	30.1667	20.0	14.0	36.4	37.5	60.0	52.0	38.2	37.9	flash	
2026-09-01T17:14:30	0.754	22	29.1611	0.0	44.0	37.0	37.6	100.0	46.0	37.6	37.7	flash	
2026-09-01T17:15:00	0.796	24	30.1667	20.0	48.0	38.6	37.8	180.0	50.0	39.0	37.8	flash	
2026-09-01T17:15:30	0.497	15	30.1667	40.0	30.0	39.0	37.7	80.0	56.0	39.0	37.8	flash	
2026-09-01T17:16:00	1.260	38	30.1667	0.0	76.0	41.8	37.9	220.0	80.0	43.4	38.0	flash	
2026-09-01T17:16:30	0.497	15	30.1667	20.0	30.0	41.6	37.9	100.0	78.0	42.4	38.0	flash	
2026-09-01T17:17:00	0.497	15	30.1667	40.0	30.0	38.0	37.8	160.0	32.0	41.6	37.8	flash	
2026-09-01T17:17:30	0.754	22	29.1611	20.0	46.0	40.4	37.9	160.0	60.0	40.4	38.0	flash	
2026-09-01T17:18:00	0.431	13	30.1667	0.0	26.0	39.0	38.0	180.0	44.0	41.0	38.0	flash	
2026-09-01T17:18:30	0.530	16	30.1667	0.0	32.0	37.4	37.9	160.0	32.0	39.0	38.0	flash	
2026-09-01T17:19:00	0.762	23	30.1667	160.0	46.0	40.6	37.8	160.0	54.0	40.6	37.9	flash	
2026-09-01T17:19:30	0.630	19	30.1667	40.0	38.0	40.0	37.7	160.0	52.0	41.0	38.0	flash	
2026-09-01T17:20:00	0.099	3	30.1667	0.0	6.0	35.8	37.5	40.0	38.0	40.0	37.7	flash	
2026-09-01T17:20:30	0.481	14	29.0833	0.0	28.0	35.8	37.2	100.0	30.0	36.4	37.6	flash	
2026-09-01T17:21:00	0.833	25	30	40.0	50.0	33.0	37.4	180.0	50.0	35.6	37.4	flash	
2026-09-01T17:21:30	0.633	19	30	0.0	38.0	33.8	37.3	140.0	58.0	34.0	37.5	flash	
2026-09-01T17:22:00	0.467	14	30	40.0	28.0	33.8	37.1	80.0	48.0	35.0	37.4	flash	
2026-09-01T17:22:30	0.400	12	30	60.0	24.0	31.6	36.8	120.0	30.0	34.4	37.1	flash	
2026-09-01T17:23:00	0.300	9	30	0.0	18.0	30.8	36.6	120.0	26.0	33.0	36.8	flash	
2026-09-01T17:23:30	0.465	14	30.0778	20.0	28.0	30.4	36.6	80.0	28.0	32.2	36.7	flash	
2026-09-01T17:24:00	0.696	21	30.1667	0.0	42.0	30.4	36.7	140.0	46.0	31.8	36.8	flash	
2026-09-01T17:24:30	0.696	21	30.1667	0.0	42.0	30.6	36.8	160.0	52.0	31.8	36.8	flash	
2026-09-01T17:25:00	0.497	15	30.1667	20.0	30.0	32.8	36.8	80.0	44.0	32.8	36.8	flash	
2026-09-01T17:25:30	0.530	16	30.1667	0.0	32.0	33.2	36.8	80.0	42.0	33.6	37.0	flash	
2026-09-01T17:26:00	0.630	19	30.1667	60.0	38.0	32.0	36.8	120.0	38.0	33.6	36.9	flash	
2026-09-01T17:26:30	0.549	16	29.1611	20.0	34.0	31.4	37.0	140.0	48.0	33.4	37.0	flash	
2026-09-01T17:27:00	1.293	39	30.1667	80.0	78.0	36.4	37.3	180.0	78.0	36.6	37.3	flash	
2026-09-01T17:27:30	1.558	47	30.1667	280.0	94.0	43.4	37.8	340.0	94.0	43.4	37.8	flash	
2026-09-01T17:28:00	2.188	66	30.1667	240.0	132.0	54.8	38.7	560.0	160.0	54.8	38.7	flash	
2026-09-01T17:28:30	1.392	42	30.1667	60.0	84.0	60.4	39.2	440.0	132.0	60.4	39.2	flash	
2026-09-01T17:29:00	1.359	41	30.1667	60.0	82.0	64.4	39.5	560.0	130.0	64.4	39.7	flash	
2026-09-01T17:29:30	1.200	35	29.1611	0.0	72.0	67.2	39.9	220.0	128.0	68.2	40.0	flash	
2026-09-01T17:30:00	1.028	31	30.1667	0.0	62.0	70.4	40.1	340.0	96.0	72.4	40.3	flash	
2026-09-01T17:30:30	0.431	13	30.1667	20.0	26.0	69.8	40.0	120.0	62.0	70.4	40.1	flash	
2026-09-01T17:31:00	0.663	20	30.1667	180.0	40.0	70.2	39.8	180.0	40.0	70.2	40.0	flash	
2026-09-01T17:31:30	0.497	15	30.1667	20.0	30.0	69.8	39.7	80.0	56.0	70.4	39.9	flash	
2026-09-01T17:32:00	0.530	16	30.1667	20.0	32.0	65.2	39.8	120.0	38.0	69.2	39.8	flash	
2026-09-01T17:32:30	0.480	14	29.1611	0.0	30.0	61.4	39.5	100.0	38.0	65.0	39.8	flash	
2026-09-01T17:33:00	0.630	19	30.1667	160.0	38.0	49.2	39.4	160.0	38.0	58.6	39.5	flash	
2026-09-01T17:33:30	0.729	22	30.1667	80.0	44.0	45.2	39.6	220.0	58.0	50.2	39.6	flash	
2026-09-01T17:34:00	0.630	19	30.1667	0.0	38.0	41.0	39.7	120.0	46.0	45.2	39.8	flash	
2026-09-01T17:34:30	0.862	26	30.1667	40.0	52.0	39.0	40.0	120.0	66.0	42.0	40.0	flash	
2026-09-01T17:35:00	0.796	24	30.1667	0.0	48.0	37.6	39.9	140.0	54.0	39.8	40.1	flash	
2026-09-01T17:35:30	0.447	13	29.1056	20.0	26.0	37.6	39.7	80.0	52.0	38.0	39.9	flash	
2026-09-01T17:36:00	0.767	23	30	0.0	46.0	38.4	39.9	140.0	52.0	40.6	40.0	flash	
2026-09-01T17:36:30	0.633	19	30	40.0	38.0	39.2	39.8	120.0	46.0	39.4	40.0	flash	
2026-09-01T17:37:00	0.767	23	30	40.0	46.0	40.6	40.0	120.0	50.0	40.6	40.0	flash	
2026-09-01T17:37:30	0.700	21	30	80.0	42.0	41.8	40.1	120.0	50.0	41.8	40.1	flash	
2026-09-01T17:38:00	0.900	27	30	80.0	54.0	45.0	40.4	140.0	58.0	45.0	40.4	flash	
2026-09-01T17:38:30	0.399	12	30.0556	0.0	24.0	41.6	40.2	120.0	52.0	43.8	40.5	flash	
2026-09-01T17:39:00	0.564	17	30.1667	0.0	34.0	41.0	40.0	120.0	34.0	42.8	40.2	flash	
2026-09-01T17:39:30	0.630	19	30.1667	0.0	38.0	39.8	40.0	160.0	48.0	41.4	40.1	flash	
2026-09-01T17:40:00	0.265	8	30.1667	60.0	16.0	36.4	39.6	60.0	36.0	40.0	40.0	flash	
2026-09-01T17:40:30	0.928	28	30.1667	20.0	56.0	39.4	39.7	200.0	62.0	40.4	39.9	flash	
2026-09-01T17:41:00	0.928	28	30.1667	140.0	56.0	40.4	40.1	180.0	56.0	40.4	40.1	flash	
2026-09-01T17:41:30	0.720	21	29.1611	0.0	52.0	40.8	40.1	180.0	66.0	42.0	40.3	flash	
2026-09-01T17:42:00	0.597	18	30.1667	20.0	36.0	39.8	40.1	160.0	52.0	41.0	40.2	flash	
2026-09-01T17:42:30	0.564	17	30.1667	20.0	34.0	39.0	40.1	100.0	38.0	39.8	40.1	flash	
2026-09-01T17:43:00	0.630	19	30.1667	120.0	38.0	37.4	40.2	120.0	44.0	38.6	40.2	flash	
2026-09-01T17:43:30	0.365	11	30.1667	60.0	22.0	37.2	40.0	140.0	40.0	37.6	40.2	flash	
2026-09-01T17:44:00	0.497	15	30.1667	20.0	30.0	36.8	39.8	160.0	44.0	38.6	40.2	flash	
2026-09-01T17:44:30	0.754	22	29.1611	100.0	44.0	37.4	39.8	160.0	44.0	37.8	39.9	flash	
2026-09-01T17:45:00	0.597	18	30.1667	0.0	36.0	40.0	39.9	140.0	54.0	40.0	39.9	flash	
2026-09-01T17:45:30	0.398	12	30.1667	0.0	24.0	36.2	39.5	100.0	46.0	40.0	39.9	flash	
2026-09-01T17:46:00	0.829	25	30.1667	100.0	50.0	36.6	39.8	140.0	50.0	37.6	39.8	flash	
2026-09-01T17:46:30	0.464	14	30.1667	20.0	28.0	34.2	39.9	100.0	50.0	36.4	39.9	flash	
2026-09-01T17:47:00	0.895	27	30.1667	20.0	54.0	36.0	39.9	200.0	58.0	36.8	40.1	flash	
2026-09-01T17:47:30	1.063	31	29.1611	0.0	62.0	38.8	40.3	160.0	64.0	39.2	40.3	flash	
2026-09-01T17:48:00	0.762	23	30.1667	40.0	46.0	39.6	40.2	160.0	62.0	40.8	40.4	flash	
2026-09-01T17:48:30	0.663	20	30.1667	0.0	40.0	41.8	40.3	180.0	48.0	42.0	40.3	flash	
2026-09-01T17:49:00	0.762	23	30.1667	20.0	46.0	43.0	40.3	180.0	68.0	43.4	40.5	flash	
2026-09-01T17:49:30	0.663	20	30.1667	60.0	40.0	42.6	40.3	280.0	44.0	43.4	40.3	flash	
2026-09-01T17:50:00	0.464	14	30.1667	60.0	28.0	41.8	40.2	100.0	54.0	43.2	40.3	flash	
2026-09-01T17:50:30	0.720	21	29.1611	0.0	42.0	43.6	40.4	140.0	52.0	43.6	40.4	flash	
2026-09-01T17:51:00	0.696	21	30.1667	20.0	42.0	43.0	40.4	140.0	54.0	44.6	40.4	flash	
2026-09-01T17:51:30	0.928	28	30.1667	80.0	56.0	45.6	40.6	180.0	56.0	45.6	40.6	flash	
2026-09-01T17:52:00	0.696	21	30.1667	0.0	42.0	44.4	40.5	120.0	72.0	46.6	40.7	flash	
2026-09-01T17:52:30	0.398	12	30.1667	20.0	24.0	40.6	40.6	140.0	42.0	44.4	40.7	flash	
2026-09-01T17:53:00	0.564	17	30.1667	40.0	34.0	39.4	40.5	140.0	34.0	40.6	40.6	flash	
2026-09-01T17:53:30	0.857	25	29.1611	20.0	52.0	40.4	40.5	140.0	54.0	41.0	40.7	flash	
2026-09-01T17:54:00	0.796	24	30.1667	40.0	48.0	40.6	40.5	200.0	60.0	40.8	40.7	flash	
2026-09-01T17:54:30	0.597	18	30.1667	100.0	36.0	40.2	40.6	120.0	58.0	42.6	40.7	flash	
2026-09-01T17:55:00	0.530	16	30.1667	80.0	32.0	40.6	40.7	100.0	36.0	41.6	40.7	flash	
2026-09-01T17:55:30	0.729	22	30.1667	200.0	44.0	40.8	40.8	200.0	44.0	41.8	40.8	flash	
2026-09-01T17:56:00	0.497	15	30.1667	20.0	30.0	39.6	40.8	220.0	54.0	41.2	41.0	flash	
2026-09-01T17:56:30	0.925	27	29.1833	200.0	56.0	39.6	41.1	200.0	56.0	39.8	41.1	flash	
2026-09-01T17:57:00	0.495	15	30.3333	60.0	30.0	38.2	41.0	160.0	62.0	39.4	41.1	flash	
2026-09-01T17:57:30	0.989	30	30.3333	180.0	60.0	41.8	41.1	200.0	66.0	42.0	41.1	flash	
2026-09-01T17:58:00	0.239	7	29.3222	0.0	14.0	40.0	40.9	60.0	62.0	42.4	41.1	flash	
2026-09-01T17:58:30	0.890	27	30.3333	20.0	54.0	40.2	41.2	140.0	54.0	41.0	41.2	flash	
2026-09-01T17:59:00	0.857	26	30.3333	40.0	52.0	40.6	41.4	240.0	68.0	43.2	41.5	flash	
2026-09-01T17:59:30	0.546	16	29.3	20.0	34.0	40.2	41.4	80.0	54.0	41.2	41.4	flash	
2026-09-01T18:00:00	0.333	10	30	0.0	20.0	39.0	41.2	120.0	40.0	40.8	41.3	flash	
2026-09-01T18:00:30	0.767	23	30	0.0	46.0	40.2	41.4	160.0	46.0	41.2	41.5	flash	
2026-09-01T18:01:00	0.233	7	30	20.0	14.0	37.8	41.1	60.0	50.0	39.2	41.5	flash	
2026-09-01T18:01:30	0.367	11	30	40.0	22.0	35.6	41.0	80.0	24.0	38.2	41.1	flash	
2026-09-01T18:02:00	0.567	17	30	20.0	34.0	35.4	40.7	260.0	42.0	36.2	41.1	flash	
2026-09-01T18:02:30	0.900	27	30.0111	100.0	54.0	34.2	41.0	160.0	54.0	35.8	41.0	flash	
2026-09-01T18:03:00	1.193	36	30.1667	20.0	72.0	40.0	41.3	280.0	82.0	40.0	41.5	flash	
2026-09-01T18:03:30	1.260	38	30.1667	0.0	76.0	42.4	41.6	340.0	86.0	42.4	41.6	flash	
2026-09-01T18:04:00	1.359	41	30.1667	0.0	82.0	45.4	42.3	280.0	116.0	45.6	42.3	flash	
2026-09-01T18:04:30	1.856	56	30.1667	140.0	112.0	53.2	43.0	300.0	118.0	53.2	43.0	flash	
2026-09-01T18:05:00	1.591	48	30.1667	160.0	96.0	60.8	43.5	480.0	112.0	60.8	43.5	flash	
2026-09-01T18:05:30	0.789	23	29.1556	0.0	46.0	60.8	43.6	180.0	98.0	62.8	43.7	flash	
2026-09-01T18:06:00	1.933	58	30	20.0	116.0	71.0	44.0	340.0	116.0	71.0	44.1	flash	
2026-09-01T18:06:30	1.333	40	30	80.0	80.0	76.8	44.5	320.0	118.0	76.8	44.5	flash	
2026-09-01T18:07:00	1.533	46	30	20.0	92.0	82.6	45.2	220.0	98.0	82.8	45.2	flash	
2026-09-01T18:07:30	1.200	36	30	0.0	72.0	84.4	45.4	340.0	98.0	85.4	45.5	flash	
2026-09-01T18:08:00	0.433	13	30	60.0	26.0	79.8	45.4	80.0	74.0	84.4	45.5	flash	
2026-09-01T18:08:30	0.733	22	30.0056	0.0	44.0	76.6	45.5	180.0	56.0	80.6	45.8	flash	
2026-09-01T18:09:00	0.796	24	30.1667	40.0	48.0	73.2	45.6	160.0	52.0	76.6	45.7	flash	
2026-09-01T18:09:30	0.530	16	30.1667	0.0	32.0	65.2	45.5	100.0	58.0	73.2	45.7	flash	
2026-09-01T18:10:00	0.663	20	30.1667	40.0	40.0	59.6	45.8	180.0	52.0	65.8	45.8	flash	
2026-09-01T18:10:30	0.298	9	30.1667	0.0	18.0	56.8	45.7	100.0	48.0	60.8	45.9	flash	
2026-09-01T18:11:00	0.597	18	30.1667	0.0	36.0	48.8	45.6	200.0	38.0	56.8	45.9	flash	
2026-09-01T18:11:30	0.789	23	29.1611	0.0	46.0	45.4	45.7	120.0	48.0	50.4	45.8	flash	
2026-09-01T18:12:00	0.862	26	30.1667	80.0	52.0	41.4	45.9	180.0	60.0	46.4	45.9	flash	
2026-09-01T18:12:30	0.895	27	30.1667	100.0	54.0	39.6	46.2	200.0	58.0	42.0	46.2	flash	
2026-09-01T18:13:00	0.564	17	30.1667	40.0	34.0	40.4	46.4	120.0	58.0	41.2	46.4	flash	
2026-09-01T18:13:30	0.431	13	30.1667	20.0	26.0	38.6	46.4	120.0	36.0	40.4	46.4	flash	
2026-09-01T18:14:00	0.663	20	30.1667	0.0	40.0	37.8	46.3	200.0	52.0	39.4	46.4	flash	
2026-09-01T18:14:30	0.431	13	30.1667	20.0	26.0	37.2	46.2	80.0	44.0	38.0	46.4	flash	
2026-09-01T18:15:00	1.063	31	29.1611	140.0	62.0	39.8	46.5	180.0	62.0	39.8	46.5	flash	
2026-09-01T18:15:30	0.597	18	30.1667	0.0	36.0	41.2	46.5	140.0	62.0	41.4	46.5	flash	
2026-09-01T18:16:00	0.729	22	30.1667	60.0	44.0	42.0	46.6	140.0	52.0	42.2	46.7	flash	
2026-09-01T18:16:30	0.298	9	30.1667	0.0	18.0	39.2	46.5	80.0	42.0	42.4	46.6	flash	
2026-09-01T18:17:00	1.227	37	30.1667	80.0	74.0	41.4	46.4	180.0	74.0	41.8	46.5	flash	
2026-09-01T18:17:30	0.729	22	30.1667	140.0	44.0	40.4	45.9	140.0	72.0	42.6	46.4	flash	
2026-09-01T18:18:00	0.446	13	29.1611	80.0	26.0	40.0	44.9	80.0	44.0	40.4	45.9	flash	
2026-09-01T18:18:30	0.729	22	30.1667	20.0	44.0	41.4	44.5	100.0	50.0	41.8	45.0	flash	
2026-09-01T18:19:00	0.331	10	30.1667	20.0	20.0	39.4	43.9	80.0	44.0	41.4	44.5	flash	
2026-09-01T18:19:30	0.464	14	30.1667	20.0	28.0	39.6	43.4	80.0	32.0	40.4	43.9	flash	
2026-09-01T18:20:00	0.829	25	30.1667	40.0	50.0	38.4	43.3	180.0	52.0	39.8	43.4	flash	
2026-09-01T18:20:30	0.663	20	30.1667	0.0	40.0	38.8	43.4	120.0	54.0	39.4	43.5	flash	
2026-09-01T18:21:00	0.137	4	29.1611	0.0	8.0	35.2	43.1	40.0	44.0	38.2	43.5	flash	
2026-09-01T18:21:30	0.497	15	30.1667	0.0	30.0	36.4	43.1	80.0	30.0	36.4	43.2	flash	
2026-09-01T18:22:00	0.895	27	30.1667	60.0	54.0	34.6	43.4	140.0	54.0	36.4	43.4	flash	
2026-09-01T18:22:30	0.331	10	30.1667	20.0	20.0	32.0	43.3	80.0	54.0	34.4	43.4	flash	
2026-09-01T18:23:00	0.464	14	30.1667	0.0	28.0	32.2	43.2	100.0	40.0	33.2	43.5	flash	
2026-09-01T18:23:30	0.530	16	30.1667	60.0	32.0	31.0	43.0	100.0	32.0	32.6	43.1	flash	
2026-09-01T18:24:00	0.652	19	29.1611	0.0	40.0	32.8	43.0	120.0	50.0	33.2	43.2	flash	
2026-09-01T18:24:30	0.729	22	30.1667	20.0	44.0	34.6	43.0	140.0	46.0	34.8	43.1	flash	
2026-09-01T18:25:00	0.862	26	30.1667	140.0	52.0	34.8	43.0	160.0	62.0	36.0	43.1	flash	
2026-09-01T18:25:30	0.564	17	30.1667	20.0	34.0	34.0	43.1	180.0	50.0	35.6	43.1	flash	
2026-09-01T18:26:00	0.829	25	30.1667	0.0	50.0	38.2	43.1	220.0	56.0	38.2	43.1	flash	
2026-09-01T18:26:30	0.365	11	30.1667	60.0	22.0	37.4	43.0	80.0	50.0	38.2	43.1	flash	
2026-09-01T18:27:00	0.343	10	29.1611	60.0	20.0	34.6	42.7	60.0	30.0	37.4	43.0	flash	
2026-09-01T18:27:30	0.829	25	30.1667	0.0	50.0	37.0	42.8	180.0	56.0	38.4	42.9	flash	
2026-09-01T18:28:00	0.696	21	30.1667	100.0	42.0	38.4	42.7	160.0	54.0	38.4	42.8	flash	
2026-09-01T18:28:30	0.232	7	30.1667	0.0	14.0	36.8	42.6	60.0	40.0	38.4	42.7	flash	
2026-09-01T18:29:00	0.530	16	30.1667	40.0	32.0	36.0	42.5	100.0	32.0	36.8	42.6	flash	
2026-09-01T18:29:30	0.464	14	30.1667	0.0	28.0	34.4	42.4	160.0	42.0	37.2	42.7	flash	
2026-09-01T18:30:00	0.274	8	29.1611	0.0	16.0	31.2	42.5	60.0	32.0	34.4	42.5	flash	
2026-09-01T18:30:30	0.994	30	30.1667	20.0	60.0	33.4	42.5	180.0	60.0	34.8	42.6	flash	
2026-09-01T18:31:00	0.497	15	30.1667	40.0	30.0	31.4	42.3	120.0	62.0	34.2	42.6	flash	
2026-09-01T18:31:30	0.762	23	30.1667	40.0	46.0	33.8	42.3	120.0	58.0	35.0	42.5	flash	
2026-09-01T18:32:00	0.829	25	30.1667	80.0	50.0	36.8	42.4	120.0	50.0	36.8	42.4	flash	
2026-09-01T18:32:30	0.729	22	30.1667	60.0	44.0	36.2	42.5	120.0	56.0	37.6	42.6	flash	
2026-09-01T18:33:00	0.720	21	29.1611	60.0	44.0	36.2	42.5	140.0	44.0	37.2	42.6	flash	
2026-09-01T18:33:30	0.431	13	30.1667	0.0	26.0	37.4	42.6	120.0	50.0	38.2	42.7	flash	
2026-09-01T18:34:00	0.630	19	30.1667	20.0	38.0	38.0	42.7	220.0	42.0	39.0	42.7	flash	
2026-09-01T18:34:30	0.696	21	30.1667	20.0	42.0	39.4	42.6	200.0	50.0	40.0	42.8	flash	
2026-09-01T18:35:00	0.928	28	30.1667	20.0	56.0	43.4	42.8	140.0	56.0	43.4	42.9	flash	
2026-09-01T18:35:30	0.265	8	30.1667	20.0	16.0	39.0	42.8	60.0	50.0	43.2	42.8	flash	
2026-09-01T18:36:00	0.549	16	29.1611	40.0	32.0	39.2	42.6	120.0	34.0	39.6	42.8	flash	
2026-09-01T18:36:30	0.895	27	30.1667	40.0	54.0	40.0	42.8	220.0	54.0	40.2	42.8	flash	
2026-09-01T18:37:00	0.762	23	30.1667	20.0	46.0	40.0	42.8	220.0	76.0	41.2	42.9	flash	
2026-09-01T18:37:30	0.398	12	30.1667	60.0	24.0	37.8	42.4	80.0	44.0	39.6	42.8	flash	
2026-09-01T18:38:00	0.862	26	30.1667	40.0	52.0	38.6	42.4	220.0	56.0	39.4	42.4	flash	
2026-09-01T18:38:30	0.729	22	30.1667	200.0	44.0	40.4	42.5	200.0	62.0	40.4	42.6	flash	
2026-09-01T18:39:00	0.583	17	29.1611	0.0	44.0	40.0	42.4	200.0	54.0	40.8	42.5	flash	
2026-09-01T18:39:30	0.663	20	30.1667	40.0	40.0	39.8	42.4	100.0	42.0	40.4	42.6	flash	
2026-09-01T18:40:00	0.796	24	30.1667	60.0	48.0	39.0	42.6	140.0	52.0	40.6	42.6	flash	
2026-09-01T18:40:30	0.564	17	30.1667	0.0	34.0	40.8	42.5	140.0	46.0	42.0	42.7	flash	
2026-09-01T18:41:00	0.663	20	30.1667	40.0	40.0	41.6	42.5	160.0	42.0	42.2	42.6	flash	
2026-09-01T18:41:30	0.895	27	30.1667	60.0	54.0	41.6	42.4	220.0	56.0	43.6	42.6	flash	
2026-09-01T18:42:00	0.514	15	29.1611	60.0	30.0	40.0	42.3	140.0	52.0	41.2	42.4	flash	
2026-09-01T18:42:30	0.796	24	30.1667	60.0	48.0	42.4	42.6	120.0	52.0	42.8	42.6	flash	
2026-09-01T18:43:00	0.895	27	30.1667	40.0	54.0	42.8	42.8	200.0	58.0	43.0	42.8	flash	
2026-09-01T18:43:30	0.630	19	30.1667	20.0	38.0	43.0	42.6	100.0	80.0	44.0	42.8	flash	
2026-09-01T18:44:00	0.829	25	30.1667	0.0	50.0	43.6	42.7	140.0	52.0	44.2	42.9	flash	
2026-09-01T18:44:30	0.630	19	30.1667	0.0	38.0	43.4	42.7	140.0	60.0	44.4	42.8	flash	
2026-09-01T18:45:00	0.723	21	29.0556	120.0	42.0	43.4	42.8	120.0	42.0	43.4	42.8	flash	
2026-09-01T18:45:30	1.100	33	30	80.0	66.0	46.0	43.1	160.0	72.0	46.0	43.2	flash	
2026-09-01T18:46:00	1.233	37	30	0.0	74.0	49.4	43.5	320.0	86.0	50.0	43.5	flash	
2026-09-01T18:46:30	0.967	29	30	20.0	58.0	49.8	43.6	220.0	96.0	51.2	43.8	flash	
2026-09-01T18:47:00	1.367	41	30	100.0	82.0	55.2	44.1	320.0	82.0	55.4	44.1	flash	
2026-09-01T18:47:30	1.167	35	30	0.0	70.0	57.4	44.1	300.0	120.0	59.4	44.4	flash	
2026-09-01T18:48:00	1.196	36	30.1056	20.0	72.0	59.0	44.7	360.0	72.0	62.8	44.7	flash	
2026-09-01T18:48:30	0.961	29	30.1667	100.0	58.0	61.0	44.7	160.0	100.0	61.0	44.8	flash	
2026-09-01T18:49:00	0.696	21	30.1667	20.0	42.0	60.2	44.6	220.0	68.0	63.0	44.8	flash	
2026-09-01T18:49:30	0.994	30	30.1667	40.0	60.0	62.4	44.9	120.0	60.0	62.4	44.9	flash	
2026-09-01T18:50:00	0.829	25	30.1667	60.0	50.0	63.2	45.2	120.0	52.0	64.2	45.2	flash	
2026-09-01T18:50:30	0.829	25	30.1667	20.0	50.0	61.6	45.2	180.0	70.0	63.6	45.4	flash	
2026-09-01T18:51:00	0.720	21	29.1611	40.0	44.0	58.4	45.5	120.0	52.0	62.0	45.5	flash	
2026-09-01T18:51:30	0.663	20	30.1667	20.0	40.0	56.6	45.7	220.0	50.0	59.0	45.7	flash	
2026-09-01T18:52:00	0.696	21	30.1667	60.0	42.0	52.6	45.8	120.0	54.0	57.2	45.8	flash	
2026-09-01T18:52:30	0.630	19	30.1667	40.0	38.0	49.4	45.6	140.0	50.0	51.4	45.9	flash	
2026-09-01T18:53:00	0.696	21	30.1667	80.0	42.0	46.4	45.3	120.0	46.0	49.6	45.6	flash	
2026-09-01T18:53:30	0.597	18	30.1667	20.0	36.0	44.2	44.9	100.0	50.0	46.6	45.3	flash	
2026-09-01T18:54:00	0.994	29	29.1611	40.0	60.0	45.8	44.7	160.0	60.0	46.0	44.9	flash	
2026-09-01T18:54:30	0.895	27	30.1667	60.0	54.0	45.4	44.1	240.0	72.0	45.8	44.7	flash	
2026-09-01T18:55:00	0.597	18	30.1667	0.0	36.0	43.8	43.5	120.0	58.0	46.0	44.1	flash	
2026-09-01T18:55:30	0.829	25	30.1667	0.0	50.0	44.0	43.5	180.0	58.0	45.6	43.7	flash	
2026-09-01T18:56:00	0.398	12	30.1667	0.0	24.0	42.0	42.6	100.0	50.0	43.8	43.5	flash	
2026-09-01T18:56:30	0.895	27	30.1667	100.0	54.0	43.4	42.4	140.0	56.0	44.6	42.8	flash	
2026-09-01T18:57:00	0.720	21	29.1611	20.0	44.0	44.0	41.9	140.0	56.0	44.8	42.4	flash	
2026-09-01T18:57:30	1.127	34	30.1667	200.0	68.0	46.4	41.8	200.0	68.0	46.4	42.0	flash	
2026-09-01T18:58:00	0.994	30	30.1667	0.0	60.0	48.4	42.2	180.0	88.0	49.0	42.2	flash	
2026-09-01T18:58:30	1.425	43	30.1667	0.0	86.0	53.4	42.6	380.0	106.0	54.0	42.6	flash	
2026-09-01T18:59:00	1.425	43	30.1667	20.0	86.0	56.0	43.0	220.0	110.0	57.4	43.0	flash	
2026-09-01T18:59:30	1.757	53	30.1667	200.0	106.0	61.2	43.7	460.0	112.0	61.2	43.7	flash	
2026-09-01T19:00:00	0.823	24	29.1611	20.0	52.0	62.4	43.8	380.0	112.0	63.2	43.8	flash	
2026-09-01T19:00:30	1.624	49	30.1667	40.0	98.0	67.2	44.6	400.0	98.0	67.2	44.6	flash	
2026-09-01T19:01:00	0.994	30	30.1667	60.0	60.0	70.8	44.8	200.0	104.0	70.8	44.8	flash	
2026-09-01T19:01:30	1.624	49	30.1667	360.0	98.0	75.4	45.3	360.0	98.0	75.4	45.3	flash	
2026-09-01T19:02:00	0.729	22	30.1667	20.0	44.0	75.4	45.3	340.0	102.0	76.0	45.4	flash	
2026-09-01T19:02:30	0.696	21	30.1667	60.0	42.0	72.8	45.1	140.0	52.0	76.2	45.4	flash	
2026-09-01T19:03:00	1.166	34	29.1611	80.0	74.0	73.6	45.5	160.0	74.0	75.6	45.5	flash	
2026-09-01T19:03:30	0.497	15	30.1667	0.0	30.0	68.0	45.5	80.0	70.0	74.2	45.7	flash	
2026-09-01T19:04:00	0.762	23	30.1667	40.0	46.0	64.0	45.6	120.0	46.0	69.2	45.6	flash	
2026-09-01T19:04:30	0.762	23	30.1667	40.0	46.0	58.4	45.8	140.0	58.0	65.0	45.8	flash	
2026-09-01T19:05:00	0.829	25	30.1667	0.0	50.0	58.2	45.7	180.0	54.0	60.8	45.9	flash	
2026-09-01T19:05:30	0.862	26	30.1667	40.0	52.0	53.6	45.8	160.0	56.0	59.2	45.9	flash	
2026-09-01T19:06:00	0.446	13	29.1611	20.0	30.0	50.2	45.6	100.0	50.0	53.8	45.8	flash	
2026-09-01T19:06:30	0.597	18	30.1667	0.0	36.0	46.0	45.8	100.0	48.0	50.6	45.9	flash	
2026-09-01T19:07:00	0.829	25	30.1667	80.0	50.0	44.6	45.6	140.0	50.0	45.2	45.9	flash	
2026-09-01T19:07:30	0.928	28	30.1667	60.0	56.0	46.6	45.7	120.0	68.0	46.8	45.8	flash	
2026-09-01T19:08:00	0.365	11	30.1667	20.0	22.0	41.4	45.7	80.0	58.0	46.4	45.8	flash	
2026-09-01T19:08:30	0.530	16	30.1667	80.0	32.0	41.6	45.5	80.0	32.0	41.6	45.7	flash	
2026-09-01T19:09:00	0.892	26	29.1611	160.0	56.0	42.4	45.9	160.0	56.0	42.8	45.9	flash	
2026-09-01T19:09:30	0.796	24	30.1667	20.0	48.0	42.8	46.1	220.0	62.0	42.8	46.1	flash	
2026-09-01T19:10:00	0.431	13	30.1667	140.0	26.0	40.0	45.8	140.0	50.0	42.4	46.2	flash	
2026-09-01T19:10:30	1.028	31	30.1667	60.0	62.0	41.4	46.0	140.0	70.0	41.4	46.0	flash	
2026-09-01T19:11:00	0.431	13	30.1667	0.0	26.0	41.0	46.2	80.0	58.0	42.4	46.2	flash	
2026-09-01T19:11:30	0.762	23	30.1667	0.0	46.0	42.0	46.4	220.0	56.0	43.0	46.5	flash	
2026-09-01T19:12:00	0.412	12	29.1611	20.0	24.0	39.8	46.1	100.0	46.0	42.0	46.4	flash	
2026-09-01T19:12:30	0.829	25	30.1667	0.0	50.0	39.2	46.4	180.0	56.0	40.2	46.5	flash	
2026-09-01T19:13:00	0.796	24	30.1667	0.0	48.0	41.4	46.6	140.0	54.0	42.0	46.6	flash	
2026-09-01T19:13:30	0.762	23	30.1667	20.0	46.0	43.2	46.7	140.0	66.0	44.4	46.9	flash	
2026-09-01T19:14:00	0.530	16	30.1667	20.0	32.0	40.8	46.7	140.0	50.0	43.2	46.8	flash	
2026-09-01T19:14:30	0.597	18	30.1667	60.0	36.0	39.6	46.6	120.0	42.0	41.6	46.7	flash	
2026-09-01T19:15:00	0.583	17	29.1611	40.0	38.0	40.4	46.4	100.0	40.0	41.8	46.6	flash	
2026-09-01T19:15:30	0.796	24	30.1667	120.0	48.0	39.0	46.5	120.0	48.0	40.4	46.6	flash	
2026-09-01T19:16:00	0.564	17	30.1667	20.0	34.0	39.8	46.4	120.0	56.0	40.4	46.6	flash	
2026-09-01T19:16:30	0.497	15	30.1667	60.0	30.0	38.2	46.5	100.0	36.0	40.0	46.6	flash	
2026-09-01T19:17:00	0.928	28	30.1667	40.0	56.0	41.4	46.8	260.0	60.0	41.4	46.8	flash	
2026-09-01T19:17:30	0.530	16	30.1667	60.0	32.0	39.6	46.6	80.0	60.0	41.6	46.9	flash	
2026-09-01T19:18:00	0.823	24	29.1611	160.0	52.0	39.6	46.7	160.0	52.0	39.6	46.8	flash	
2026-09-01T19:18:30	0.564	17	30.1667	120.0	34.0	38.6	46.9	120.0	60.0	39.6	46.9	flash	
2026-09-01T19:19:00	0.994	30	30.1667	40.0	60.0	41.2	47.2	140.0	72.0	41.8	47.2	flash	
2026-09-01T19:19:30	0.895	27	30.1667	120.0	54.0	43.4	47.4	120.0	62.0	43.4	47.4	flash	
2026-09-01T19:20:00	0.497	15	30.1667	80.0	30.0	42.6	47.6	100.0	54.0	43.2	47.6	flash	
2026-09-01T19:20:30	0.365	11	30.1667	0.0	22.0	40.0	47.2	100.0	42.0	43.6	47.6	flash	
2026-09-01T19:21:00	0.926	27	29.1611	0.0	54.0	42.0	47.4	160.0	54.0	43.0	47.5	flash	
2026-09-01T19:21:30	0.431	13	30.1667	120.0	26.0	42.2	47.2	120.0	56.0	42.4	47.5	flash	
2026-09-01T19:22:00	0.796	24	30.1667	0.0	48.0	41.0	47.3	160.0	60.0	43.2	47.3	flash	
2026-09-01T19:22:30	0.564	17	30.1667	40.0	34.0	41.4	47.1	80.0	52.0	42.2	47.3	flash	
2026-09-01T19:23:00	0.729	22	30.1667	40.0	44.0	40.6	47.1	140.0	48.0	42.4	47.2	flash	
2026-09-01T19:23:30	0.729	22	30.1667	60.0	44.0	41.6	47.3	180.0	44.0	42.2	47.3	flash	
2026-09-01T19:24:00	0.549	16	29.1611	60.0	34.0	39.0	47.3	100.0	60.0	42.0	47.4	flash	
2026-09-01T19:24:30	0.530	16	30.1667	0.0	32.0	37.0	47.2	180.0	40.0	38.8	47.3	flash	
2026-09-01T19:25:00	0.762	23	30.1667	0.0	46.0	38.2	47.1	140.0	58.0	39.4	47.2	flash	
2026-09-01T19:25:30	0.530	16	30.1667	100.0	32.0	39.2	47.2	120.0	46.0	39.2	47.2	flash	
2026-09-01T19:26:00	0.464	14	30.1667	20.0	28.0	36.6	47.2	100.0	44.0	39.4	47.2	flash	
2026-09-01T19:26:30	1.028	31	30.1667	40.0	62.0	40.2	47.3	180.0	62.0	41.0	47.5	flash	
2026-09-01T19:27:00	0.377	11	29.1611	20.0	24.0	37.6	47.0	140.0	50.0	40.4	47.2	flash	
2026-09-01T19:27:30	1.094	33	30.1667	40.0	66.0	41.2	47.4	200.0	68.0	41.2	47.5	flash	
2026-09-01T19:28:00	0.630	19	30.1667	0.0	38.0	40.2	47.3	160.0	80.0	42.6	47.6	flash	
2026-09-01T19:28:30	0.762	23	30.1667	20.0	46.0	40.6	47.4	140.0	46.0	42.8	47.5	flash	
2026-09-01T19:29:00	0.564	17	30.1667	140.0	34.0	40.6	47.3	140.0	34.0	40.8	47.3	flash	
2026-09-01T19:29:30	0.663	20	30.1667	40.0	40.0	41.4	47.3	180.0	50.0	41.4	47.4	flash	
2026-09-01T19:30:00	0.857	25	29.1611	0.0	50.0	41.8	47.4	200.0	70.0	42.6	47.4	flash	
2026-09-01T19:30:30	0.331	10	30.1667	0.0	20.0	41.0	47.2	140.0	50.0	42.4	47.3	flash	
2026-09-01T19:31:00	0.928	28	30.1667	100.0	56.0	43.4	47.4	180.0	58.0	43.4	47.4	flash	
2026-09-01T19:31:30	0.928	28	30.1667	40.0	56.0	43.0	47.4	220.0	78.0	44.4	47.5	flash	
2026-09-01T19:32:00	0.431	13	30.1667	80.0	26.0	43.2	47.3	100.0	50.0	43.2	47.4	flash	
2026-09-01T19:32:30	0.928	28	30.1667	80.0	56.0	42.2	47.4	180.0	64.0	44.8	47.5	flash	
2026-09-01T19:33:00	0.789	23	29.1611	80.0	50.0	43.0	47.3	80.0	62.0	43.0	47.7	flash	
2026-09-01T19:33:30	0.762	23	30.1667	60.0	46.0	43.0	47.4	180.0	54.0	43.6	47.4	flash	
2026-09-01T19:34:00	0.630	19	30.1667	20.0	38.0	43.4	47.3	140.0	46.0	44.6	47.5	flash	
2026-09-01T19:34:30	0.762	23	30.1667	140.0	46.0	44.0	47.4	160.0	50.0	45.8	47.4	flash	
2026-09-01T19:35:00	0.497	15	30.1667	0.0	30.0	42.0	47.3	100.0	48.0	44.0	47.4	flash	
2026-09-01T19:35:30	0.994	30	30.1667	100.0	60.0	46.0	47.2	160.0	60.0	46.0	47.4	flash	
2026-09-01T19:36:00	0.583	17	29.1611	0.0	34.0	44.8	46.8	120.0	60.0	46.8	47.3	flash	
2026-09-01T19:36:30	0.630	19	30.1667	40.0	38.0	42.4	46.6	80.0	40.0	44.8	47.0	flash	
2026-09-01T19:37:00	0.597	18	30.1667	40.0	36.0	43.6	46.1	140.0	42.0	44.2	46.7	flash	
2026-09-01T19:37:30	0.564	17	30.1667	0.0	34.0	41.2	45.8	120.0	52.0	43.8	46.1	flash	
2026-09-01T19:38:00	0.464	14	30.1667	20.0	28.0	39.0	45.3	140.0	30.0	41.0	45.8	flash	
2026-09-01T19:38:30	0.862	26	30.1667	0.0	52.0	39.6	45.3	160.0	58.0	40.8	45.4	flash	
2026-09-01T19:39:00	0.583	17	29.15	40.0	34.0	39.4	45.2	120.0	46.0	40.0	45.3	flash	
2026-09-01T19:39:30	0.400	12	30	0.0	24.0	37.8	44.9	80.0	42.0	39.8	45.2	flash	
2026-09-01T19:40:00	0.367	11	30	60.0	22.0	36.2	44.6	60.0	22.0	37.0	44.8	flash	
2026-09-01T19:40:30	1.133	34	30	180.0	68.0	37.0	44.8	280.0	68.0	37.0	44.8	flash	
2026-09-01T19:41:00	1.200	36	30	0.0	72.0	40.8	45.1	240.0	98.0	40.8	45.1	flash	
2026-09-01T19:41:30	2.167	65	30	60.0	130.0	50.0	45.9	520.0	148.0	50.4	45.9	flash	
2026-09-01T19:42:00	1.166	35	30.0111	20.0	70.0	53.4	46.3	340.0	150.0	55.0	46.4	flash	
2026-09-01T19:42:30	1.956	59	30.1667	80.0	118.0	61.8	47.0	540.0	118.0	61.8	47.0	flash	
2026-09-01T19:43:00	0.696	21	30.1667	0.0	42.0	63.4	47.0	340.0	120.0	63.4	47.1	flash	
2026-09-01T19:43:30	2.122	64	30.1667	180.0	128.0	70.8	48.0	420.0	140.0	70.8	48.0	flash	
2026-09-01T19:44:00	2.188	66	30.1667	0.0	132.0	80.6	48.7	580.0	150.0	81.0	48.7	flash	
2026-09-01T19:44:30	1.525	46	30.1667	80.0	92.0	87.4	49.1	280.0	138.0	87.4	49.1	flash	
2026-09-01T19:45:00	0.926	27	29.1556	200.0	62.0	90.6	49.2	220.0	102.0	91.2	49.2	flash	
2026-09-01T19:45:30	1.267	38	30	80.0	76.0	91.4	49.5	400.0	108.0	96.0	49.5	flash	
2026-09-01T19:46:00	1.033	31	30	20.0	62.0	90.4	49.9	260.0	72.0	92.6	49.9	flash	
2026-09-01T19:46:30	1.067	32	30	160.0	64.0	83.8	50.0	320.0	92.0	93.4	50.2	flash	
2026-09-01T19:47:00	0.967	29	30	80.0	58.0	82.8	50.1	280.0	74.0	83.8	50.1	flash	
2026-09-01T19:47:30	2.100	63	30	40.0	126.0	83.8	50.8	680.0	132.0	85.4	51.0	flash	
2026-09-01T19:48:00	1.033	31	30.0056	120.0	62.0	85.4	50.7	280.0	124.0	87.6	50.9	flash	
2026-09-01T19:48:30	1.359	41	30.1667	0.0	82.0	81.2	50.7	260.0	102.0	85.8	51.0	flash	
2026-09-01T19:49:00	1.591	48	30.1667	40.0	96.0	77.2	50.8	340.0	114.0	84.0	51.0	flash	
2026-09-01T19:49:30	1.691	51	30.1667	0.0	102.0	79.0	50.8	480.0	128.0	85.2	51.4	flash	
2026-09-01T19:50:00	1.591	48	30.1667	160.0	96.0	82.4	51.2	300.0	106.0	84.6	51.2	flash	
2026-09-01T19:50:30	1.525	46	30.1667	0.0	92.0	84.0	51.2	520.0	114.0	85.0	51.4	flash	
2026-09-01T19:51:00	1.749	51	29.1611	180.0	102.0	88.2	51.6	340.0	112.0	88.4	51.6	flash	
2026-09-01T19:51:30	1.900	57	30	20.0	114.0	93.0	52.0	400.0	156.0	95.2	52.2	flash	
2026-09-01T19:52:00	1.967	59	30	220.0	118.0	99.0	52.5	400.0	118.0	99.6	52.5	flash	
2026-09-01T19:52:30	1.667	50	30	80.0	100.0	96.4	53.1	460.0	144.0	100.0	53.1	flash	
2026-09-01T19:53:00	1.533	46	30	20.0	92.0	99.4	53.4	320.0	136.0	101.4	53.4	flash	
2026-09-01T19:53:30	1.633	49	30	80.0	98.0	101.0	54.0	280.0	104.0	101.8	54.0	flash	
2026-09-01T19:54:00	1.367	41	30	60.0	82.0	99.6	54.4	320.0	112.0	101.0	54.4	flash	
2026-09-01T19:54:30	1.127	34	30.1667	20.0	68.0	96.2	54.6	400.0	98.0	101.4	54.6	flash	
2026-09-01T19:55:00	1.890	57	30.1667	360.0	114.0	98.0	55.2	360.0	120.0	100.0	55.2	flash	
2026-09-01T19:55:30	1.558	47	30.1667	300.0	94.0	98.2	55.7	400.0	122.0	100.0	55.7	flash	
2026-09-01T19:56:00	1.624	49	30.1667	60.0	98.0	97.8	56.4	380.0	128.0	101.6	56.4	flash	
2026-09-01T19:56:30	1.260	38	30.1667	20.0	76.0	94.0	56.8	380.0	136.0	97.6	56.8	flash	
2026-09-01T19:57:00	1.823	55	30.1667	20.0	110.0	93.2	57.4	440.0	122.0	98.6	57.4	flash	
2026-09-01T19:57:30	0.583	17	29.1611	0.0	34.0	86.6	57.2	240.0	86.0	95.6	57.4	flash	
2026-09-01T19:58:00	1.193	36	30.1667	40.0	72.0	84.6	57.6	440.0	88.0	89.6	57.7	flash	
2026-09-01T19:58:30	0.895	27	30.1667	20.0	54.0	80.2	57.9	120.0	72.0	84.6	57.9	flash	
2026-09-01T19:59:00	0.895	27	30.1667	20.0	54.0	77.4	57.9	140.0	66.0	81.6	58.0	flash	
2026-09-01T19:59:30	0.663	20	30.1667	80.0	40.0	74.6	57.8	160.0	44.0	77.8	57.9	flash	
2026-09-01T20:00:00	0.928	28	30.1667	20.0	56.0	68.8	58.1	240.0	76.0	74.4	58.2	flash	
2026-09-01T20:00:30	0.412	12	29.1611	20.0	26.0	62.6	57.7	80.0	60.0	69.2	58.1	flash	
2026-09-01T20:01:00	0.829	25	30.1667	80.0	50.0	57.0	58.0	100.0	50.0	61.8	58.0	flash	
2026-09-01T20:01:30	1.028	31	30.1667	40.0	62.0	55.6	58.1	260.0	80.0	59.4	58.1	flash	
2026-09-01T20:02:00	0.729	22	30.1667	40.0	44.0	49.0	58.3	120.0	60.0	55.8	58.3	flash	
2026-09-01T20:02:30	0.729	22	30.1667	60.0	44.0	50.0	58.3	100.0	52.0	50.2	58.3	flash	
2026-09-01T20:03:00	0.895	27	30.1667	160.0	54.0	48.2	58.3	160.0	58.0	50.0	58.4	flash	
2026-09-01T20:03:30	0.754	22	29.1611	60.0	44.0	47.4	58.3	180.0	62.0	48.8	58.4	flash	
2026-09-01T20:04:00	0.796	24	30.1667	200.0	48.0	46.6	58.5	200.0	48.0	47.2	58.5	flash	
2026-09-01T20:04:30	0.663	20	30.1667	20.0	40.0	46.8	58.5	160.0	66.0	49.0	58.6	flash	
2026-09-01T20:05:00	0.464	14	30.1667	40.0	28.0	44.0	58.4	100.0	44.0	47.0	58.6	flash	
2026-09-01T20:05:30	0.796	24	30.1667	60.0	48.0	46.2	58.4	140.0	48.0	46.2	58.5	flash	
2026-09-01T20:06:00	0.862	26	30.1667	20.0	52.0	46.4	58.6	180.0	60.0	47.4	58.6	flash	
2026-09-01T20:06:30	0.549	16	29.1611	20.0	34.0	43.6	58.7	120.0	54.0	46.0	58.7	flash	
2026-09-01T20:07:00	0.497	15	30.1667	0.0	30.0	42.2	58.4	120.0	46.0	44.6	58.8	flash	
2026-09-01T20:07:30	1.160	35	30.1667	160.0	70.0	45.0	58.8	180.0	70.0	45.0	58.8	flash	
2026-09-01T20:08:00	0.597	18	30.1667	20.0	36.0	42.8	58.6	160.0	72.0	45.0	58.9	flash	
2026-09-01T20:08:30	0.663	20	30.1667	0.0	40.0	42.4	58.7	120.0	54.0	43.4	58.8	flash	
2026-09-01T20:09:00	0.630	19	30.1667	80.0	38.0	41.4	58.5	140.0	40.0	42.6	58.7	flash	
2026-09-01T20:09:30	0.994	29	29.1611	100.0	64.0	43.2	58.6	240.0	70.0	43.2	58.6	flash	
2026-09-01T20:10:00	0.663	20	30.1667	0.0	40.0	44.4	58.6	120.0	72.0	44.8	58.7	flash	
2026-09-01T20:10:30	0.530	16	30.1667	80.0	32.0	43.2	58.7	80.0	42.0	45.6	58.7	flash	
2026-09-01T20:11:00	0.663	20	30.1667	20.0	40.0	41.8	58.6	200.0	48.0	44.2	58.9	flash	
2026-09-01T20:11:30	0.464	14	30.1667	0.0	28.0	41.2	58.6	120.0	30.0	42.2	58.7	flash	
2026-09-01T20:12:00	0.331	10	30.1667	0.0	20.0	40.2	58.3	100.0	34.0	40.8	58.6	flash	
2026-09-01T20:12:30	0.994	29	29.1611	60.0	58.0	39.2	58.6	220.0	58.0	40.8	58.6	flash	
2026-09-01T20:13:00	0.597	18	30.1667	0.0	36.0	39.0	58.5	120.0	62.0	40.6	58.7	flash	
2026-09-01T20:13:30	0.398	12	30.1667	40.0	24.0	37.4	58.3	60.0	38.0	39.4	58.5	flash	
2026-09-01T20:14:00	0.398	12	30.1667	20.0	24.0	36.6	58.2	60.0	28.0	38.4	58.3	flash	
2026-09-01T20:14:30	0.365	11	30.1667	0.0	22.0	32.4	58.1	80.0	26.0	36.2	58.3	flash	
2026-09-01T20:15:00	0.696	21	30.1667	60.0	42.0	32.6	58.1	260.0	48.0	33.4	58.2	flash	
2026-09-01T20:15:30	0.446	13	29.1611	20.0	28.0	32.6	58.0	80.0	48.0	33.0	58.2	flash	
2026-09-01T20:16:00	0.331	10	30.1667	40.0	20.0	30.0	57.9	120.0	26.0	32.0	58.0	flash	
2026-09-01T20:16:30	0.663	20	30.1667	0.0	40.0	31.2	57.7	220.0	46.0	32.4	57.9	flash	
2026-09-01T20:17:00	0.497	15	30.1667	20.0	30.0	32.2	57.8	80.0	46.0	32.2	57.9	flash	
2026-09-01T20:17:30	0.663	20	30.1667	80.0	40.0	30.4	57.5	120.0	42.0	33.2	57.8	flash	
2026-09-01T20:18:00	0.530	16	30.1667	40.0	32.0	30.0	57.5	140.0	44.0	30.6	57.5	flash	
2026-09-01T20:18:30	0.686	20	29.1611	160.0	40.0	31.6	57.4	160.0	42.0	31.6	57.4	flash	
2026-09-01T20:19:00	0.464	14	30.1667	120.0	28.0	32.0	57.3	120.0	40.0	32.0	57.4	flash	
2026-09-01T20:19:30	0.630	19	30.1667	40.0	38.0	33.6	57.3	100.0	50.0	33.6	57.6	flash	
2026-09-01T20:20:00	0.630	19	30.1667	0.0	38.0	33.4	57.2	140.0	52.0	35.6	57.4	flash	
2026-09-01T20:20:30	0.365	11	30.1667	0.0	22.0	32.8	57.2	80.0	44.0	34.0	57.4	flash	
2026-09-01T20:21:00	0.431	13	30.1667	60.0	26.0	33.4	56.9	100.0	26.0	33.8	57.3	flash	
2026-09-01T20:21:30	0.343	10	29.1611	20.0	22.0	31.4	56.6	60.0	34.0	33.4	56.9	flash	
2026-09-01T20:22:00	0.729	22	30.1667	60.0	44.0	33.0	56.8	220.0	44.0	33.0	56.8	flash	
2026-09-01T20:22:30	0.564	17	30.1667	40.0	34.0	32.8	56.6	100.0	56.0	33.4	56.8	flash	
2026-09-01T20:23:00	0.530	16	30.1667	20.0	32.0	32.2	56.4	140.0	40.0	33.6	56.5	flash	
2026-09-01T20:23:30	0.729	22	30.1667	40.0	44.0	32.6	56.4	140.0	50.0	34.0	56.4	flash	
2026-09-01T20:24:00	0.796	24	30.1667	0.0	48.0	34.6	56.5	160.0	52.0	36.0	56.5	flash	
2026-09-01T20:24:30	1.166	34	29.1611	0.0	68.0	37.8	56.8	220.0	68.0	38.0	56.8	flash	
2026-09-01T20:25:00	0.398	12	30.1667	0.0	24.0	36.2	56.6	100.0	72.0	38.8	56.8	flash	
2026-09-01T20:25:30	0.530	16	30.1667	100.0	32.0	37.2	56.3	100.0	32.0	37.2	56.6	flash	
2026-09-01T20:26:00	0.895	27	30.1667	0.0	54.0	40.2	56.5	220.0	64.0	41.6	56.6	flash	
2026-09-01T20:26:30	0.663	20	30.1667	20.0	40.0	42.0	56.6	140.0	48.0	42.2	56.6	flash	
2026-09-01T20:27:00	0.895	27	30.1667	0.0	54.0	43.0	56.7	120.0	76.0	45.4	56.8	flash	
2026-09-01T20:27:30	0.309	9	29.1611	60.0	18.0	41.4	56.6	60.0	50.0	43.2	56.7	flash	
2026-09-01T20:28:00	0.331	10	30.1667	0.0	20.0	40.4	56.5	80.0	26.0	41.8	56.6	flash	
2026-09-01T20:28:30	0.729	22	30.1667	40.0	44.0	40.2	56.4	160.0	44.0	42.4	56.6	flash	
2026-09-01T20:29:00	0.961	29	30.1667	20.0	58.0	41.2	56.7	180.0	70.0	41.4	56.7	flash	
2026-09-01T20:29:30	0.398	12	30.1667	0.0	24.0	36.8	56.7	120.0	58.0	41.4	56.7	flash	
2026-09-01T20:30:00	0.597	18	30.1667	140.0	36.0	38.0	56.8	140.0	36.0	38.0	56.8	flash	
2026-09-01T20:30:30	0.344	10	29.0611	0.0	26.0	37.8	56.3	200.0	44.0	38.6	56.9	flash	
2026-09-01T20:31:00	0.733	22	30	80.0	44.0	35.8	56.0	140.0	44.0	37.4	56.4	flash	
2026-09-01T20:31:30	0.633	19	30	100.0	38.0	35.6	55.1	120.0	44.0	37.6	56.1	flash	
2026-09-01T20:32:00	0.867	26	30	20.0	52.0	35.4	55.0	180.0	60.0	35.6	55.1	flash	
2026-09-01T20:32:30	0.567	17	30	20.0	34.0	37.4	54.1	120.0	56.0	37.6	55.0	flash	
2026-09-01T20:33:00	0.400	12	30	0.0	24.0	37.4	53.9	160.0	42.0	38.6	54.3	flash	
2026-09-01T20:33:30	0.565	17	30.1	20.0	34.0	36.6	53.0	80.0	34.0	37.8	54.0	flash	
2026-09-01T20:34:00	0.564	17	30.1667	40.0	34.0	34.0	52.0	100.0	40.0	36.6	53.1	flash	
2026-09-01T20:34:30	0.530	16	30.1667	40.0	32.0	34.8	51.5	100.0	44.0	35.6	52.2	flash	
2026-09-01T20:35:00	0.696	21	30.1667	0.0	42.0	36.0	51.3	100.0	46.0	37.0	51.6	flash	
2026-09-01T20:35:30	0.928	28	30.1667	100.0	56.0	39.0	51.1	240.0	56.0	39.0	51.2	flash	
2026-09-01T20:36:00	0.895	27	30.1667	0.0	54.0	40.0	51.0	160.0	88.0	41.6	51.3	flash	
2026-09-01T20:36:30	0.274	8	29.1611	0.0	16.0	37.8	50.5	80.0	54.0	39.8	50.8	flash	
2026-09-01T20:37:00	0.331	10	30.1667	80.0	20.0	34.6	50.1	80.0	22.0	38.4	50.5	flash	
2026-09-01T20:37:30	0.431	13	30.1667	0.0	26.0	33.8	49.1	140.0	34.0	35.4	50.0	flash	
2026-09-01T20:38:00	1.127	34	30.1667	140.0	68.0	38.2	49.2	140.0	68.0	38.2	49.3	flash	
2026-09-01T20:38:30	0.829	25	30.1667	20.0	50.0	39.8	48.9	140.0	80.0	41.2	49.2	flash	
2026-09-01T20:39:00	0.365	11	30.1667	0.0	22.0	38.6	48.1	100.0	54.0	40.0	48.7	flash	
2026-09-01T20:39:30	1.063	31	29.1611	260.0	62.0	42.0	47.7	260.0	62.0	42.0	48.1	flash	
2026-09-01T20:40:00	0.762	23	30.1667	20.0	46.0	42.0	47.2	240.0	74.0	42.6	47.8	flash	
2026-09-01T20:40:30	0.630	19	30.1667	20.0	38.0	40.6	46.7	100.0	50.0	43.4	47.3	flash	
2026-09-01T20:41:00	0.630	19	30.1667	40.0	38.0	38.6	46.1	120.0	44.0	40.2	46.7	flash	
2026-09-01T20:41:30	0.696	21	30.1667	20.0	42.0	41.2	45.3	200.0	54.0	41.2	46.0	flash	
2026-09-01T20:42:00	0.696	21	30.1667	40.0	42.0	43.4	44.6	140.0	44.0	44.2	45.3	flash	
2026-09-01T20:42:30	0.754	22	29.1611	0.0	44.0	45.2	44.0	180.0	64.0	45.8	44.9	flash	
2026-09-01T20:43:00	0.895	27	30.1667	40.0	54.0	44.4	43.6	160.0	54.0	46.0	44.0	flash	
2026-09-01T20:43:30	0.796	24	30.1667	20.0	48.0	43.6	43.1	120.0	58.0	44.8	43.7	flash	
2026-09-01T20:44:00	0.564	17	30.1667	20.0	34.0	44.8	42.7	100.0	54.0	45.0	43.2	flash	
2026-09-01T20:44:30	0.696	21	30.1667	40.0	42.0	42.8	42.4	120.0	46.0	46.6	42.7	flash	
2026-09-01T20:45:00	0.597	18	30.1667	60.0	36.0	41.8	41.6	120.0	44.0	43.2	42.4	flash	
2026-09-01T20:45:30	0.686	20	29.1611	40.0	46.0	42.0	41.2	140.0	46.0	42.0	41.7	flash	
2026-09-01T20:46:00	0.829	25	30.1667	80.0	50.0	43.6	40.6	120.0	50.0	43.6	41.1	flash	
2026-09-01T20:46:30	0.928	28	30.1667	0.0	56.0	44.8	40.4	140.0	74.0	44.8	40.7	flash	
2026-09-01T20:47:00	0.199	6	30.1667	20.0	12.0	41.6	39.4	60.0	56.0	44.6	40.4	flash	
2026-09-01T20:47:30	0.630	19	30.1667	60.0	38.0	41.0	39.5	140.0	38.0	42.8	39.6	flash	
2026-09-01T20:48:00	0.796	24	30.1667	60.0	48.0	40.4	39.2	160.0	50.0	42.0	39.5	flash	
2026-09-01T20:48:30	0.583	17	29.1611	80.0	40.0	39.2	39.0	200.0	48.0	40.8	39.3	flash	
2026-09-01T20:49:00	0.696	21	30.1667	20.0	42.0	40.0	38.9	160.0	52.0	40.2	39.1	flash	
2026-09-01T20:49:30	0.630	19	30.1667	20.0	38.0	39.4	38.9	140.0	46.0	40.0	39.1	flash	
2026-09-01T20:50:00	0.630	19	30.1667	20.0	38.0	40.2	38.7	120.0	50.0	40.4	39.0	flash	
2026-09-01T20:50:30	0.564	17	30.1667	40.0	34.0	39.0	38.8	120.0	46.0	41.4	38.9	flash	
2026-09-01T20:51:00	0.564	17	30.1667	100.0	34.0	37.4	38.6	100.0	34.0	39.4	38.8	flash	
2026-09-01T20:51:30	0.480	14	29.1611	80.0	30.0	34.6	38.3	160.0	38.0	37.6	38.6	flash	
2026-09-01T20:52:00	0.630	19	30.1667	20.0	38.0	37.2	38.3	140.0	44.0	37.2	38.3	flash	
2026-09-01T20:52:30	0.796	24	30.1667	40.0	48.0	38.2	38.3	140.0	48.0	38.6	38.3	flash	
2026-09-01T20:53:00	0.497	15	30.1667	40.0	30.0	37.0	38.0	80.0	50.0	38.6	38.3	flash	
2026-09-01T20:53:30	0.663	20	30.1667	80.0	40.0	37.0	38.0	100.0	48.0	38.2	38.1	flash	
2026-09-01T20:54:00	0.331	10	30.1667	0.0	20.0	34.8	37.7	80.0	34.0	37.2	38.0	flash	
2026-09-01T20:54:30	0.446	13	29.1611	0.0	26.0	33.6	37.6	140.0	36.0	36.6	37.9	flash	
2026-09-01T20:55:00	0.829	25	30.1667	40.0	50.0	34.8	37.8	160.0	50.0	34.8	37.8	flash	
2026-09-01T20:55:30	0.829	25	30.1667	40.0	50.0	36.4	37.9	220.0	72.0	36.8	38.1	flash	
2026-09-01T20:56:00	0.530	16	30.1667	20.0	32.0	36.4	37.6	100.0	50.0	37.4	37.9	flash	
2026-09-01T20:56:30	0.796	24	30.1667	20.0	48.0	38.2	37.8	100.0	50.0	39.0	37.8	flash	
2026-09-01T20:57:00	0.796	24	30.1667	80.0	48.0	39.2	38.0	80.0	56.0	39.8	38.0	flash	
2026-09-01T20:57:30	0.926	27	29.1611	0.0	62.0	40.0	37.8	160.0	64.0	41.4	38.1	flash	
2026-09-01T20:58:00	0.663	20	30.1667	0.0	40.0	40.8	37.8	180.0	56.0	41.2	37.9	flash	
2026-09-01T20:58:30	0.597	18	30.1667	20.0	36.0	40.6	37.8	140.0	60.0	41.0	37.8	flash	
2026-09-01T20:59:00	0.762	23	30.1667	20.0	46.0	43.0	37.9	180.0	48.0	43.0	38.1	flash	
2026-09-01T20:59:30	0.530	16	30.1667	20.0	32.0	43.6	37.6	100.0	54.0	43.6	38.0	flash	
2026-09-01T21:00:00	0.663	20	30.1667	20.0	40.0	42.6	37.6	140.0	42.0	44.8	37.7	flash	
2026-09-01T21:00:30	0.892	26	29.1611	0.0	54.0	42.8	37.9	120.0	56.0	43.4	37.9	flash	
2026-09-01T21:01:00	0.862	26	30.1667	140.0	52.0	45.0	37.9	140.0	56.0	45.0	37.9	flash	
2026-09-01T21:01:30	0.564	17	30.1667	0.0	34.0	43.4	38.0	140.0	62.0	45.2	38.1	flash	
2026-09-01T21:02:00	0.630	19	30.1667	0.0	38.0	43.2	38.2	120.0	46.0	43.8	38.2	flash	
2026-09-01T21:02:30	0.729	22	30.1667	60.0	44.0	41.4	38.0	100.0	44.0	42.4	38.2	flash	
2026-09-01T21:03:00	0.497	15	30.1667	20.0	30.0	40.4	38.0	120.0	46.0	42.8	38.0	flash	
2026-09-01T21:03:30	0.549	16	29.1611	20.0	32.0	40.2	38.1	100.0	36.0	40.8	38.1	flash	
2026-09-01T21:04:00	0.365	11	30.1667	20.0	22.0	37.6	38.0	60.0	34.0	40.2	38.1	flash	
2026-09-01T21:04:30	0.398	12	30.1667	0.0	24.0	37.0	38.1	80.0	26.0	37.6	38.1	flash	
2026-09-01T21:05:00	0.895	27	30.1667	60.0	54.0	38.4	38.2	140.0	54.0	38.4	38.2	flash	
2026-09-01T21:05:30	1.193	36	30.1667	160.0	72.0	40.2	38.6	160.0	72.0	40.2	38.6	flash	
2026-09-01T21:06:00	0.961	29	30.1667	20.0	58.0	40.8	39.0	240.0	82.0	42.2	39.1	flash	
2026-09-01T21:06:30	0.377	11	29.1611	40.0	24.0	39.6	38.8	140.0	56.0	40.6	39.0	flash	
2026-09-01T21:07:00	0.630	19	30.1667	0.0	38.0	39.6	38.9	120.0	50.0	40.6	39.0	flash	
2026-09-01T21:07:30	0.530	16	30.1667	20.0	32.0	39.0	38.9	120.0	38.0	40.6	39.0	flash	
2026-09-01T21:08:00	0.497	15	30.1667	0.0	30.0	38.4	38.8	160.0	38.0	39.2	39.0	flash	
2026-09-01T21:08:30	0.564	17	30.1667	0.0	34.0	38.6	38.8	120.0	38.0	40.0	39.0	flash	
2026-09-01T21:09:00	1.061	32	30.1667	60.0	64.0	42.8	39.1	220.0	64.0	42.8	39.2	flash	
2026-09-01T21:09:30	0.617	18	29.1611	80.0	38.0	44.0	39.1	160.0	66.0	44.0	39.1	flash	
2026-09-01T21:10:00	1.028	31	30.1667	140.0	62.0	45.4	39.3	180.0	72.0	46.2	39.4	flash	
2026-09-01T21:10:30	0.928	28	30.1667	100.0	56.0	43.8	39.7	220.0	76.0	46.2	39.7	flash	
2026-09-01T21:11:00	1.028	31	30.1667	180.0	62.0	43.8	40.1	300.0	62.0	43.8	40.1	flash	
2026-09-01T21:11:30	0.464	14	30.1667	100.0	28.0	44.2	40.1	140.0	68.0	45.0	40.1	flash	
2026-09-01T21:12:00	0.762	23	30.1667	20.0	46.0	45.0	40.1	120.0	54.0	45.2	40.3	flash	
2026-09-01T21:12:30	0.583	17	29.1611	40.0	36.0	45.2	40.1	140.0	52.0	46.2	40.2	flash	
2026-09-01T21:13:00	0.961	29	30.1667	100.0	58.0	48.0	40.4	140.0	60.0	48.0	40.4	flash	
2026-09-01T21:13:30	0.796	24	30.1667	60.0	48.0	49.4	40.4	140.0	60.0	49.4	40.5	flash	
2026-09-01T21:14:00	1.028	31	30.1667	100.0	62.0	49.4	40.6	100.0	66.0	50.0	40.6	flash	
2026-09-01T21:14:30	0.729	22	30.1667	40.0	44.0	50.0	40.3	120.0	72.0	51.0	40.6	flash	
2026-09-01T21:15:00	0.464	14	30.1667	160.0	28.0	46.6	40.4	160.0	42.0	50.0	40.4	flash	
2026-09-01T21:15:30	0.823	24	29.1611	80.0	54.0	46.4	40.6	180.0	60.0	46.4	40.6	flash	
2026-09-01T21:16:00	0.298	9	30.1667	100.0	18.0	42.2	40.2	100.0	50.0	46.0	40.6	flash	
2026-09-01T21:16:30	0.564	17	30.1667	60.0	34.0	42.6	40.1	120.0	42.0	42.6	40.3	flash	
2026-09-01T21:17:00	0.464	14	30.1667	40.0	28.0	40.4	39.9	60.0	34.0	42.0	40.1	flash	
2026-09-01T21:17:30	0.928	28	30.1667	100.0	56.0	42.4	40.2	160.0	56.0	42.4	40.2	flash	
2026-09-01T21:18:00	0.597	18	30.1667	20.0	36.0	40.2	40.4	160.0	70.0	42.8	40.5	flash	
2026-09-01T21:18:30	0.652	19	29.1611	0.0	38.0	39.4	40.4	240.0	54.0	42.4	40.5	flash	
2026-09-01T21:19:00	0.630	19	30.1667	80.0	38.0	37.2	40.1	80.0	38.0	39.6	40.3	flash	
2026-09-01T21:19:30	0.530	16	30.1667	100.0	32.0	35.8	40.2	120.0	42.0	37.0	40.2	flash	
2026-09-01T21:20:00	0.729	22	30.1667	20.0	44.0	37.8	40.4	160.0	58.0	38.8	40.4	flash	
2026-09-01T21:20:30	0.530	16	30.1667	40.0	32.0	35.6	40.4	120.0	40.0	37.2	40.4	flash	
2026-09-01T21:21:00	0.564	17	30.1667	20.0	34.0	37.2	40.3	240.0	46.0	38.2	40.5	flash	
2026-09-01T21:21:30	0.686	20	29.1611	80.0	40.0	37.8	40.3	120.0	54.0	38.0	40.4	flash	
2026-09-01T21:22:00	0.564	17	30.1667	0.0	34.0	38.8	40.2	120.0	46.0	39.2	40.5	flash	
2026-09-01T21:22:30	0.464	14	30.1667	0.0	28.0	36.6	40.1	160.0	36.0	38.8	40.2	flash	
2026-09-01T21:23:00	0.597	18	30.1667	20.0	36.0	35.6	40.2	140.0	48.0	36.6	40.3	flash	
2026-09-01T21:23:30	0.961	29	30.1667	40.0	58.0	37.6	40.5	140.0	60.0	37.6	40.5	flash	
2026-09-01T21:24:00	0.265	8	30.1667	20.0	16.0	35.4	40.3	60.0	58.0	38.0	40.5	flash	
2026-09-01T21:24:30	0.652	19	29.1611	60.0	38.0	36.8	40.4	160.0	38.0	37.2	40.4	flash	
2026-09-01T21:25:00	0.762	23	30.1667	100.0	46.0	36.2	40.4	120.0	48.0	37.6	40.4	flash	
2026-09-01T21:25:30	0.961	29	30.1667	140.0	58.0	38.8	40.4	180.0	62.0	39.0	40.5	flash	
2026-09-01T21:26:00	0.298	9	30.1667	20.0	18.0	37.2	40.0	120.0	56.0	39.6	40.4	flash	
2026-09-01T21:26:30	1.359	41	30.1667	20.0	82.0	41.4	40.7	200.0	82.0	42.0	40.7	flash	
2026-09-01T21:27:00	0.829	25	30.1667	100.0	50.0	43.0	41.0	180.0	86.0	43.0	41.1	flash	
2026-09-01T21:27:30	1.749	51	29.1611	0.0	104.0	50.4	41.8	280.0	122.0	50.4	41.8	flash	
2026-09-01T21:28:00	1.790	54	30.1667	120.0	108.0	57.6	42.2	460.0	130.0	57.6	42.3	flash	
2026-09-01T21:28:30	1.425	43	30.1667	0.0	86.0	60.4	42.5	280.0	142.0	61.8	42.5	flash	
2026-09-01T21:29:00	0.729	22	30.1667	40.0	44.0	63.2	42.7	160.0	106.0	63.2	42.7	flash	
2026-09-01T21:29:30	2.486	75	30.1667	0.0	150.0	74.4	43.6	700.0	154.0	75.0	43.9	flash	
2026-09-01T21:30:00	0.994	30	30.1667	80.0	60.0	75.8	43.8	260.0	148.0	76.0	43.8	flash	
2026-09-01T21:30:30	0.829	25	30.1667	0.0	50.0	75.0	43.9	240.0	70.0	76.6	43.9	flash	
2026-09-01T21:31:00	1.621	47	29	300.0	94.0	82.6	44.5	300.0	94.0	82.6	44.5	flash	
2026-09-01T21:31:30	1.533	46	30	40.0	92.0	83.8	45.0	600.0	150.0	86.0	45.0	flash	
2026-09-01T21:32:00	1.867	56	30	140.0	112.0	90.0	45.6	480.0	122.0	90.4	45.7	flash	
2026-09-01T21:32:30	1.800	54	30	40.0	108.0	90.4	46.3	280.0	156.0	92.4	46.3	flash	
2026-09-01T21:33:00	1.033	31	30	0.0	62.0	86.4	46.4	240.0	112.0	93.2	46.5	flash	
2026-09-01T21:33:30	0.233	7	30	20.0	14.0	78.6	46.0	60.0	58.0	85.8	46.4	flash	
2026-09-01T21:34:00	0.796	24	30.1611	40.0	48.0	79.2	46.2	120.0	50.0	79.4	46.2	flash	
2026-09-01T21:34:30	0.530	16	30.1667	40.0	32.0	67.2	46.1	80.0	50.0	79.2	46.2	flash	
2026-09-01T21:35:00	0.564	17	30.1667	100.0	34.0	65.4	46.1	100.0	40.0	67.6	46.2	flash	
2026-09-01T21:35:30	0.796	24	30.1667	20.0	48.0	64.4	46.1	160.0	56.0	66.6	46.2	flash	
2026-09-01T21:36:00	0.630	19	30.1667	40.0	38.0	58.8	46.0	220.0	56.0	65.0	46.2	flash	
2026-09-01T21:36:30	0.232	7	30.1667	0.0	14.0	51.0	45.6	100.0	38.0	59.0	46.0	flash	
2026-09-01T21:37:00	0.686	20	29.1611	40.0	40.0	43.8	45.9	120.0	40.0	49.4	45.9	flash	
2026-09-01T21:37:30	0.530	16	30.1667	0.0	32.0	36.2	45.8	100.0	52.0	42.8	46.0	flash	
2026-09-01T21:38:00	0.497	15	30.1667	20.0	30.0	33.0	45.7	100.0	30.0	36.0	45.8	flash	
2026-09-01T21:38:30	0.199	6	30.1667	0.0	12.0	32.8	45.4	80.0	32.0	33.8	45.7	flash	
2026-09-01T21:39:00	0.696	21	30.1667	40.0	42.0	32.2	45.4	140.0	42.0	33.4	45.5	flash	
2026-09-01T21:39:30	0.688	9	13.0722	0.0	34.0	32.6	45.4	80.0	44.0	33.2	45.5	flash	
2026-09-01T23:04:00	0.994	1	1.00556									flash	
2026-09-01T23:04:30	0.331	10	30.1667	80.0	20.0			80.0	20.0			flash	
2026-09-01T23:05:00	0.895	27	30.1667	40.0	54.0			160.0	58.0			flash	
2026-09-01T23:05:30	0.796	24	30.1667	60.0	48.0			200.0	66.0			flash	
2026-09-01T23:06:00	0.564	17	30.1667	0.0	34.0			100.0	52.0			flash	
2026-09-01T23:06:30	0.365	11	30.1667	0.0	22.0			80.0	38.0			flash	
2026-09-01T23:07:00	1.097	32	29.1611	60.0	64.0			200.0	64.0			flash	
2026-09-01T23:07:30	0.928	28	30.1667	40.0	56.0			140.0	78.0			flash	
2026-09-01T23:08:00	0.497	15	30.1667	20.0	30.0			120.0	58.0			flash	
2026-09-01T23:08:30	0.365	11	30.1667	40.0	22.0			100.0	32.0			flash	
2026-09-01T23:09:00	0.928	28	30.1667	60.0	56.0	40.6		120.0	58.0	40.6		flash	
2026-09-01T23:09:30	0.895	27	30.1667	140.0	54.0	44.0		180.0	54.0	44.2		flash	
2026-09-01T23:10:00	0.994	30	30.1667	40.0	60.0	44.6		200.0	88.0	46.0		flash	
2026-09-01T23:10:30	1.063	31	29.1611	40.0	62.0	46.0		200.0	64.0	47.0		flash	
2026-09-01T23:11:00	0.829	25	30.1667	20.0	50.0	47.6		200.0	74.0	47.6		flash	
2026-09-01T23:11:30	0.597	18	30.1667	0.0	36.0	49.0		120.0	50.0	49.6		flash	
2026-09-01T23:12:00	0.331	10	30.1667	0.0	20.0	44.6		100.0	48.0	49.4		flash	
2026-09-01T23:12:30	0.597	18	30.1667	20.0	36.0	42.6		200.0	36.0	44.4		flash	
2026-09-01T23:13:00	0.762	23	30.1667	0.0	46.0	44.2		160.0	60.0	44.6		flash	
2026-09-01T23:13:30	0.652	19	29.1611	60.0	38.0	46.0		80.0	50.0	46.0		flash	
2026-09-01T23:14:00	0.530	16	30.1667	40.0	32.0	43.4		100.0	42.0	45.8		flash	
2026-09-01T23:14:30	0.564	17	30.1667	80.0	34.0	41.8		100.0	40.0	44.4		flash	
2026-09-01T23:15:00	0.762	23	30.1667	120.0	46.0	40.0		120.0	46.0	42.2		flash	
2026-09-01T23:15:30	0.829	25	30.1667	60.0	50.0	38.8		180.0	58.0	41.6		flash	
2026-09-01T23:16:00	0.265	8	30.1667	0.0	16.0	35.4		60.0	52.0	39.0		flash	
2026-09-01T23:16:30	0.549	16	29.1611	40.0	32.0	35.0		120.0	32.0	35.8		flash	
2026-09-01T23:17:00	0.994	30	30.1667	180.0	60.0	39.0		180.0	60.0	39.0		flash	
2026-09-01T23:17:30	0.729	22	30.1667	60.0	44.0	40.0		140.0	62.0	41.4		flash	
2026-09-01T23:18:00	0.729	22	30.1667	0.0	44.0	39.6		140.0	52.0	40.4		flash	
2026-09-01T23:18:30	0.398	12	30.1667	0.0	24.0	38.2		140.0	44.0	39.6		flash	
2026-09-01T23:19:00	0.497	15	30.1667	40.0	30.0	38.0		80.0	32.0	39.2		flash	
2026-09-01T23:19:30	1.132	33	29.1611	0.0	70.0	41.2		180.0	76.0	42.2		flash	
2026-09-01T23:20:00	0.497	15	30.1667	0.0	30.0	39.6		140.0	68.0	41.4		flash	
2026-09-01T23:20:30	0.398	12	30.1667	0.0	24.0	37.2		160.0	32.0	40.0		flash	
2026-09-01T23:21:00	0.928	28	30.1667	60.0	56.0	41.0		140.0	56.0	41.0		flash	
2026-09-01T23:21:30	0.895	27	30.1667	300.0	54.0	43.2		300.0	60.0	43.2		flash	
2026-09-01T23:22:00	0.796	24	30.1667	60.0	48.0	42.0		300.0	72.0	43.8		flash	
2026-09-01T23:22:30	1.715	50	29.1611	300.0	104.0	47.6		300.0	104.0	47.6		flash	
2026-09-01T23:23:00	1.757	53	30.1667	0.0	106.0	53.8		300.0	152.0	55.0		flash	
2026-09-01T23:23:30	1.160	35	30.1667	0.0	70.0	58.4		300.0	106.0	58.8		flash	
2026-09-01T23:24:00	1.326	40	30.1667	220.0	80.0	63.8		320.0	98.0	63.8		flash	
2026-09-01T23:24:30	2.287	69	30.1667	360.0	138.0	70.6		360.0	146.0	70.6		flash	
2026-09-01T23:25:00	1.293	39	30.1667	60.0	78.0	75.4		520.0	136.0	75.4		flash	
2026-09-01T23:25:30	2.480	72	29.0278	640.0	144.0	87.4		640.0	144.0	87.4		flash	
2026-09-01T23:26:00	1.467	44	30	100.0	88.0	90.6		360.0	146.0	91.4		flash	
2026-09-01T23:26:30	1.767	53	30	220.0	106.0	96.6		360.0	130.0	98.4		flash	
2026-09-01T23:27:00	1.100	33	30	140.0	66.0	98.0		340.0	80.0	98.0		flash	
2026-09-01T23:27:30	1.100	33	30	0.0	66.0	94.6		260.0	106.0	101.0		flash	
2026-09-01T23:28:00	1.200	36	30	0.0	72.0	90.8		460.0	84.0	95.8		flash	
2026-09-01T23:28:30	0.730	22	30.1333	40.0	44.0	88.2		180.0	76.0	91.0		flash	
2026-09-01T23:29:00	0.630	19	30.1667	40.0	38.0	86.2		80.0	54.0	89.0		flash	
2026-09-01T23:29:30	0.829	25	30.1667	80.0	50.0	76.6		100.0	56.0	84.4		flash	
2026-09-01T23:30:00	0.530	16	30.1667	40.0	32.0	70.6		120.0	48.0	75.6		flash	
2026-09-01T23:30:30	0.663	20	30.1667	40.0	40.0	60.2		120.0	42.0	70.6		flash	
2026-09-01T23:31:00	0.829	25	30.1667	0.0	50.0	56.4		200.0	74.0	60.4		flash	
2026-09-01T23:31:30	0.754	22	29.1611	80.0	44.0	50.2		140.0	58.0	53.8		flash	
2026-09-01T23:32:00	0.398	12	30.1667	0.0	24.0	46.0		120.0	52.0	51.0		flash	
2026-09-01T23:32:30	0.497	15	30.1667	0.0	30.0	42.4		140.0	30.0	46.0		flash	
2026-09-01T23:33:00	0.630	19	30.1667	20.0	38.0	39.0		80.0	40.0	43.2		flash	
2026-09-01T23:33:30	0.464	14	30.1667	40.0	28.0	37.4		80.0	48.0	40.0		flash	
2026-09-01T23:34:00	0.862	26	30.1667	20.0	52.0	38.8		200.0	56.0	39.4		flash	
2026-09-01T23:34:30	0.617	18	29.1611	20.0	36.0	37.4		100.0	58.0	38.8		flash	
2026-09-01T23:35:00	0.994	30	30.1667	60.0	60.0	40.2		160.0	60.0	40.4		flash	
2026-09-01T23:35:30	0.829	25	30.1667	200.0	50.0	41.2		200.0	60.0	41.8		flash	
2026-09-01T23:36:00	0.716	18	25.1389	20.0	56.0	40.0		120.0	56.0	41.4		flash	
2026-09-01T23:40:30	0.696	14	20.1111	0.0				120.0				flash	
2026-09-01T23:41:00	0.597	18	30.1667	40.0	36.0			100.0	44.0			flash	
2026-09-01T23:41:30	0.829	25	30.1667	80.0	50.0			160.0	56.0			flash	
2026-09-01T23:42:00	0.663	20	30.1667	20.0	40.0			160.0	54.0			flash	
2026-09-01T23:42:30	0.497	15	30.1667	80.0	30.0			100.0	46.0			flash	
2026-09-01T23:43:00	0.796	24	30.1667	160.0	48.0			160.0	48.0			flash	
2026-09-01T23:43:30	0.720	21	29.1611	140.0	46.0			140.0	54.0			flash	
2026-09-01T23:44:00	0.762	23	30.1667	20.0	46.0			140.0	58.0			flash	
2026-09-01T23:44:30	0.464	14	30.1667	20.0	28.0			100.0	48.0			flash	
2026-09-01T23:45:00	0.663	20	30.1667	0.0	40.0			140.0	52.0			flash	
2026-09-01T23:45:30	0.796	24	30.1667	60.0	48.0	40.8		180.0	58.0	41.8		flash	
2026-09-01T23:46:00	0.530	16	30.1667	80.0	32.0	40.4		100.0	48.0	41.0		flash	
2026-09-01T23:46:30	0.720	21	29.1611	0.0	42.0	39.6		100.0	52.0	41.0		flash	
2026-09-01T23:47:00	0.530	16	30.1667	20.0	32.0	38.8		60.0	48.0	40.4		flash	
2026-09-01T23:47:30	0.961	29	30.1667	120.0	58.0	41.8		180.0	58.0	41.8		flash	
2026-09-01T23:48:00	0.530	16	30.1667	20.0	32.0	40.4		140.0	60.0	42.0		flash	
2026-09-01T23:48:30	0.365	11	30.1667	80.0	22.0	38.0		80.0	34.0	40.0		flash	
2026-09-01T23:49:00	0.663	20	30.1667	0.0	40.0	37.4		180.0	48.0	38.6		flash	
2026-09-01T23:49:30	0.583	17	29.1611	20.0	34.0	38.2		120.0	44.0	39.4		flash	
2026-09-01T23:50:00	1.028	31	30.1667	120.0	62.0	40.2		180.0	62.0	40.6		flash	
2026-09-01T23:50:30	0.696	21	30.1667	60.0	42.0	39.8		140.0	56.0	40.4		flash	
2026-09-01T23:51:00	0.597	18	30.1667	0.0	36.0	40.0		120.0	44.0	41.4		flash	
2026-09-01T23:51:30	0.862	26	30.1667	40.0	52.0	41.0		160.0	52.0	41.8		flash	
2026-09-01T23:52:00	0.431	13	30.1667	20.0	26.0	40.4		100.0	54.0	41.4		flash	
2026-09-01T23:52:30	0.892	26	29.1611	160.0	52.0	40.0		160.0	52.0	41.4		flash	
2026-09-01T23:53:00	0.796	24	30.1667	100.0	48.0	41.4		160.0	66.0	42.6		flash	
2026-09-01T23:53:30	0.597	18	30.1667	60.0	36.0	43.4		160.0	48.0	43.6		flash	
2026-09-01T23:54:00	0.431	13	30.1667	20.0	26.0	41.4		100.0	40.0	42.8		flash	
2026-09-01T23:54:30	0.331	10	30.1667	0.0	20.0	40.0		120.0	40.0	42.8		flash	
2026-09-01T23:55:00	1.061	32	30.1667	0.0	64.0	40.2		260.0	64.0	42.0		flash	
2026-09-01T23:55:30	0.480	14	29.1611	40.0	28.0	38.8		80.0	46.0	40.4		flash	
2026-09-01T23:56:00	0.729	22	30.1667	20.0	44.0	39.6		140.0	48.0	40.6		flash	
2026-09-01T23:56:30	0.530	16	30.1667	0.0	32.0	37.6		100.0	44.0	39.6		flash	
2026-09-01T23:57:00	0.530	16	30.1667	100.0	32.0	38.2		100.0	42.0	38.4		flash	
2026-09-01T23:57:30	0.729	22	30.1667	0.0	44.0	37.4		160.0	54.0	39.2		flash	
2026-09-01T23:58:00	0.464	14	30.1667	0.0	28.0	35.4		120.0	46.0	38.0		flash	
2026-09-01T23:58:30	0.480	14	29.1611	20.0	28.0	34.6		120.0	34.0	37.2		flash	
2026-09-01T23:59:00	0.696	21	30.1667	20.0	42.0	36.2		180.0	48.0	37.4		flash	
2026-09-01T23:59:30	0.564	17	30.1667	40.0	34.0	37.6		160.0	44.0	37.6		flash	
2026-09-02T00:00:00	0.530	16	30.1667	40.0	32.0	34.4		120.0	38.0	38.2		flash	
2026-09-02T00:00:30	0.762	23	30.1667	0.0	46.0	36.2		140.0	50.0	36.6		flash	
2026-09-02T00:01:00	0.331	10	30.1667	0.0	20.0	33.8		100.0	54.0	36.8		flash	
2026-09-02T00:01:30	1.235	36	29.1611	60.0	72.0	37.8		300.0	72.0	38.2		flash	
2026-09-02T00:02:00	0.663	20	30.1667	0.0	40.0	38.6		260.0	72.0	39.8		flash	
2026-09-02T00:02:30	0.928	28	30.1667	80.0	56.0	39.8		200.0	62.0	39.8		flash	
2026-09-02T00:03:00	0.663	20	30.1667	60.0	40.0	41.0		80.0	58.0	41.0		flash	
2026-09-02T00:03:30	0.365	11	30.1667	40.0	22.0	40.4		80.0	46.0	41.8		flash	
2026-09-02T00:04:00	0.597	18	30.1667	40.0	36.0	39.8		100.0	38.0	40.6		flash	
2026-09-02T00:04:30	0.514	15	29.1611	20.0	34.0	39.6		120.0	36.0	39.8		flash	
2026-09-02T00:05:00	0.961	29	30.1667	120.0	58.0	42.2		160.0	58.0	42.2		flash	
2026-09-02T00:05:30	0.497	15	30.1667	20.0	30.0	40.4		100.0	62.0	42.4		flash	
2026-09-02T00:06:00	0.696	21	30.1667	40.0	42.0	42.6		140.0	44.0	42.6		flash	
2026-09-02T00:06:30	0.365	11	30.1667	20.0	22.0	37.6		60.0	48.0	42.6		flash	
2026-09-02T00:07:00	0.497	15	30.1667	0.0	30.0	36.6		140.0	38.0	40.0		flash	
2026-09-02T00:07:30	0.892	26	29.1611	20.0	52.0	36.2		220.0	52.0	38.0		flash	
2026-09-02T00:08:00	0.762	23	30.1667	80.0	46.0	37.0		120.0	54.0	37.2		flash	
2026-09-02T00:08:30	0.630	19	30.1667	60.0	38.0	38.8		120.0	48.0	38.8		flash	
2026-09-02T00:09:00	0.464	14	30.1667	0.0	28.0	38.0		100.0	54.0	39.6		flash	
2026-09-02T00:09:30	0.961	29	30.1667	60.0	58.0	40.4		200.0	58.0	40.6		flash	
2026-09-02T00:10:00	0.331	10	30.1667	0.0	20.0	36.6		60.0	58.0	40.4		flash	
2026-09-02T00:10:30	0.687	20	29.1056	0.0	40.0	37.6		140.0	42.0	38.6		flash	
2026-09-02T00:11:00	0.433	13	30	0.0	26.0	36.0		120.0	52.0	38.8		flash	
2026-09-02T00:11:30	0.533	16	30	40.0	32.0	37.2		100.0	34.0	37.2		flash	
2026-09-02T00:12:00	0.533	16	30	0.0	32.0	37.2		180.0	44.0	37.2		flash	
2026-09-02T00:12:30	0.567	17	30	20.0	34.0	35.6		100.0	48.0	37.4		flash	
2026-09-02T00:13:00	0.800	24	30	0.0	48.0	35.8		140.0	50.0	37.2		flash	
2026-09-02T00:13:30	0.566	17	30.05	0.0	34.0	35.2		180.0	50.0	37.6		flash	
2026-09-02T00:14:00	0.630	19	30.1667	20.0	38.0	36.2		160.0	38.0	36.2		flash	
2026-09-02T00:14:30	1.227	37	30.1667	200.0	74.0	37.8		300.0	74.0	38.0		flash	
2026-09-02T00:15:00	0.331	10	30.1667	40.0	20.0	37.8		120.0	78.0	38.2		flash	
2026-09-02T00:15:30	1.028	31	30.1667	160.0	62.0	40.0		180.0	62.0	40.0		flash	
2026-09-02T00:16:00	0.497	15	30.1667	20.0	30.0	40.4		140.0	62.0	40.4		flash	
2026-09-02T00:16:30	0.960	28	29.1611	0.0	56.0	42.8		220.0	74.0	44.0		flash	
2026-09-02T00:17:00	0.597	18	30.1667	20.0	36.0	43.2		120.0	58.0	44.0		flash	
2026-09-02T00:17:30	0.597	18	30.1667	0.0	36.0	43.4		120.0	48.0	44.2		flash	
2026-09-02T00:18:00	0.829	25	30.1667	20.0	50.0	43.6		140.0	56.0	44.0		flash	
2026-09-02T00:18:30	0.630	19	30.1667	20.0	38.0	44.0		180.0	50.0	44.0		flash	
2026-09-02T00:19:00	0.464	14	30.1667	20.0	28.0	43.0		120.0	42.0	44.4		flash	
2026-09-02T00:19:30	0.514	15	29.1611	0.0	30.0	38.8		100.0	40.0	43.2		flash	
2026-09-02T00:20:00	0.431	13	30.1667	0.0	26.0	39.4		80.0	34.0	39.8		flash	
2026-09-02T00:20:30	1.193	36	30.1667	20.0	72.0	41.0		260.0	74.0	42.6		flash	
2026-09-02T00:21:00	0.729	22	30.1667	0.0	44.0	41.6		180.0	68.0	42.8		flash	
2026-09-02T00:21:30	0.597	18	30.1667	0.0	36.0	39.6		140.0	52.0	42.2		flash	
2026-09-02T00:22:00	0.796	24	30.1667	100.0	48.0	40.8		120.0	48.0	40.8		flash	
2026-09-02T00:22:30	0.652	19	29.1611	40.0	40.0	41.0		240.0	66.0	41.6		flash	
2026-09-02T00:23:00	0.663	20	30.1667	0.0	40.0	40.0		80.0	58.0	41.4		flash	
2026-09-02T00:23:30	0.729	22	30.1667	20.0	44.0	40.8		120.0	54.0	41.4		flash	
2026-09-02T00:24:00	0.331	10	30.1667	0.0	20.0	39.8		60.0	42.0	40.8		flash	
2026-09-02T00:24:30	0.630	19	30.1667	100.0	38.0	40.6		120.0	38.0	40.6		flash	
2026-09-02T00:25:00	0.895	27	30.1667	20.0	54.0	43.4		240.0	62.0	43.4		flash	
2026-09-02T00:25:30	0.549	16	29.1611	80.0	32.0	39.4		120.0	54.0	43.0		flash	
2026-09-02T00:26:00	0.928	28	30.1667	60.0	56.0	40.6		180.0	58.0	40.6		flash	
2026-09-02T00:26:30	0.663	20	30.1667	40.0	40.0	41.0		120.0	64.0	41.4		flash	
2026-09-02T00:27:00	0.331	10	30.1667	0.0	20.0	38.4		60.0	40.0	41.2		flash	
2026-09-02T00:27:30	0.729	22	30.1667	80.0	44.0	38.8		100.0	44.0	39.6		flash	
2026-09-02T00:28:00	0.530	16	30.1667	0.0	32.0	38.0		120.0	50.0	39.8		flash	
2026-09-02T00:28:30	0.446	13	29.1611	0.0	26.0	36.4		140.0	34.0	38.0		flash	
2026-09-02T00:29:00	0.796	24	30.1667	20.0	48.0	39.0		160.0	50.0	39.4		flash	
2026-09-02T00:29:30	0.431	13	30.1667	0.0	26.0	38.0		140.0	48.0	40.4		flash	
2026-09-02T00:30:00	0.762	23	30.1667	80.0	46.0	37.0		200.0	46.0	39.2		flash	
2026-09-02T00:30:30	0.796	24	30.1667	60.0	48.0	38.6	39.2	180.0	58.0	38.8	39.2	flash	
2026-09-02T00:31:00	0.464	14	30.1667	20.0	28.0	35.8	39.1	120.0	48.0	38.8	39.2	flash	
2026-09-02T00:31:30	0.480	14	29.1611	80.0	28.0	34.8	38.9	80.0	30.0	35.8	39.1	flash	
2026-09-02T00:32:00	0.762	23	30.1667	80.0	46.0	37.2	38.9	200.0	54.0	37.2	39.0	flash	
2026-09-02T00:32:30	0.298	9	30.1667	0.0	18.0	34.8	38.8	100.0	52.0	37.6	39.0	flash	
2026-09-02T00:33:00	0.530	16	30.1667	0.0	32.0	34.6	38.7	140.0	34.0	35.0	38.9	flash	
2026-09-02T00:33:30	0.431	13	30.1667	20.0	26.0	34.6	38.5	120.0	40.0	35.8	38.7	flash	
2026-09-02T00:34:00	0.729	22	30.1667	20.0	44.0	34.2	38.5	160.0	44.0	34.6	38.5	flash	
2026-09-02T00:34:30	0.446	13	29.1611	0.0	26.0	34.2	38.5	100.0	54.0	34.8	38.6	flash	
2026-09-02T00:35:00	0.895	27	30.1667	20.0	54.0	35.6	38.6	120.0	54.0	35.8	38.6	flash	
2026-09-02T00:35:30	0.530	16	30.1667	40.0	32.0	33.8	38.4	100.0	58.0	35.8	38.7	flash	
2026-09-02T00:36:00	0.729	22	30.1667	40.0	44.0	35.0	38.5	120.0	48.0	35.4	38.6	flash	
2026-09-02T00:36:30	0.862	26	30.1667	40.0	52.0	37.4	38.6	120.0	58.0	38.4	38.7	flash	
2026-09-02T00:37:00	0.398	12	30.1667	20.0	24.0	35.2	38.6	60.0	52.0	37.8	38.7	flash	
2026-09-02T00:37:30	0.652	19	29.1611	20.0	40.0	37.2	38.4	140.0	44.0	37.2	38.6	flash	
2026-09-02T00:38:00	0.663	20	30.1667	40.0	40.0	38.0	38.4	100.0	48.0	38.4	38.6	flash	
2026-09-02T00:38:30	0.597	18	30.1667	20.0	36.0	39.0	38.6	120.0	40.0	39.2	38.7	flash	
2026-09-02T00:39:00	0.497	15	30.1667	60.0	30.0	37.6	38.5	100.0	38.0	39.2	38.6	flash	
2026-09-02T00:39:30	0.663	20	30.1667	160.0	40.0	39.0	38.5	160.0	40.0	39.0	38.5	flash	
2026-09-02T00:40:00	0.398	12	30.1667	0.0	24.0	36.0	38.2	220.0	46.0	38.6	38.5	flash	
2026-09-02T00:40:30	0.480	14	29.1611	80.0	28.0	36.0	38.0	100.0	38.0	36.0	38.1	flash	
2026-09-02T00:41:00	0.431	13	30.1667	20.0	26.0	33.8	37.9	140.0	34.0	35.8	38.1	flash	
2026-09-02T00:41:30	0.961	29	30.1667	80.0	58.0	34.4	38.0	260.0	64.0	34.4	38.0	flash	
2026-09-02T00:42:00	0.663	20	30.1667	20.0	40.0	36.2	38.1	200.0	68.0	36.4	38.2	flash	
2026-09-02T00:42:30	0.796	24	30.1667	20.0	48.0	37.0	38.1	120.0	66.0	38.2	38.2	flash	
2026-09-02T00:43:00	0.464	14	30.1667	0.0	28.0	35.8	37.9	140.0	54.0	37.8	38.1	flash	
2026-09-02T00:43:30	0.729	22	30.1667	40.0	44.0	36.6	38.0	140.0	52.0	37.4	38.0	flash	
2026-09-02T00:44:00	0.823	24	29.1611	20.0	52.0	38.4	38.2	200.0	60.0	39.6	38.3	flash	
2026-09-02T00:44:30	0.696	21	30.1667	40.0	42.0	40.2	38.4	120.0	58.0	40.2	38.4	flash	
2026-09-02T00:45:00	0.398	12	30.1667	0.0	24.0	38.6	38.0	60.0	44.0	39.8	38.4	flash	
2026-09-02T00:45:30	0.530	16	30.1667	60.0	32.0	39.0	38.0	160.0	32.0	39.6	38.1	flash	
2026-09-02T00:46:00	0.696	21	30.1667	40.0	42.0	40.6	38.0	100.0	54.0	41.0	38.0	flash	
2026-09-02T00:46:30	0.762	23	30.1667	0.0	46.0	39.4	38.2	260.0	60.0	43.8	38.3	flash	
2026-09-02T00:47:00	0.892	26	29.1611	40.0	52.0	40.8	38.4	140.0	52.0	41.8	38.5	flash	
2026-09-02T00:47:30	0.597	18	30.1667	0.0	36.0	39.4	38.3	120.0	52.0	40.6	38.4	flash	
2026-09-02T00:48:00	0.696	21	30.1667	0.0	42.0	40.8	38.4	100.0	52.0	41.6	38.5	flash	
2026-09-02T00:48:30	0.762	23	30.1667	40.0	46.0	41.4	38.6	140.0	62.0	42.8	38.6	flash	
2026-09-02T00:49:00	0.265	8	30.1667	0.0	16.0	37.8	38.3	80.0	36.0	41.2	38.6	flash	
2026-09-02T00:49:30	0.961	29	30.1667	40.0	58.0	39.4	38.6	180.0	58.0	40.2	38.6	flash	
2026-09-02T00:50:00	0.789	23	29.1611	40.0	46.0	41.6	38.7	160.0	54.0	41.6	38.8	flash	
2026-09-02T00:50:30	0.729	22	30.1667	100.0	44.0	42.8	38.7	100.0	60.0	43.6	38.8	flash	
2026-09-02T00:51:00	0.431	13	30.1667	20.0	26.0	41.4	38.8	100.0	46.0	43.2	38.8	flash	
2026-09-02T00:51:30	0.630	19	30.1667	40.0	38.0	40.4	38.4	140.0	38.0	41.2	38.8	flash	
2026-09-02T00:52:00	0.729	22	30.1667	60.0	44.0	39.6	38.5	120.0	56.0	42.0	38.6	flash	
2026-09-02T00:52:30	0.961	29	30.1667	40.0	58.0	41.8	38.5	120.0	62.0	41.8	38.6	flash	
2026-09-02T00:53:00	0.689	20	29.0167	0.0	40.0	41.6	38.5	140.0	60.0	42.2	38.6	flash	
2026-09-02T00:53:30	1.133	34	30	80.0	68.0	44.2	39.0	200.0	68.0	44.2	39.0	flash	
2026-09-02T00:54:00	0.467	14	30	0.0	28.0	45.0	38.9	100.0	74.0	45.4	39.0	flash	
2026-09-02T00:54:30	0.800	24	30	0.0	48.0	44.0	39.1	160.0	48.0	47.0	39.2	flash	
2026-09-02T00:55:00	0.700	21	30	0.0	42.0	43.8	38.9	160.0	46.0	45.2	39.1	flash	
2026-09-02T00:55:30	0.400	12	30	20.0	24.0	41.6	38.8	60.0	42.0	43.6	38.9	flash	
2026-09-02T00:56:00	0.962	29	30.1444	140.0	58.0	44.8	39.0	280.0	58.0	44.8	39.0	flash	
2026-09-02T00:56:30	0.597	18	30.1667	40.0	36.0	45.0	39.1	200.0	62.0	45.8	39.1	flash	
2026-09-02T00:57:00	0.696	21	30.1667	0.0	42.0	44.6	39.2	160.0	58.0	45.2	39.2	flash	
2026-09-02T00:57:30	0.564	17	30.1667	0.0	34.0	42.0	39.1	100.0	52.0	44.8	39.2	flash	
2026-09-02T00:58:00	0.630	19	30.1667	60.0	38.0	41.8	39.0	140.0	42.0	43.0	39.2	flash	
2026-09-02T00:58:30	0.530	16	30.1667	0.0	32.0	38.2	38.9	100.0	44.0	42.4	39.1	flash	
2026-09-02T00:59:00	0.717	21	29.3	0.0	42.0	39.6	39.1	160.0	42.0	39.6	39.1	flash	
2026-09-02T00:59:30	0.659	20	30.3333	0.0	40.0	38.8	38.9	140.0	56.0	39.6	39.2	flash	
2026-09-02T01:00:00	0.231	7	30.3333	20.0	14.0	36.0	38.8	80.0	44.0	39.4	38.9	flash	
2026-09-02T01:00:30	0.307	9	29.3222	0.0	18.0	35.4	38.6	160.0	26.0	37.6	39.0	flash	
2026-09-02T01:01:00	0.692	21	30.3333	0.0	42.0	33.8	38.8	100.0	42.0	37.4	38.8	flash	
2026-09-02T01:01:30	1.187	36	30.3333	60.0	72.0	37.4	39.2	120.0	72.0	38.0	39.2	flash	
2026-09-02T01:02:00	0.516	15	29.0667	40.0	32.0	36.2	39.1	120.0	72.0	38.0	39.2	flash	
2026-09-02T01:02:30	0.700	21	30	0.0	42.0	37.0	39.2	120.0	54.0	37.2	39.3	flash	
2026-09-02T01:03:00	0.367	11	30	0.0	22.0	35.6	39.0	100.0	46.0	37.4	39.2	flash	
2026-09-02T01:03:30	0.667	20	30	80.0	40.0	36.2	39.0	80.0	40.0	36.2	39.0	flash	
2026-09-02T01:04:00	0.533	16	30	0.0	32.0	35.2	39.0	120.0	48.0	37.0	39.1	flash	
2026-09-02T01:04:30	0.767	23	30	20.0	46.0	35.8	38.7	180.0	46.0	36.4	39.1	flash	
2026-09-02T01:05:00	0.631	19	30.1278	120.0	38.0	38.2	38.9	140.0	50.0	38.2	38.9	flash	
2026-09-02T01:05:30	0.199	6	30.1667	20.0	12.0	37.6	38.4	60.0	42.0	38.2	38.9	flash	
2026-09-02T01:06:00	0.663	20	30.1667	40.0	40.0	37.4	38.5	100.0	40.0	37.6	38.5	flash	
2026-09-02T01:06:30	0.597	18	30.1667	0.0	36.0	34.0	38.3	160.0	48.0	37.6	38.5	flash	
2026-09-02T01:07:00	0.398	12	30.1667	100.0	24.0	33.2	38.1	140.0	38.0	33.8	38.2	flash	
2026-09-02T01:07:30	0.994	30	30.1667	140.0	60.0	35.0	38.4	140.0	60.0	35.0	38.4	flash	
2026-09-02T01:08:00	0.274	8	29.1611	0.0	22.0	34.4	38.0	120.0	66.0	35.8	38.4	flash	
2026-09-02T01:08:30	1.094	33	30.1667	20.0	66.0	37.0	38.3	180.0	66.0	38.4	38.4	flash	
2026-09-02T01:09:00	0.530	16	30.1667	0.0	32.0	37.0	38.4	80.0	64.0	37.6	38.5	flash	
2026-09-02T01:09:30	0.464	14	30.1667	60.0	28.0	35.2	38.3	160.0	34.0	37.2	38.4	flash	
2026-09-02T01:10:00	0.961	29	30.1667	40.0	58.0	37.2	38.7	100.0	64.0	38.2	38.7	flash	
2026-09-02T01:10:30	0.696	21	30.1667	40.0	42.0	40.2	38.4	200.0	54.0	40.2	38.6	flash	
2026-09-02T01:11:00	0.617	18	29.1611	80.0	38.0	40.2	38.3	80.0	48.0	40.6	38.4	flash	
2026-09-02T01:11:30	0.994	30	30.1667	160.0	60.0	42.2	38.5	200.0	62.0	42.2	38.5	flash	
2026-09-02T01:12:00	0.663	20	30.1667	80.0	40.0	43.8	38.5	80.0	56.0	44.4	38.6	flash	
2026-09-02T01:12:30	0.829	25	30.1667	40.0	50.0	43.4	38.6	200.0	60.0	44.8	38.6	flash	
2026-09-02T01:13:00	0.663	20	30.1667	20.0	40.0	45.2	38.6	200.0	68.0	45.2	38.6	flash	
2026-09-02T01:13:30	0.762	23	30.1667	80.0	46.0	43.2	38.6	100.0	46.0	45.2	38.6	flash	
2026-09-02T01:14:00	0.446	13	29.1611	0.0	32.0	42.6	38.6	100.0	48.0	43.4	38.7	flash	
2026-09-02T01:14:30	0.729	22	30.1667	0.0	44.0	44.2	38.7	140.0	48.0	45.8	38.8	flash	
2026-09-02T01:15:00	0.630	19	30.1667	40.0	38.0	42.4	38.5	160.0	46.0	44.2	38.7	flash	
2026-09-02T01:15:30	0.729	22	30.1667	40.0	44.0	42.6	38.7	160.0	58.0	42.8	38.7	flash	
2026-09-02T01:16:00	1.193	36	30.1667	20.0	72.0	46.0	38.8	220.0	78.0	46.8	38.9	flash	
2026-09-02T01:16:30	0.298	9	30.1667	20.0	18.0	41.8	38.6	60.0	68.0	45.6	38.8	flash	
2026-09-02T01:17:00	0.446	13	29.1611	20.0	28.0	40.8	38.7	100.0	30.0	43.2	38.7	flash	
2026-09-02T01:17:30	0.696	21	30.1667	20.0	42.0	39.8	38.7	100.0	42.0	41.6	38.7	flash	
2026-09-02T01:18:00	0.663	20	30.1667	80.0	40.0	39.8	38.7	200.0	42.0	39.8	38.7	flash	
2026-09-02T01:18:30	0.630	19	30.1667	0.0	38.0	39.4	38.8	140.0	62.0	41.0	38.8	flash	
2026-09-02T01:19:00	0.497	15	30.1667	20.0	30.0	39.2	38.7	160.0	42.0	40.0	38.9	flash	
2026-09-02T01:19:30	0.729	22	30.1667	20.0	44.0	39.2	38.8	200.0	52.0	40.2	38.9	flash	
2026-09-02T01:20:00	0.583	17	29.1611	0.0	36.0	39.0	38.8	160.0	60.0	41.4	38.9	flash	
2026-09-02T01:20:30	0.862	26	30.1667	20.0	52.0	40.0	38.8	140.0	52.0	41.0	38.9	flash	
2026-09-02T01:21:00	0.796	24	30.1667	0.0	48.0	37.2	39.0	140.0	62.0	40.8	39.1	flash	
2026-09-02T01:21:30	0.597	18	30.1667	40.0	36.0	39.2	39.0	140.0	58.0	39.2	39.2	flash	
2026-09-02T01:22:00	0.431	13	30.1667	0.0	26.0	39.0	38.8	120.0	36.0	39.4	39.0	flash	
2026-09-02T01:22:30	0.994	30	30.1667	20.0	60.0	40.8	39.3	260.0	60.0	41.8	39.3	flash	
2026-09-02T01:23:00	0.549	16	29.1611	20.0	32.0	40.2	39.3	100.0	52.0	42.0	39.3	flash	
2026-09-02T01:23:30	0.530	16	30.1667	0.0	32.0	39.4	39.3	100.0	46.0	41.0	39.3	flash	
2026-09-02T01:24:00	0.961	29	30.1667	0.0	58.0	42.4	39.5	200.0	58.0	43.0	39.7	flash	
2026-09-02T01:24:30	0.994	30	30.1667	120.0	60.0	44.0	39.8	260.0	60.0	44.0	39.8	flash	
2026-09-02T01:25:00	0.331	10	30.1667	20.0	20.0	42.4	39.5	100.0	60.0	43.8	39.8	flash	
2026-09-02T01:25:30	0.464	14	30.1667	0.0	28.0	40.0	39.4	120.0	30.0	42.4	39.5	flash	
2026-09-02T01:26:00	1.029	30	29.1611	80.0	60.0	41.2	39.6	140.0	60.0	41.2	39.6	flash	
2026-09-02T01:26:30	0.265	8	30.1667	0.0	16.0	39.4	39.2	60.0	60.0	41.2	39.6	flash	
2026-09-02T01:27:00	0.564	17	30.1667	0.0	34.0	40.0	39.3	220.0	34.0	40.0	39.4	flash	
2026-09-02T01:27:30	0.663	20	30.1667	180.0	40.0	38.0	39.3	180.0	40.0	40.0	39.4	flash	
2026-09-02T01:28:00	0.398	12	30.1667	60.0	24.0	37.2	39.2	80.0	50.0	38.8	39.4	flash	
2026-09-02T01:28:30	0.464	14	30.1667	0.0	28.0	36.8	39.1	140.0	34.0	37.2	39.3	flash	
2026-09-02T01:29:00	0.583	17	29.1611	20.0	34.0	34.4	39.1	100.0	42.0	37.0	39.3	flash	
2026-09-02T01:29:30	0.762	23	30.1667	120.0	46.0	33.2	39.4	160.0	46.0	34.8	39.4	flash	
2026-09-02T01:30:00	0.630	19	30.1667	0.0	38.0	34.8	39.3	120.0	60.0	35.2	39.5	flash	
2026-09-02T01:30:30	0.497	15	30.1667	60.0	30.0	35.0	39.4	120.0	48.0	36.0	39.5	flash	
2026-09-02T01:31:00	0.564	17	30.1667	0.0	34.0	32.4	39.4	220.0	48.0	37.8	39.6	flash	
2026-09-02T01:31:30	0.928	28	30.1667	40.0	56.0	36.4	39.4	140.0	56.0	36.4	39.8	flash	
2026-09-02T01:32:00	0.514	15	29.1611	40.0	30.0	36.0	39.3	100.0	50.0	37.2	39.5	flash	
2026-09-02T01:32:30	0.696	21	30.1667	120.0	42.0	36.2	39.3	120.0	42.0	37.4	39.4	flash	
2026-09-02T01:33:00	0.597	18	30.1667	0.0	36.0	37.4	39.3	160.0	50.0	38.0	39.3	flash	
2026-09-02T01:33:30	0.597	18	30.1667	0.0	36.0	38.2	39.3	140.0	52.0	38.2	39.4	flash	
2026-09-02T01:34:00	0.597	18	30.1667	60.0	36.0	38.4	39.1	120.0	48.0	39.6	39.4	flash	
2026-09-02T01:34:30	0.630	19	30.1667	20.0	38.0	37.6	39.1	120.0	46.0	39.8	39.2	flash	
2026-09-02T01:35:00	0.652	19	29.1611	20.0	38.0	37.6	39.2	120.0	46.0	39.0	39.3	flash	
2026-09-02T01:35:30	0.365	11	30.1667	20.0	22.0	37.0	39.1	80.0	40.0	38.0	39.3	flash	
2026-09-02T01:36:00	0.298	9	30.1667	0.0	18.0	35.2	38.9	80.0	26.0	37.4	39.2	flash	
2026-09-02T01:36:30	0.365	11	30.1667	0.0	22.0	31.8	38.7	80.0	24.0	35.4	38.9	flash	
2026-09-02T01:37:00	1.028	31	30.1667	100.0	62.0	35.0	38.8	180.0	62.0	35.0	38.9	flash	
2026-09-02T01:37:30	0.862	26	30.1667	20.0	52.0	36.0	38.9	120.0	78.0	37.6	39.0	flash	
2026-09-02T01:38:00	0.549	16	29.1611	20.0	34.0	35.6	38.8	140.0	54.0	38.0	38.9	flash	
2026-09-02T01:38:30	1.028	31	30.1667	100.0	62.0	38.2	39.0	220.0	62.0	38.2	39.0	flash	
2026-09-02T01:39:00	0.729	22	30.1667	40.0	44.0	39.2	39.3	120.0	64.0	39.6	39.3	flash	
2026-09-02T01:39:30	0.696	21	30.1667	20.0	42.0	39.4	39.1	160.0	48.0	39.4	39.3	flash	
2026-09-02T01:40:00	0.630	19	30.1667	20.0	38.0	39.4	39.0	160.0	44.0	39.4	39.2	flash	
2026-09-02T01:40:30	0.530	16	30.1667	0.0	32.0	40.4	38.9	120.0	48.0	41.0	39.0	flash	
2026-09-02T01:41:00	0.514	15	29.1611	0.0	30.0	41.6	38.9	120.0	40.0	41.6	39.0	flash	
2026-09-02T01:41:30	0.762	23	30.1667	40.0	46.0	44.0	39.1	160.0	52.0	44.0	39.2	flash	
2026-09-02T01:42:00	0.729	22	30.1667	0.0	44.0	43.2	39.0	140.0	60.0	44.8	39.1	flash	
2026-09-02T01:42:30	0.663	20	30.1667	40.0	40.0	41.2	38.8	140.0	42.0	42.2	39.0	flash	
2026-09-02T01:43:00	0.398	12	30.1667	40.0	24.0	40.2	38.7	100.0	44.0	41.2	38.9	flash	
2026-09-02T01:43:30	0.431	13	30.1667	20.0	26.0	36.6	38.3	140.0	36.0	40.4	38.7	flash	
2026-09-02T01:44:00	0.857	25	29.1611	60.0	50.0	37.2	38.5	220.0	50.0	37.4	38.5	flash	
2026-09-02T01:44:30	0.696	21	30.1667	0.0	42.0	37.4	38.4	140.0	70.0	38.8	38.5	flash	
2026-09-02T01:45:00	0.597	18	30.1667	40.0	36.0	37.0	38.4	140.0	40.0	37.6	38.4	flash	
2026-09-02T01:45:30	0.564	17	30.1667	20.0	34.0	37.2	38.5	160.0	54.0	38.2	38.5	flash	
2026-09-02T01:46:00	0.564	17	30.1667	140.0	34.0	37.6	38.2	140.0	44.0	38.0	38.5	flash	
2026-09-02T01:46:30	0.564	17	30.1667	0.0	34.0	36.4	38.2	120.0	48.0	38.8	38.4	flash	
2026-09-02T01:47:00	0.823	24	29.1611	20.0	48.0	36.8	38.3	140.0	52.0	37.6	38.4	flash	
2026-09-02T01:47:30	0.497	15	30.1667	100.0	30.0	36.0	38.2	100.0	48.0	36.8	38.3	flash	
2026-09-02T01:48:00	0.663	20	30.1667	40.0	40.0	37.6	38.3	140.0	50.0	38.2	38.3	flash	
2026-09-02T01:48:30	0.630	19	30.1667	20.0	38.0	38.6	38.3	80.0	42.0	38.8	38.3	flash	
2026-09-02T01:49:00	0.464	14	30.1667	20.0	28.0	36.4	38.2	120.0	40.0	40.2	38.4	flash	
2026-09-02T01:49:30	0.464	14	30.1667	0.0	28.0	35.0	38.0	80.0	30.0	36.4	38.2	flash	
2026-09-02T01:50:00	0.823	24	29.1611	20.0	48.0	36.6	38.4	140.0	58.0	38.4	38.4	flash	
2026-09-02T01:50:30	0.630	19	30.1667	40.0	38.0	36.6	38.6	140.0	58.0	38.2	38.6	flash	
2026-09-02T01:51:00	0.696	21	30.1667	120.0	42.0	38.6	38.6	160.0	42.0	38.6	38.7	flash	
2026-09-02T01:51:30	0.597	18	30.1667	20.0	36.0	37.6	38.2	160.0	52.0	38.2	38.6	flash	
2026-09-02T01:52:00	0.398	12	30.1667	0.0	24.0	35.2	38.2	80.0	42.0	37.6	38.3	flash	
2026-09-02T01:52:30	0.928	28	30.1667	40.0	56.0	37.8	38.3	200.0	56.0	38.8	38.4	flash	
2026-09-02T01:53:00	0.720	21	29.1611	40.0	44.0	38.2	38.5	180.0	56.0	39.4	38.5	flash	
2026-09-02T01:53:30	0.464	14	30.1667	0.0	28.0	37.0	38.4	80.0	44.0	38.2	38.5	flash	
2026-09-02T01:54:00	0.232	7	30.1667	0.0	14.0	35.6	38.2	40.0	32.0	37.4	38.4	flash	
2026-09-02T01:54:30	0.895	27	30.1667	20.0	54.0	38.2	38.3	160.0	54.0	38.6	38.5	flash	
2026-09-02T01:55:00	0.530	16	30.1667	20.0	32.0	36.6	38.2	100.0	56.0	38.6	38.4	flash	
2026-09-02T01:55:30	0.663	20	30.1667	20.0	40.0	36.8	38.5	200.0	46.0	37.2	38.5	flash	
2026-09-02T01:56:00	0.892	26	29.1611	60.0	52.0	39.0	38.7	220.0	64.0	39.0	38.7	flash	
2026-09-02T01:56:30	0.530	16	30.1667	0.0	32.0	37.6	38.6	140.0	54.0	38.8	38.7	flash	
2026-09-02T01:57:00	0.265	8	30.1667	0.0	16.0	36.6	38.5	60.0	32.0	37.4	38.6	flash	
2026-09-02T01:57:30	0.729	22	30.1667	60.0	44.0	35.6	38.4	120.0	44.0	36.8	38.5	flash	
2026-09-02T01:58:00	0.663	20	30.1667	20.0	40.0	35.2	38.6	120.0	66.0	35.8	38.6	flash	
2026-09-02T01:58:30	0.696	21	30.1667	0.0	42.0	36.6	38.3	120.0	46.0	36.8	38.6	flash	
2026-09-02T01:59:00	0.686	20	29.1611	0.0	40.0	39.2	38.4	120.0	50.0	39.2	38.5	flash	
2026-09-02T01:59:30	0.265	8	30.1667	20.0	16.0	35.4	38.3	60.0	40.0	39.2	38.4	flash	
2026-09-02T02:00:00	0.530	16	30.1667	20.0	32.0	35.4	38.1	100.0	34.0	35.8	38.3	flash	
2026-09-02T02:00:30	0.464	14	30.1667	20.0	28.0	34.2	37.9	240.0	30.0	35.4	38.0	flash	
2026-09-02T02:01:00	0.597	18	30.1667	0.0	36.0	32.6	37.9	100.0	60.0	34.6	38.0	flash	
2026-09-02T02:01:30	0.398	12	30.1667	0.0	24.0	31.8	37.5	80.0	36.0	33.0	37.9	flash	
2026-09-02T02:02:00	0.823	24	29.1611	60.0	48.0	35.0	37.7	140.0	48.0	35.2	37.8	flash	
2026-09-02T02:02:30	0.663	20	30.1667	20.0	40.0	34.8	37.5	140.0	56.0	36.4	37.8	flash	
2026-09-02T02:03:00	0.895	27	30.1667	100.0	54.0	36.2	37.7	100.0	54.0	36.2	37.7	flash	
2026-09-02T02:03:30	0.696	21	30.1667	100.0	42.0	36.0	37.7	160.0	60.0	36.8	37.8	flash	
2026-09-02T02:04:00	0.762	23	30.1667	20.0	46.0	36.6	37.8	220.0	56.0	37.2	37.8	flash	
2026-09-02T02:04:30	0.398	12	30.1667	20.0	24.0	37.4	37.6	100.0	42.0	37.6	37.8	flash	
2026-09-02T02:05:00	0.789	23	29.1611	60.0	46.0	38.8	37.7	140.0	46.0	38.8	37.8	flash	
2026-09-02T02:05:30	0.464	14	30.1667	0.0	28.0	38.8	37.6	140.0	52.0	41.2	37.8	flash	
2026-09-02T02:06:00	1.028	31	30.1667	80.0	62.0	41.4	37.4	260.0	62.0	41.4	37.7	flash	
2026-09-02T02:06:30	0.398	12	30.1667	20.0	24.0	41.4	37.5	100.0	68.0	42.4	37.5	flash	
2026-09-02T02:07:00	0.994	30	30.1667	100.0	60.0	42.6	37.8	240.0	60.0	43.8	37.8	flash	
2026-09-02T02:07:30	0.696	21	30.1667	20.0	42.0	42.8	37.8	240.0	64.0	43.2	37.9	flash	
2026-09-02T02:08:00	0.892	26	29.1611	100.0	54.0	43.4	38.0	120.0	64.0	43.4	38.1	flash	
2026-09-02T02:08:30	0.464	14	30.1667	0.0	28.0	42.2	37.9	100.0	54.0	42.6	38.0	flash	
2026-09-02T02:09:00	0.862	26	30.1667	120.0	52.0	41.8	38.1	220.0	52.0	41.8	38.1	flash	
2026-09-02T02:09:30	0.497	15	30.1667	20.0	30.0	42.4	38.0	120.0	54.0	43.0	38.1	flash	
2026-09-02T02:10:00	1.160	35	30.1667	40.0	70.0	44.8	38.3	140.0	70.0	46.2	38.3	flash	
2026-09-02T02:10:30	1.392	42	30.1667	0.0	84.0	50.4	38.6	440.0	100.0	51.0	38.8	flash	
2026-09-02T02:11:00	1.406	41	29.1556	20.0	82.0	52.6	39.0	480.0	96.0	54.2	39.0	flash	
2026-09-02T02:11:30	1.733	52	30	360.0	104.0	60.6	39.7	480.0	106.0	60.6	39.7	flash	
2026-09-02T02:12:00	2.233	67	30	320.0	134.0	68.0	40.7	380.0	156.0	68.0	40.7	flash	
2026-09-02T02:12:30	1.367	41	30	100.0	82.0	72.0	40.9	480.0	130.0	72.0	41.0	flash	
2026-09-02T02:13:00	1.833	55	30	40.0	110.0	78.0	41.7	300.0	132.0	78.4	41.7	flash	
2026-09-02T02:13:30	1.500	45	30	80.0	90.0	83.8	42.3	500.0	108.0	83.8	42.3	flash	
2026-09-02T02:14:00	1.466	44	30.0056	80.0	88.0	87.8	42.6	400.0	132.0	88.2	42.6	flash	
2026-09-02T02:14:30	1.260	38	30.1667	260.0	76.0	92.0	42.8	360.0	116.0	92.0	42.9	flash	
2026-09-02T02:15:00	1.525	46	30.1667	60.0	92.0	94.4	43.5	440.0	120.0	96.0	43.5	flash	
2026-09-02T02:15:30	1.359	41	30.1667	100.0	82.0	94.0	44.0	480.0	96.0	97.6	44.1	flash	
2026-09-02T02:16:00	0.829	25	30.1667	60.0	50.0	90.8	43.9	200.0	82.0	94.6	44.1	flash	
2026-09-02T02:16:30	0.365	11	30.1667	20.0	22.0	82.6	44.0	80.0	56.0	91.0	44.1	flash	
2026-09-02T02:17:00	0.720	21	29.1611	100.0	42.0	74.2	44.1	100.0	42.0	81.8	44.2	flash	
2026-09-02T02:17:30	0.696	21	30.1667	0.0	42.0	69.4	44.1	160.0	56.0	76.6	44.4	flash	
2026-09-02T02:18:00	0.398	12	30.1667	0.0	24.0	60.8	44.1	60.0	38.0	69.0	44.1	flash	
2026-09-02T02:18:30	0.564	17	30.1667	100.0	34.0	55.2	44.1	200.0	34.0	60.6	44.1	flash	
2026-09-02T02:19:00	0.663	20	30.1667	40.0	40.0	50.4	44.2	120.0	46.0	55.2	44.2	flash	
2026-09-02T02:19:30	0.696	21	30.1667	20.0	42.0	47.0	44.2	120.0	54.0	50.4	44.4	flash	
2026-09-02T02:20:00	0.696	21	30.1667	0.0	42.0	42.0	44.2	160.0	62.0	46.6	44.4	flash	
2026-09-02T02:20:30	0.514	15	29.1611	0.0	30.0	36.8	44.2	120.0	44.0	42.4	44.3	flash	
2026-09-02T02:21:00	1.094	33	30.1667	60.0	66.0	38.8	44.5	260.0	66.0	40.0	44.5	flash	
2026-09-02T02:21:30	0.365	11	30.1667	60.0	22.0	38.4	44.2	60.0	62.0	38.8	44.5	flash	
2026-09-02T02:22:00	0.796	24	30.1667	60.0	48.0	39.0	44.4	140.0	52.0	39.6	44.4	flash	
2026-09-02T02:22:30	0.331	10	30.1667	0.0	20.0	36.8	44.1	60.0	40.0	38.6	44.4	flash	
2026-09-02T02:23:00	0.597	18	30.1667	0.0	36.0	38.0	44.1	100.0	42.0	38.4	44.4	flash	
2026-09-02T02:23:30	0.480	14	29.1611	0.0	28.0	38.4	44.1	120.0	36.0	40.4	44.3	flash	
2026-09-02T02:24:00	0.829	25	30.1667	100.0	50.0	38.8	44.2	140.0	50.0	39.6	44.2	flash	
2026-09-02T02:24:30	0.398	12	30.1667	20.0	24.0	36.6	44.1	80.0	48.0	38.4	44.2	flash	
2026-09-02T02:25:00	0.994	30	30.1667	160.0	60.0	38.4	44.3	220.0	60.0	38.4	44.3	flash	
2026-09-02T02:25:30	0.398	12	30.1667	80.0	24.0	37.8	44.3	160.0	64.0	38.6	44.3	flash	
2026-09-02T02:26:00	1.094	33	30.1667	0.0	66.0	37.8	44.8	200.0	74.0	39.2	44.8	flash	
2026-09-02T02:26:30	0.549	16	29.1611	0.0	32.0	39.2	44.9	180.0	60.0	39.6	45.0	flash	
2026-09-02T02:27:00	0.696	21	30.1667	0.0	42.0	38.2	44.8	120.0	46.0	39.6	45.0	flash	
2026-09-02T02:27:30	1.227	37	30.1667	0.0	74.0	43.6	44.9	280.0	88.0	44.0	45.1	flash	
2026-09-02T02:28:00	0.597	18	30.1667	0.0	36.0	43.6	44.9	160.0	86.0	45.2	45.1	flash	
2026-09-02T02:28:30	0.696	21	30.1667	120.0	42.0	45.0	44.7	140.0	42.0	45.0	45.0	flash	
2026-09-02T02:29:00	0.729	22	30.1667	80.0	44.0	44.4	44.7	120.0	58.0	44.8	44.8	flash	
2026-09-02T02:29:30	0.857	25	29.1611	120.0	56.0	47.0	44.8	120.0	58.0	47.0	44.9	flash	
2026-09-02T02:30:00	0.564	17	30.1667	20.0	34.0	45.4	44.8	140.0	50.0	47.8	44.9	flash	
2026-09-02T02:30:30	0.762	23	30.1667	100.0	46.0	47.4	44.9	220.0	46.0	47.4	45.0	flash	
2026-09-02T02:31:00	0.464	14	30.1667	0.0	28.0	42.8	44.9	120.0	66.0	46.6	45.0	flash	
2026-09-02T02:31:30	0.597	18	30.1667	20.0	36.0	43.2	44.8	160.0	36.0	43.8	45.0	flash	
2026-09-02T02:32:00	0.829	25	30.1667	140.0	50.0	44.0	44.9	140.0	54.0	44.0	44.9	flash	
2026-09-02T02:32:30	0.724	21	29.0222	60.0	54.0	40.8	44.9	160.0	62.0	44.0	45.0	flash	
2026-09-02T02:33:00	0.967	29	30	160.0	58.0	43.0	45.2	160.0	62.0	43.0	45.2	flash	
2026-09-02T02:33:30	0.867	26	30	80.0	52.0	44.6	45.5	160.0	70.0	45.6	45.5	flash	
2026-09-02T02:34:00	0.433	13	30	0.0	26.0	42.8	45.3	100.0	56.0	45.4	45.7	flash	
2026-09-02T02:34:30	0.767	23	30	0.0	46.0	41.8	45.3	120.0	48.0	43.4	45.4	flash	
2026-09-02T02:35:00	0.467	14	30	0.0	28.0	41.2	45.2	160.0	46.0	42.8	45.5	flash	
2026-09-02T02:35:30	0.796	24	30.1389	20.0	48.0	42.2	45.3	160.0	50.0	44.2	45.4	flash	
2026-09-02T02:36:00	0.564	17	30.1667	120.0	34.0	42.0	45.5	120.0	48.0	42.0	45.5	flash	
2026-09-02T02:36:30	0.829	25	30.1667	20.0	50.0	43.4	45.5	180.0	62.0	44.8	45.5	flash	
2026-09-02T02:37:00	0.762	23	30.1667	40.0	46.0	44.2	45.5	100.0	56.0	44.8	45.5	flash	
2026-09-02T02:37:30	0.696	21	30.1667	60.0	42.0	43.0	45.6	100.0	54.0	43.6	45.6	flash	
2026-09-02T02:38:00	0.464	14	30.1667	180.0	28.0	40.0	45.5	180.0	46.0	43.4	45.6	flash	
2026-09-02T02:38:30	0.309	9	29.1611	0.0	18.0	36.6	45.3	140.0	42.0	40.2	45.6	flash	
2026-09-02T02:39:00	0.431	13	30.1667	0.0	26.0	36.6	45.3	100.0	26.0	36.6	45.3	flash	
2026-09-02T02:39:30	0.762	23	30.1667	40.0	46.0	36.6	45.4	260.0	46.0	36.6	45.4	flash	
2026-09-02T02:40:00	0.530	16	30.1667	0.0	32.0	37.0	45.3	140.0	62.0	38.0	45.5	flash	
2026-09-02T02:40:30	0.630	19	30.1667	0.0	38.0	36.0	45.3	160.0	38.0	37.0	45.3	flash	
2026-09-02T02:41:00	0.928	28	30.1667	40.0	56.0	38.2	45.4	200.0	58.0	39.2	45.5	flash	
2026-09-02T02:41:30	0.412	12	29.1611	0.0	26.0	35.6	45.3	140.0	60.0	38.0	45.5	flash	
2026-09-02T02:42:00	0.564	17	30.1667	0.0	34.0	34.6	45.4	100.0	44.0	36.6	45.5	flash	
2026-09-02T02:42:30	0.398	12	30.1667	0.0	24.0	33.2	45.1	120.0	32.0	35.0	45.4	flash	
2026-09-02T02:43:00	0.497	15	30.1667	0.0	30.0	32.8	45.0	140.0	32.0	34.8	45.1	flash	
2026-09-02T02:43:30	0.729	22	30.1667	20.0	44.0	35.4	45.1	200.0	44.0	35.4	45.2	flash	
2026-09-02T02:44:00	0.232	7	30.1667	20.0	14.0	34.2	45.1	40.0	46.0	35.8	45.1	flash	
2026-09-02T02:44:30	0.789	23	29.1611	0.0	46.0	34.4	45.0	160.0	48.0	36.4	45.2	flash	
2026-09-02T02:45:00	0.696	21	30.1667	20.0	42.0	35.2	45.1	200.0	56.0	35.6	45.2	flash	
2026-09-02T02:45:30	0.597	18	30.1667	40.0	36.0	35.0	45.1	120.0	56.0	36.6	45.3	flash	
2026-09-02T02:46:00	0.696	21	30.1667	40.0	42.0	33.8	45.0	120.0	44.0	36.2	45.2	flash	
2026-09-02T02:46:30	0.762	23	30.1667	20.0	46.0	35.8	45.1	120.0	52.0	36.6	45.2	flash	
2026-09-02T02:47:00	0.663	20	30.1667	20.0	40.0	36.4	45.4	120.0	48.0	36.4	45.4	flash	
2026-09-02T02:47:30	0.412	12	29.1611	60.0	24.0	36.4	45.2	80.0	42.0	36.6	45.4	flash	
2026-09-02T02:48:00	0.365	11	30.1667	20.0	22.0	35.6	45.0	160.0	26.0	36.4	45.2	flash	
2026-09-02T02:48:30	0.497	15	30.1667	20.0	30.0	34.4	44.9	80.0	44.0	36.6	45.0	flash	
2026-09-02T02:49:00	0.398	12	30.1667	20.0	24.0	35.2	44.7	100.0	30.0	35.4	44.9	flash	
2026-09-02T02:49:30	0.166	5	30.1667	0.0	10.0	31.6	44.7	80.0	24.0	35.2	44.7	flash	
2026-09-02T02:50:00	0.597	18	30.1667	0.0	36.0	31.0	44.7	180.0	46.0	33.6	44.9	flash	
2026-09-02T02:50:30	0.720	21	29.1611	80.0	42.0	31.6	44.8	140.0	44.0	31.6	45.0	flash	
2026-09-02T02:51:00	0.796	24	30.1667	20.0	48.0	32.4	45.0	120.0	56.0	32.8	45.0	flash	
2026-09-02T02:51:30	0.829	25	30.1667	140.0	50.0	32.6	45.2	140.0	50.0	32.8	45.2	flash	
2026-09-02T02:52:00	0.497	15	30.1667	40.0	30.0	31.6	45.0	140.0	52.0	33.0	45.3	flash	
2026-09-02T02:52:30	0.564	17	30.1667	40.0	34.0	32.6	45.0	100.0	40.0	32.8	45.1	flash	
2026-09-02T02:53:00	0.796	24	30.1667	60.0	48.0	35.2	44.9	140.0	56.0	36.0	45.1	flash	
2026-09-02T02:53:30	0.652	19	29.1611	60.0	38.0	36.2	45.0	180.0	50.0	36.6	45.1	flash	
2026-09-02T02:54:00	0.796	24	30.1667	60.0	48.0	38.4	44.9	120.0	50.0	38.4	45.0	flash	
2026-09-02T02:54:30	0.464	14	30.1667	40.0	28.0	40.2	44.9	160.0	48.0	40.2	45.0	flash	
2026-09-02T02:55:00	0.497	15	30.1667	0.0	30.0	39.6	44.8	120.0	44.0	41.2	45.1	flash	
2026-09-02T02:55:30	0.762	23	30.1667	80.0	46.0	40.0	45.0	140.0	48.0	41.0	45.0	flash	
2026-09-02T02:56:00	0.564	17	30.1667	0.0	34.0	38.6	44.7	140.0	56.0	40.6	45.1	flash	
2026-09-02T02:56:30	0.857	25	29.1611	100.0	50.0	39.0	45.0	280.0	50.0	39.6	45.0	flash	
2026-09-02T02:57:00	0.431	13	30.1667	0.0	26.0	38.6	44.6	100.0	66.0	39.8	45.0	flash	
2026-09-02T02:57:30	0.530	16	30.1667	80.0	32.0	38.2	44.5	140.0	34.0	39.2	44.7	flash	
2026-09-02T02:58:00	0.961	29	30.1667	140.0	58.0	39.0	44.6	220.0	58.0	39.0	44.6	flash	
2026-09-02T02:58:30	0.298	9	30.1667	0.0	18.0	37.0	44.5	180.0	60.0	39.6	44.6	flash	
2026-09-02T02:59:00	0.597	18	30.1667	20.0	36.0	35.8	44.3	160.0	36.0	37.2	44.6	flash	
2026-09-02T02:59:30	0.652	19	29.1611	80.0	38.0	36.8	44.4	120.0	40.0	37.6	44.4	flash	
2026-09-02T03:00:00	0.530	16	30.1667	100.0	32.0	37.0	44.0	120.0	42.0	37.0	44.4	flash	
2026-09-02T03:00:30	0.564	17	30.1667	40.0	34.0	36.0	43.5	100.0	50.0	37.2	44.0	flash	
2026-09-02T03:01:00	0.663	20	30.1667	20.0	40.0	36.4	43.1	100.0	46.0	36.6	43.6	flash	
2026-09-02T03:01:30	0.663	20	30.1667	140.0	40.0	35.4	42.4	140.0	42.0	38.0	43.1	flash	
2026-09-02T03:02:00	0.398	12	30.1667	0.0	24.0	35.2	41.3	180.0	50.0	36.2	42.5	flash	
2026-09-02T03:02:30	0.789	23	29.1611	0.0	46.0	36.6	41.0	120.0	46.0	37.4	41.5	flash	
2026-09-02T03:03:00	0.630	19	30.1667	20.0	38.0	35.8	40.3	140.0	48.0	37.4	41.0	flash	
2026-09-02T03:03:30	0.663	20	30.1667	40.0	40.0	36.8	39.8	100.0	52.0	37.0	40.3	flash	
2026-09-02T03:04:00	0.762	23	30.1667	60.0	46.0	37.8	39.3	200.0	50.0	38.4	39.9	flash	
2026-09-02T03:04:30	0.829	25	30.1667	180.0	50.0	39.0	39.1	180.0	60.0	39.8	39.3	flash	
2026-09-02T03:05:00	0.431	13	30.1667	20.0	26.0	38.4	38.4	160.0	52.0	39.8	39.0	flash	
2026-09-02T03:05:30	0.754	22	29.1611	100.0	44.0	39.4	38.0	160.0	50.0	40.0	38.4	flash	
2026-09-02T03:06:00	0.464	14	30.1667	40.0	28.0	38.2	37.9	120.0	46.0	39.6	38.1	flash	
2026-09-02T03:06:30	0.663	20	30.1667	100.0	40.0	38.8	38.0	120.0	40.0	38.8	38.0	flash	
2026-09-02T03:07:00	0.663	20	30.1667	20.0	40.0	39.8	38.0	260.0	60.0	40.4	38.1	flash	
2026-09-02T03:07:30	0.497	15	30.1667	40.0	30.0	38.2	37.9	100.0	46.0	40.0	38.0	flash	
2026-09-02T03:08:00	0.464	14	30.1667	20.0	28.0	37.2	37.9	120.0	34.0	38.6	37.9	flash	
2026-09-02T03:08:30	0.413	12	29.0833	40.0	24.0	35.6	37.9	80.0	34.0	37.4	38.1	flash	
2026-09-02T03:09:00	0.500	15	30	0.0	30.0	34.2	37.7	80.0	38.0	36.2	37.9	flash	
2026-09-02T03:09:30	0.500	15	30	0.0	30.0	33.0	37.6	180.0	46.0	36.2	37.9	flash	
2026-09-02T03:10:00	0.500	15	30	20.0	30.0	32.4	37.5	120.0	32.0	34.2	37.7	flash	
2026-09-02T03:10:30	0.667	20	30	0.0	40.0	32.8	37.6	240.0	44.0	34.6	37.7	flash	
2026-09-02T03:11:00	0.567	17	30	40.0	34.0	32.6	37.3	80.0	40.0	33.6	37.6	flash	
2026-09-02T03:11:30	0.698	21	30.0778	20.0	42.0	33.6	37.5	140.0	46.0	34.0	37.5	flash	
2026-09-02T03:12:00	0.696	21	30.1667	40.0	42.0	33.2	37.4	240.0	48.0	33.2	37.4	flash	
2026-09-02T03:12:30	0.431	13	30.1667	0.0	26.0	32.6	37.4	80.0	48.0	33.2	37.5	flash	
2026-09-02T03:13:00	0.862	26	30.1667	100.0	52.0	35.0	37.6	260.0	52.0	35.2	37.6	flash	
2026-09-02T03:13:30	1.028	31	30.1667	0.0	62.0	38.8	37.9	200.0	92.0	39.4	38.0	flash	
2026-09-02T03:14:00	1.492	45	30.1667	120.0	90.0	44.8	38.3	300.0	90.0	44.8	38.3	flash	
2026-09-02T03:14:30	1.612	47	29.1611	120.0	102.0	51.2	39.0	340.0	104.0	51.2	39.0	flash	
2026-09-02T03:15:00	0.663	20	30.1667	0.0	40.0	52.2	38.9	160.0	94.0	52.4	39.3	flash	
2026-09-02T03:15:30	1.193	36	30.1667	20.0	72.0	55.4	39.4	220.0	76.0	55.4	39.5	flash	
2026-09-02T03:16:00	0.663	20	30.1667	60.0	40.0	56.0	39.1	100.0	72.0	56.4	39.3	flash	
2026-09-02T03:16:30	0.564	17	30.1667	120.0	34.0	55.2	39.1	120.0	48.0	56.8	39.2	flash	
2026-09-02T03:17:00	0.497	15	30.1667	40.0	30.0	54.0	39.0	160.0	40.0	55.4	39.1	flash	
2026-09-02T03:17:30	0.514	15	29.1611	60.0	32.0	54.4	38.5	100.0	44.0	55.0	38.9	flash	
2026-09-02T03:18:00	0.796	24	30.1667	20.0	48.0	54.8	38.6	200.0	52.0	55.6	38.7	flash	
2026-09-02T03:18:30	0.331	10	30.1667	0.0	20.0	49.8	38.5	60.0	50.0	54.2	38.7	flash	
2026-09-02T03:19:00	0.928	28	30.1667	20.0	56.0	47.2	38.6	140.0	58.0	50.4	38.6	flash	
2026-09-02T03:19:30	0.497	15	30.1667	0.0	30.0	40.0	38.3	100.0	56.0	47.2	38.5	flash	
2026-09-02T03:20:00	0.630	19	30.1667	0.0	38.0	39.8	38.4	120.0	38.0	40.8	38.4	flash	
2026-09-02T03:20:30	0.617	18	29.1611	60.0	36.0	36.2	38.4	160.0	38.0	39.8	38.6	flash	
2026-09-02T03:21:00	0.597	18	30.1667	0.0	36.0	36.2	38.4	100.0	48.0	36.8	38.4	flash	
2026-09-02T03:21:30	1.028	31	30.1667	60.0	62.0	38.8	38.6	160.0	62.0	39.8	38.7	flash	
2026-09-02T03:22:00	0.232	7	30.1667	0.0	14.0	37.2	38.4	60.0	64.0	39.2	38.7	flash	
2026-09-02T03:22:30	0.762	23	30.1667	0.0	46.0	38.6	38.3	200.0	46.0	39.4	38.5	flash	
2026-09-02T03:23:00	0.199	6	30.1667	40.0	12.0	35.0	37.8	40.0	50.0	38.8	38.3	flash	
2026-09-02T03:23:30	0.617	18	29.1611	60.0	38.0	36.6	37.7	100.0	38.0	36.8	37.8	flash	
2026-09-02T03:24:00	0.663	20	30.1667	0.0	40.0	35.0	37.8	100.0	46.0	37.0	37.8	flash	
2026-09-02T03:24:30	0.696	21	30.1667	0.0	42.0	36.2	37.8	140.0	42.0	36.4	37.8	flash	
2026-09-02T03:25:00	0.166	5	30.1667	0.0	10.0	33.4	37.6	60.0	48.0	36.4	37.8	flash	
2026-09-02T03:25:30	0.696	21	30.1667	0.0	42.0	34.0	37.5	120.0	42.0	35.2	37.7	flash	
2026-09-02T03:26:00	0.663	20	30.1667	20.0	40.0	34.4	37.6	120.0	48.0	35.4	37.7	flash	
2026-09-02T03:26:30	0.994	1	1.00556	40.0	42.0	34.6	37.6	40.0	42.0	34.6	37.6	flash	
2026-09-02T04:27:00	0.398	8	20.1111	60.0				60.0				flash	
2026-09-02T04:27:30	0.564	17	30.1667	20.0	34.0			120.0	42.0			flash	
2026-09-02T04:28:00	0.696	21	30.1667	80.0	42.0			80.0	42.0			flash	
2026-09-02T04:28:30	0.365	11	30.1667	160.0	22.0			160.0	42.0			flash	
2026-09-02T04:29:00	1.193	36	30.1667	60.0	72.0			300.0	86.0			flash	
2026-09-02T04:29:30	0.464	14	30.1667	20.0	28.0			100.0	66.0			flash	
2026-09-02T04:30:00	0.686	20	29.1611	20.0	40.0			240.0	44.0			flash	
2026-09-02T04:30:30	0.762	23	30.1667	0.0	46.0			120.0	54.0			flash	
2026-09-02T04:31:00	0.663	20	30.1667	40.0	40.0			100.0	48.0			flash	
2026-09-02T04:31:30	0.597	18	30.1667	20.0	36.0			120.0	40.0			flash	
2026-09-02T04:32:00	0.762	23	30.1667	20.0	46.0	40.6		140.0	54.0	41.2		flash	
2026-09-02T04:32:30	0.796	24	30.1667	40.0	48.0	42.0		200.0	52.0	42.0		flash	
2026-09-02T04:33:00	0.652	19	29.1611	80.0	38.0	41.6		140.0	50.0	42.4		flash	
2026-09-02T04:33:30	0.729	22	30.1667	20.0	44.0	45.2		160.0	50.0	45.4		flash	
2026-09-02T04:34:00	0.663	20	30.1667	0.0	40.0	40.6		140.0	54.0	44.4		flash	
2026-09-02T04:34:30	0.895	27	30.1667	60.0	54.0	43.2		100.0	54.0	43.4		flash	
2026-09-02T04:35:00	0.497	15	30.1667	40.0	30.0	42.2		80.0	56.0	43.8		flash	
2026-09-02T04:35:30	0.431	13	30.1667	0.0	26.0	40.2		100.0	36.0	42.4		flash	
2026-09-02T04:36:00	0.686	20	29.1611	40.0	40.0	40.2		120.0	40.0	40.6		flash	
2026-09-02T04:36:30	0.762	23	30.1667	20.0	46.0	41.2		120.0	56.0	42.2		flash	
2026-09-02T04:37:00	0.331	10	30.1667	20.0	20.0	38.8		140.0	48.0	41.6		flash	
2026-09-02T04:37:30	0.862	26	30.1667	60.0	52.0	39.0		120.0	52.0	40.4		flash	
2026-09-02T04:38:00	0.696	21	30.1667	60.0	42.0	39.4		160.0	68.0	41.0		flash	
2026-09-02T04:38:30	0.630	19	30.1667	0.0	38.0	38.8		120.0	44.0	39.8		flash	
2026-09-02T04:39:00	0.823	24	29.1611	80.0	48.0	39.6		120.0	54.0	39.6		flash	
2026-09-02T04:39:30	0.762	23	30.1667	20.0	46.0	38.8		140.0	56.0	40.0		flash	
2026-09-02T04:40:00	0.331	10	30.1667	0.0	20.0	38.2		80.0	46.0	38.8		flash	
2026-09-02T04:40:30	1.061	32	30.1667	100.0	64.0	41.6		200.0	64.0	41.6		flash	
2026-09-02T04:41:00	0.298	9	30.1667	20.0	18.0	39.4		100.0	60.0	42.6		flash	
2026-09-02T04:41:30	0.762	23	30.1667	0.0	46.0	39.4		100.0	48.0	40.2		flash	
2026-09-02T04:42:00	0.480	14	29.1611	0.0	28.0	40.2		100.0	40.0	41.2		flash	
2026-09-02T04:42:30	0.762	23	30.1667	60.0	46.0	39.6		180.0	54.0	42.4		flash	
2026-09-02T04:43:00	0.398	12	30.1667	40.0	24.0	37.8		100.0	40.0	39.8		flash	
2026-09-02T04:43:30	0.762	23	30.1667	40.0	46.0	38.6		100.0	54.0	39.4		flash	
2026-09-02T04:44:00	0.431	13	30.1667	40.0	26.0	36.4		120.0	50.0	39.2		flash	
2026-09-02T04:44:30	0.398	12	30.1667	20.0	24.0	34.2		80.0	34.0	36.6		flash	
2026-09-02T04:45:00	0.652	19	29.1611	0.0	38.0	36.0		160.0	46.0	36.4		flash	
2026-09-02T04:45:30	0.729	22	30.1667	40.0	44.0	34.0		240.0	44.0	36.4		flash	
2026-09-02T04:46:00	0.530	16	30.1667	20.0	32.0	35.4		80.0	52.0	35.4		flash	
2026-09-02T04:46:30	0.663	20	30.1667	60.0	40.0	34.8		100.0	42.0	35.4		flash	
2026-09-02T04:47:00	0.928	28	30.1667	200.0	56.0	37.6		200.0	56.0	37.6		flash	
2026-09-02T04:47:30	0.762	23	30.1667	0.0	46.0	37.6		180.0	70.0	38.2		flash	
2026-09-02T04:48:00	0.617	18	29.1611	0.0	36.0	39.0		140.0	54.0	39.6		flash	
2026-09-02T04:48:30	0.597	18	30.1667	0.0	36.0	37.8		160.0	42.0	39.2		flash	
2026-09-02T04:49:00	0.497	15	30.1667	0.0	30.0	38.2		100.0	40.0	39.4		flash	
2026-09-02T04:49:30	0.398	12	30.1667	80.0	24.0	38.2		120.0	38.0	38.8		flash	
2026-09-02T04:50:00	0.796	24	30.1667	0.0	48.0	39.2		180.0	56.0	39.2		flash	
2026-09-02T04:50:30	0.928	28	30.1667	60.0	56.0	40.4		200.0	60.0	41.0		flash	
2026-09-02T04:51:00	0.617	18	29.1611	40.0	38.0	40.8		100.0	56.0	41.8		flash	
2026-09-02T04:51:30	0.663	20	30.1667	20.0	40.0	41.0		140.0	48.0	42.2		flash	
2026-09-02T04:52:00	0.497	15	30.1667	0.0	30.0	39.0		100.0	40.0	41.4		flash	
2026-09-02T04:52:30	0.928	28	30.1667	40.0	56.0	39.2		160.0	56.0	40.0		flash	
2026-09-02T04:53:00	0.497	15	30.1667	0.0	30.0	38.6		60.0	62.0	40.0		flash	
2026-09-02T04:53:30	0.331	10	30.1667	0.0	20.0	37.0		120.0	34.0	38.8		flash	
2026-09-02T04:54:00	0.722	21	29.1	100.0	42.0	38.2		120.0	44.0	39.0		flash	
2026-09-02T04:54:30	0.400	12	30	20.0	24.0	39.0		120.0	42.0	39.0		flash	
2026-09-02T04:55:00	0.900	27	30	240.0	54.0	38.8		240.0	54.0	39.6		flash	
2026-09-02T04:55:30	0.633	19	30	0.0	38.0	37.2		220.0	62.0	39.6		flash	
2026-09-02T04:56:00	0.867	26	30	180.0	52.0	39.0		180.0	52.0	39.0		flash	
2026-09-02T04:56:30	0.733	22	30	120.0	44.0	39.2		160.0	58.0	39.2		flash	
2026-09-02T04:57:00	0.433	13	30.0556	0.0	26.0	38.6		140.0	48.0	39.4		flash	
2026-09-02T04:57:30	0.729	22	30.1667	0.0	44.0	37.6		160.0	48.0	40.6		flash	
2026-09-02T04:58:00	0.298	9	30.1667	0.0	18.0	36.2		80.0	42.0	37.4		flash	
2026-09-02T04:58:30	0.564	17	30.1667	40.0	34.0	37.6		140.0	42.0	38.0		flash	
2026-09-02T04:59:00	0.994	30	30.1667	0.0	60.0	39.4		180.0	64.0	40.4		flash	
2026-09-02T04:59:30	0.464	14	30.1667	20.0	28.0	39.8		100.0	66.0	40.6		flash	
2026-09-02T05:00:00	0.583	17	29.1611	40.0	34.0	37.8		80.0	38.0	39.8		flash	
2026-09-02T05:00:30	0.431	13	30.1667	20.0	26.0	36.6		140.0	34.0	37.6		flash	
2026-09-02T05:01:00	0.597	18	30.1667	120.0	36.0	35.0		120.0	38.0	37.2		flash	
2026-09-02T05:01:30	0.431	13	30.1667	100.0	26.0	33.2		100.0	32.0	35.0		flash	
2026-09-02T05:02:00	0.862	26	30.1667	40.0	52.0	35.8		200.0	58.0	35.8		flash	
2026-09-02T05:02:30	0.696	21	30.1667	0.0	42.0	35.6		80.0	52.0	35.6		flash	
2026-09-02T05:03:00	0.960	28	29.1611	60.0	56.0	39.4		140.0	58.0	39.6		flash	
2026-09-02T05:03:30	0.862	26	30.1667	80.0	52.0	41.2		140.0	66.0	41.4		flash	
2026-09-02T05:04:00	0.530	16	30.1667	60.0	32.0	38.4		80.0	52.0	41.2		flash	
2026-09-02T05:04:30	0.497	15	30.1667	20.0	30.0	38.6		120.0	44.0	39.2		flash	
2026-09-02T05:05:00	0.663	20	30.1667	60.0	40.0	39.2		140.0	40.0	39.8		flash	
2026-09-02T05:05:30	0.862	26	30.1667	60.0	52.0	41.8		140.0	58.0	41.8		flash	
2026-09-02T05:06:00	0.480	14	29.1611	60.0	32.0	41.0		120.0	62.0	42.6		flash	
2026-09-02T05:06:30	0.331	10	30.1667	0.0	20.0	41.4		140.0	30.0	41.8		flash	
2026-09-02T05:07:00	0.961	29	30.1667	20.0	58.0	41.4		140.0	58.0	41.6		flash	
2026-09-02T05:07:30	0.663	20	30.1667	160.0	40.0	40.8		180.0	64.0	42.0		flash	
2026-09-02T05:08:00	0.630	19	30.1667	0.0	38.0	39.0		160.0	58.0	41.0		flash	
2026-09-02T05:08:30	0.464	14	30.1667	0.0	28.0	36.6		180.0	58.0	39.4		flash	
2026-09-02T05:09:00	0.686	20	29.1611	0.0	40.0	38.0		140.0	44.0	39.4		flash	
2026-09-02T05:09:30	0.630	19	30.1667	40.0	38.0	38.2		120.0	40.0	38.2		flash	
2026-09-02T05:10:00	0.497	15	30.1667	40.0	30.0	37.2		80.0	38.0	38.8		flash	
2026-09-02T05:10:30	1.061	32	30.1667	100.0	64.0	38.8		200.0	64.0	38.8		flash	
2026-09-02T05:11:00	0.630	19	30.1667	0.0	38.0	39.4		100.0	74.0	40.0		flash	
2026-09-02T05:11:30	0.398	12	30.1667	40.0	24.0	39.8		60.0	36.0	40.6		flash	
2026-09-02T05:12:00	0.686	20	29.1611	40.0	40.0	38.2		140.0	42.0	39.6		flash	
2026-09-02T05:12:30	0.497	15	30.1667	40.0	30.0	37.2		220.0	40.0	38.6		flash	
2026-09-02T05:13:00	0.862	26	30.1667	0.0	52.0	38.4		180.0	72.0	38.4		flash	
2026-09-02T05:13:30	0.298	9	30.1667	0.0	18.0	37.4		120.0	48.0	38.4		flash	
2026-09-02T05:14:00	0.928	28	30.1667	120.0	56.0	39.0		140.0	56.0	39.0		flash	
2026-09-02T05:14:30	0.464	14	30.1667	0.0	28.0	38.0		120.0	58.0	39.2		flash	
2026-09-02T05:15:00	0.617	18	29.1611	40.0	36.0	39.0		140.0	36.0	39.0		flash	
2026-09-02T05:15:30	0.497	15	30.1667	0.0	30.0	35.6		100.0	48.0	38.8		flash	
2026-09-02T05:16:00	0.663	20	30.1667	0.0	40.0	35.4		100.0	42.0	36.2		flash	
2026-09-02T05:16:30	0.696	21	30.1667	160.0	42.0	37.2		160.0	46.0	37.2		flash	
2026-09-02T05:17:00	0.928	28	30.1667	80.0	56.0	38.8	38.7	160.0	64.0	39.0	38.8	flash	
2026-09-02T05:17:30	0.099	3	30.1667	0.0	6.0	36.4	38.5	40.0	56.0	39.4	38.7	flash	
2026-09-02T05:18:00	0.652	19	29.1611	20.0	38.0	35.0	38.4	120.0	38.0	37.0	38.5	flash	
2026-09-02T05:18:30	0.663	20	30.1667	0.0	40.0	37.2	38.7	160.0	56.0	38.4	38.8	flash	
2026-09-02T05:19:00	0.862	26	30.1667	40.0	52.0	37.4	38.4	140.0	56.0	38.8	38.6	flash	
2026-09-02T05:19:30	0.530	16	30.1667	20.0	32.0	37.2	38.4	100.0	56.0	37.4	38.5	flash	
2026-09-02T05:20:00	0.298	9	30.1667	20.0	18.0	35.4	38.2	60.0	30.0	37.6	38.5	flash	
2026-09-02T05:20:30	0.961	29	30.1667	60.0	58.0	38.2	38.3	220.0	58.0	38.2	38.3	flash	
2026-09-02T05:21:00	0.549	16	29.1611	20.0	36.0	37.4	38.3	120.0	58.0	38.2	38.3	flash	
2026-09-02T05:21:30	0.796	24	30.1667	20.0	48.0	38.6	38.4	120.0	54.0	39.6	38.5	flash	
2026-09-02T05:22:00	0.630	19	30.1667	60.0	38.0	36.4	38.3	80.0	54.0	38.8	38.5	flash	
2026-09-02T05:22:30	0.365	11	30.1667	0.0	22.0	37.8	38.0	120.0	44.0	37.8	38.4	flash	
2026-09-02T05:23:00	0.862	26	30.1667	20.0	52.0	39.2	38.2	200.0	52.0	40.2	38.3	flash	
2026-09-02T05:23:30	1.061	32	30.1667	20.0	64.0	41.6	38.4	200.0	74.0	41.6	38.5	flash	
2026-09-02T05:24:00	0.652	19	29.1556	60.0	38.0	40.2	38.4	80.0	66.0	41.6	38.4	flash	
2026-09-02T05:24:30	0.967	29	30	60.0	58.0	42.8	38.4	200.0	74.0	43.8	38.7	flash	
2026-09-02T05:25:00	0.500	15	30	0.0	30.0	44.0	38.4	120.0	64.0	44.2	38.5	flash	
2026-09-02T05:25:30	0.800	24	30	20.0	48.0	43.4	38.6	140.0	58.0	45.4	38.6	flash	
2026-09-02T05:26:00	0.433	13	30	0.0	26.0	42.6	38.5	100.0	50.0	44.0	38.7	flash	
2026-09-02T05:26:30	0.467	14	30	0.0	28.0	40.4	38.3	140.0	30.0	42.4	38.5	flash	
2026-09-02T05:27:00	1.000	30	30.0056	40.0	60.0	42.6	38.7	180.0	64.0	42.8	38.7	flash	
2026-09-02T05:27:30	0.796	24	30.1667	60.0	48.0	45.2	38.7	140.0	78.0	45.2	38.9	flash	
2026-09-02T05:28:00	0.298	9	30.1667	0.0	18.0	42.0	38.4	60.0	42.0	45.2	38.7	flash	
2026-09-02T05:28:30	0.862	26	30.1667	40.0	52.0	40.6	38.6	220.0	52.0	44.0	38.7	flash	
2026-09-02T05:29:00	0.696	21	30.1667	20.0	42.0	41.0	38.5	140.0	50.0	42.6	38.7	flash	
2026-09-02T05:29:30	0.530	16	30.1667	60.0	32.0	38.4	38.4	120.0	46.0	41.2	38.6	flash	
2026-09-02T05:30:00	0.926	27	29.1611	60.0	56.0	40.8	38.7	180.0	60.0	41.6	38.7	flash	
2026-09-02T05:30:30	0.989	30	30.3333	100.0	60.0	42.0	38.7	160.0	64.0	42.0	38.8	flash	
2026-09-02T05:31:00	0.330	10	30.3333	0.0	20.0	41.4	38.7	140.0	56.0	42.4	38.7	flash	
2026-09-02T05:31:30	0.725	22	30.3333	80.0	44.0	43.0	38.7	120.0	44.0	43.0	38.7	flash	
2026-09-02T05:32:00	0.477	14	29.3222	20.0	34.0	39.8	38.7	120.0	52.0	43.8	38.8	flash	
2026-09-02T05:32:30	0.758	23	30.3333	20.0	46.0	39.6	38.7	240.0	48.0	40.2	38.7	flash	
2026-09-02T05:33:00	0.659	20	30.3333	20.0	40.0	41.8	38.8	200.0	54.0	41.8	38.9	flash	
2026-09-02T05:33:30	0.965	28	29.0111	40.0	56.0	42.4	38.9	140.0	64.0	42.8	39.0	flash	
2026-09-02T05:34:00	0.567	17	30	40.0	34.0	41.4	39.0	80.0	58.0	43.0	39.0	flash	
2026-09-02T05:34:30	0.733	22	30	20.0	44.0	42.8	39.2	180.0	52.0	43.2	39.3	flash	
2026-09-02T05:35:00	0.433	13	30	0.0	26.0	39.8	39.1	100.0	48.0	43.2	39.3	flash	
2026-09-02T05:35:30	0.967	29	30	20.0	58.0	39.8	39.2	160.0	58.0	40.4	39.2	flash	
2026-09-02T05:36:00	0.633	19	30	20.0	38.0	41.4	39.3	180.0	78.0	41.8	39.5	flash	
2026-09-02T05:36:30	0.497	15	30.1556	40.0	30.0	40.6	39.2	100.0	40.0	41.4	39.3	flash	
2026-09-02T05:37:00	0.597	18	30.1667	20.0	36.0	40.8	39.1	140.0	44.0	40.8	39.2	flash	
2026-09-02T05:37:30	0.564	17	30.1667	40.0	34.0	39.6	38.9	140.0	50.0	42.2	39.1	flash	
2026-09-02T05:38:00	0.663	20	30.1667	20.0	40.0	39.6	38.9	160.0	46.0	42.0	39.0	flash	
2026-09-02T05:38:30	0.298	9	30.1667	0.0	18.0	35.8	38.7	60.0	40.0	39.6	38.9	flash	
2026-09-02T05:39:00	0.464	14	30.1667	0.0	28.0	35.2	38.7	120.0	36.0	36.2	38.7	flash	
2026-09-02T05:39:30	0.960	28	29.1611	200.0	56.0	36.4	39.1	200.0	56.0	36.4	39.1	flash	
2026-09-02T05:40:00	0.796	24	30.1667	40.0	48.0	38.6	39.0	160.0	64.0	38.6	39.1	flash	
2026-09-02T05:40:30	0.232	7	30.1667	0.0	14.0	34.2	38.6	40.0	50.0	38.8	39.0	flash	
2026-09-02T05:41:00	0.663	20	30.1667	60.0	40.0	34.4	38.6	120.0	40.0	34.4	38.7	flash	
2026-09-02T05:41:30	0.497	15	30.1667	20.0	30.0	34.4	38.5	100.0	52.0	35.8	38.7	flash	
2026-09-02T05:42:00	0.796	24	30.1667	0.0	48.0	35.6	38.7	180.0	52.0	37.0	38.7	flash	
2026-09-02T05:42:30	0.857	25	29.1611	20.0	50.0	37.4	38.7	200.0	64.0	38.2	38.9	flash	
2026-09-02T05:43:00	0.497	15	30.1667	20.0	30.0	36.4	38.7	100.0	52.0	37.8	38.7	flash	
2026-09-02T05:43:30	0.994	30	30.1667	120.0	60.0	40.4	39.1	140.0	60.0	40.4	39.1	flash	
2026-09-02T05:44:00	0.829	25	30.1667	0.0	50.0	42.6	39.1	140.0	70.0	42.6	39.2	flash	
2026-09-02T05:44:30	0.530	16	30.1667	40.0	32.0	40.2	39.2	100.0	52.0	43.4	39.2	flash	
2026-09-02T05:45:00	0.365	11	30.1667	40.0	22.0	37.6	38.9	100.0	40.0	40.8	39.2	flash	
2026-09-02T05:45:30	0.686	20	29.1611	0.0	42.0	40.2	38.9	100.0	44.0	40.2	38.9	flash	
2026-09-02T05:46:00	0.331	10	30.1667	20.0	20.0	38.4	38.6	80.0	44.0	41.6	39.0	flash	
2026-09-02T05:46:30	0.862	26	30.1667	20.0	52.0	40.6	38.7	160.0	52.0	41.0	38.9	flash	
2026-09-02T05:47:00	0.431	13	30.1667	0.0	26.0	38.2	38.7	100.0	56.0	41.0	38.7	flash	
2026-09-02T05:47:30	0.696	21	30.1667	20.0	42.0	37.4	38.7	180.0	42.0	39.6	38.7	flash	
2026-09-02T05:48:00	0.663	20	30.1667	140.0	40.0	38.4	38.9	160.0	54.0	38.4	38.9	flash	
2026-09-02T05:48:30	0.583	17	29.1611	20.0	38.0	35.8	38.9	100.0	52.0	39.6	39.0	flash	
2026-09-02T05:49:00	0.796	24	30.1667	20.0	48.0	35.6	38.8	160.0	48.0	37.4	39.0	flash	
2026-09-02T05:49:30	0.564	17	30.1667	0.0	34.0	35.8	38.8	100.0	48.0	37.2	38.9	flash	
2026-09-02T05:50:00	0.530	16	30.1667	0.0	32.0	37.0	38.8	160.0	40.0	37.8	38.9	flash	
2026-09-02T05:50:30	0.331	10	30.1667	0.0	20.0	34.8	38.7	120.0	32.0	36.8	38.8	flash	
2026-09-02T05:51:00	0.464	14	30.1667	20.0	28.0	35.6	38.7	100.0	34.0	35.6	38.8	flash	
2026-09-02T05:51:30	0.823	24	29.1611	0.0	48.0	35.2	39.0	140.0	60.0	35.6	39.0	flash	
2026-09-02T05:52:00	0.464	14	30.1667	0.0	28.0	35.4	38.7	100.0	48.0	35.4	38.9	flash	
2026-09-02T05:52:30	0.829	25	30.1667	20.0	50.0	36.4	38.7	160.0	50.0	37.8	38.9	flash	
2026-09-02T05:53:00	0.961	29	30.1667	120.0	58.0	38.4	38.7	160.0	62.0	39.2	38.9	flash	
2026-09-02T05:53:30	0.829	25	30.1667	120.0	50.0	39.6	38.7	200.0	64.0	39.6	38.8	flash	
2026-09-02T05:54:00	0.530	16	30.1667	20.0	32.0	38.0	38.7	100.0	62.0	39.6	38.8	flash	
2026-09-02T05:54:30	0.720	21	29.1611	20.0	42.0	38.8	38.8	120.0	46.0	38.8	38.8	flash	
2026-09-02T05:55:00	0.630	19	30.1667	40.0	38.0	39.4	38.8	200.0	50.0	40.8	39.0	flash	
2026-09-02T05:55:30	0.597	18	30.1667	0.0	36.0	41.0	38.7	100.0	50.0	41.8	38.9	flash	
2026-09-02T05:56:00	0.696	21	30.1667	0.0	42.0	42.4	38.8	140.0	50.0	42.8	38.9	flash	
2026-09-02T05:56:30	0.497	15	30.1667	60.0	30.0	40.6	38.9	140.0	50.0	42.4	38.9	flash	
2026-09-02T05:57:00	0.530	16	30.1667	40.0	32.0	41.0	38.6	140.0	36.0	41.0	38.9	flash	
2026-09-02T05:57:30	0.377	11	29.1611	0.0	22.0	38.2	38.5	60.0	38.0	41.0	38.7	flash	
2026-09-02T05:58:00	0.829	25	30.1667	20.0	50.0	37.4	38.6	140.0	52.0	38.8	38.6	flash	
2026-09-02T05:58:30	0.994	30	30.1667	60.0	60.0	38.6	38.9	180.0	60.0	40.2	38.9	flash	
2026-09-02T05:59:00	0.630	19	30.1667	20.0	38.0	39.0	38.9	180.0	74.0	40.2	39.0	flash	
2026-09-02T05:59:30	0.630	19	30.1667	80.0	38.0	38.6	38.9	160.0	42.0	39.4	38.9	flash	
2026-09-02T06:00:00	0.431	13	30.1667	0.0	26.0	37.4	38.8	100.0	46.0	39.4	39.0	flash	
2026-09-02T06:00:30	0.514	15	29.1611	0.0	30.0	36.8	38.5	100.0	40.0	38.4	38.9	flash	
2026-09-02T06:01:00	0.696	21	30.1667	80.0	42.0	36.8	38.5	140.0	42.0	39.0	38.5	flash	
2026-09-02T06:01:30	0.298	9	30.1667	0.0	18.0	35.6	38.5	120.0	46.0	37.2	38.6	flash	
2026-09-02T06:02:00	0.961	29	30.1667	0.0	58.0	38.2	38.7	160.0	64.0	39.6	38.8	flash	
2026-09-02T06:02:30	0.597	18	30.1667	100.0	36.0	39.6	38.7	100.0	52.0	39.6	38.8	flash	
2026-09-02T06:03:00	0.431	13	30.1667	20.0	26.0	37.2	38.5	100.0	48.0	40.2	38.7	flash	
2026-09-02T06:03:30	0.720	21	29.1611	60.0	42.0	35.6	38.7	200.0	42.0	37.2	38.7	flash	
2026-09-02T06:04:00	0.696	21	30.1667	160.0	42.0	36.0	38.6	200.0	50.0	36.0	38.7	flash	
2026-09-02T06:04:30	0.431	13	30.1667	0.0	26.0	34.6	38.5	100.0	58.0	36.8	38.6	flash	
2026-09-02T06:05:00	0.497	15	30.1667	60.0	30.0	35.0	38.5	80.0	30.0	35.2	38.6	flash	
2026-09-02T06:05:30	0.597	18	30.1667	0.0	36.0	35.6	38.5	100.0	42.0	35.8	38.6	flash	
2026-09-02T06:06:00	0.597	18	30.1667	20.0	36.0	35.0	38.5	140.0	36.0	35.8	38.6	flash	
2026-09-02T06:06:30	0.069	2	29.1611	0.0	6.0	33.6	38.2	40.0	38.0	35.0	38.5	flash	
2026-09-02T06:07:00	1.127	34	30.1667	20.0	68.0	34.6	38.3	260.0	68.0	34.8	38.4	flash	
2026-09-02T06:07:30	0.829	25	30.1667	40.0	50.0	36.0	38.7	160.0	82.0	37.8	38.7	flash	
2026-09-02T06:08:00	0.597	18	30.1667	0.0	36.0	37.0	38.7	180.0	50.0	37.2	38.7	flash	
2026-09-02T06:08:30	0.398	12	30.1667	0.0	24.0	35.2	38.5	80.0	46.0	37.8	38.7	flash	
2026-09-02T06:09:00	0.331	10	30.1667	0.0	20.0	33.0	38.2	60.0	28.0	36.2	38.5	flash	
2026-09-02T06:09:30	0.994	29	29.1611	80.0	58.0	36.2	38.4	180.0	58.0	36.2	38.4	flash	
2026-09-02T06:10:00	0.630	19	30.1667	20.0	38.0	37.0	38.6	200.0	64.0	37.4	38.6	flash	
2026-09-02T06:10:30	0.696	21	30.1667	60.0	42.0	37.6	38.5	120.0	56.0	38.0	38.8	flash	
2026-09-02T06:11:00	0.663	20	30.1667	60.0	40.0	38.2	38.6	120.0	44.0	38.8	38.6	flash	
2026-09-02T06:11:30	0.696	21	30.1667	140.0	42.0	41.8	38.5	140.0	46.0	41.8	38.6	flash	
2026-09-02T06:12:00	0.398	12	30.1667	20.0	24.0	37.4	38.4	180.0	46.0	42.2	38.5	flash	
2026-09-02T06:12:30	0.447	13	29.0722	40.0	28.0	35.0	38.4	120.0	34.0	37.4	38.4	flash	
2026-09-02T06:13:00	0.233	7	30	0.0	14.0	32.8	38.0	60.0	28.0	35.2	38.4	flash	
2026-09-02T06:13:30	0.633	19	30	0.0	38.0	34.2	37.8	80.0	40.0	34.6	38.1	flash	
2026-09-02T06:14:00	0.433	13	30	60.0	26.0	34.8	37.6	100.0	40.0	35.0	37.9	flash	
2026-09-02T06:14:30	0.800	24	30	20.0	48.0	34.4	37.5	200.0	52.0	36.4	37.6	flash	
2026-09-02T06:15:00	0.600	18	30	20.0	36.0	33.6	37.6	120.0	54.0	35.2	37.7	flash	
2026-09-02T06:15:30	0.964	29	30.0889	60.0	58.0	35.2	37.7	120.0	58.0	35.4	37.7	flash	
2026-09-02T06:16:00	0.464	14	30.1667	40.0	28.0	34.4	37.7	60.0	58.0	35.6	37.7	flash	
2026-09-02T06:16:30	0.431	13	30.1667	20.0	26.0	33.4	37.7	120.0	36.0	34.2	37.9	flash	
2026-09-02T06:17:00	0.298	9	30.1667	0.0	18.0	32.0	37.3	60.0	32.0	33.0	37.7	flash	
2026-09-02T06:17:30	0.431	13	30.1667	0.0	26.0	31.8	37.1	80.0	26.0	32.4	37.2	flash	
2026-09-02T06:18:00	0.331	10	30.1667	0.0	20.0	32.4	37.1	60.0	34.0	33.0	37.1	flash	
2026-09-02T06:18:30	0.892	26	29.1611	20.0	52.0	33.8	37.1	220.0	54.0	34.6	37.2	flash	
2026-09-02T06:19:00	0.365	11	30.1667	0.0	22.0	33.4	36.9	100.0	52.0	34.0	37.1	flash	
2026-09-02T06:19:30	0.497	15	30.1667	0.0	30.0	31.6	36.9	120.0	40.0	34.8	37.0	flash	
2026-09-02T06:20:00	0.564	17	30.1667	80.0	34.0	31.4	36.7	160.0	34.0	32.2	36.9	flash	
2026-09-02T06:20:30	0.298	9	30.1667	20.0	18.0	27.4	36.2	60.0	36.0	31.4	36.6	flash	
2026-09-02T06:21:00	0.895	27	30.1667	0.0	54.0	30.0	36.6	220.0	56.0	30.4	36.6	flash	
2026-09-02T06:21:30	0.309	9	29.1611	20.0	18.0	29.2	36.4	80.0	54.0	30.0	36.6	flash	
2026-09-02T06:22:00	0.862	26	30.1667	60.0	52.0	32.6	36.6	100.0	52.0	32.6	36.6	flash	
2026-09-02T06:22:30	0.895	27	30.1667	0.0	54.0	35.4	36.6	180.0	64.0	35.4	36.7	flash	
2026-09-02T06:23:00	0.365	11	30.1667	20.0	22.0	35.6	36.5	80.0	58.0	36.0	36.8	flash	
2026-09-02T06:23:30	0.729	22	30.1667	20.0	44.0	34.8	36.3	140.0	46.0	36.8	36.6	flash	
2026-09-02T06:24:00	0.729	22	30.1667	120.0	44.0	37.0	36.4	120.0	44.0	37.0	36.5	flash	
2026-09-02T06:24:30	0.754	22	29.1611	0.0	52.0	38.4	36.4	220.0	64.0	39.0	36.6	flash	
2026-09-02T06:25:00	0.729	22	30.1667	80.0	44.0	39.8	36.6	160.0	44.0	40.0	36.6	flash	
2026-09-02T06:25:30	0.464	14	30.1667	20.0	28.0	40.6	36.3	80.0	48.0	40.6	36.7	flash	
2026-09-02T06:26:00	0.729	22	30.1667	60.0	44.0	39.4	36.4	140.0	46.0	41.0	36.4	flash	
2026-09-02T06:26:30	0.464	14	30.1667	0.0	28.0	40.4	36.4	120.0	42.0	41.0	36.5	flash	
2026-09-02T06:27:00	0.398	12	30.1667	0.0	24.0	37.6	36.2	80.0	48.0	41.0	36.5	flash	
2026-09-02T06:27:30	0.514	15	29.1611	20.0	30.0	35.2	36.2	120.0	30.0	38.0	36.3	flash	
2026-09-02T06:28:00	0.994	30	30.1667	20.0	60.0	39.2	36.4	180.0	64.0	39.2	36.4	flash	
2026-09-02T06:28:30	0.663	20	30.1667	80.0	40.0	38.6	36.6	160.0	52.0	39.0	36.6	flash	
2026-09-02T06:29:00	0.862	26	30.1667	0.0	52.0	40.2	36.9	180.0	60.0	40.6	36.9	flash	
2026-09-02T06:29:30	0.796	24	30.1667	60.0	48.0	39.8	36.8	140.0	64.0	39.8	37.0	flash	
2026-09-02T06:30:00	0.564	17	30.1667	0.0	34.0	38.8	36.6	140.0	46.0	40.8	36.9	flash	
2026-09-02T06:30:30	0.686	20	29.1611	40.0	40.0	40.0	36.9	200.0	42.0	40.4	36.9	flash	
2026-09-02T06:31:00	0.829	25	30.1667	100.0	50.0	40.6	37.0	120.0	54.0	41.2	37.1	flash	
2026-09-02T06:31:30	0.298	9	30.1667	20.0	18.0	39.6	36.9	60.0	50.0	41.2	37.0	flash	
2026-09-02T06:32:00	0.564	17	30.1667	0.0	34.0	40.6	36.7	120.0	40.0	40.6	36.9	flash	
2026-09-02T06:32:30	0.464	14	30.1667	20.0	28.0	40.4	36.5	120.0	52.0	42.2	36.8	flash	
2026-09-02T06:33:00	0.928	28	30.1667	120.0	56.0	40.0	36.8	140.0	56.0	40.0	36.8	flash	
2026-09-02T06:33:30	0.823	24	29.1611	20.0	50.0	41.6	36.7	140.0	80.0	42.4	37.0	flash	
2026-09-02T06:34:00	0.365	11	30.1667	60.0	22.0	37.8	36.4	140.0	48.0	40.8	36.7	flash	
2026-09-02T06:34:30	0.762	23	30.1667	100.0	46.0	37.6	36.5	160.0	48.0	39.0	36.6	flash	
2026-09-02T06:35:00	0.630	19	30.1667	0.0	38.0	38.0	36.7	160.0	48.0	38.0	36.7	flash	
2026-09-02T06:35:30	0.464	14	30.1667	0.0	28.0	36.8	36.6	80.0	56.0	38.8	36.7	flash	
2026-09-02T06:36:00	0.497	15	30.1667	120.0	30.0	34.8	36.7	120.0	30.0	36.8	36.7	flash	
2026-09-02T06:36:30	0.583	17	29.1611	0.0	34.0	36.4	36.5	120.0	46.0	36.6	36.6	flash	
2026-09-02T06:37:00	0.497	15	30.1667	0.0	30.0	36.0	36.5	160.0	50.0	38.0	36.6	flash	
2026-09-02T06:37:30	0.597	18	30.1667	140.0	36.0	36.8	36.5	140.0	36.0	36.8	36.6	flash	
2026-09-02T06:38:00	0.232	7	30.1667	0.0	14.0	32.8	36.2	140.0	36.0	37.4	36.5	flash	
2026-09-02T06:38:30	0.961	29	30.1667	160.0	58.0	33.6	36.4	220.0	58.0	33.6	36.4	flash	
2026-09-02T06:39:00	0.597	18	30.1667	40.0	36.0	35.0	36.3	180.0	68.0	35.6	36.4	flash	
2026-09-02T06:39:30	0.686	20	29.1611	0.0	40.0	34.4	36.4	160.0	56.0	35.4	36.4	flash	
2026-09-02T06:40:00	0.796	24	30.1667	40.0	48.0	35.4	36.5	160.0	48.0	35.8	36.6	flash	
2026-09-02T06:40:30	0.431	13	30.1667	20.0	26.0	35.2	36.6	80.0	50.0	35.8	36.7	flash	
2026-09-02T06:41:00	0.796	24	30.1667	20.0	48.0	37.0	36.8	180.0	56.0	38.6	36.9	flash	
2026-09-02T06:41:30	0.331	10	30.1667	20.0	20.0	35.6	36.5	60.0	48.0	37.4	36.8	flash	
2026-09-02T06:42:00	0.597	18	30.1667	0.0	36.0	36.2	36.6	140.0	42.0	36.2	36.7	flash	
2026-09-02T06:42:30	0.446	13	29.1611	20.0	26.0	35.8	36.4	120.0	38.0	37.2	36.6	flash	
2026-09-02T06:43:00	0.497	15	30.1667	20.0	30.0	36.8	36.1	180.0	34.0	37.2	36.5	flash	
2026-09-02T06:43:30	0.729	22	30.1667	120.0	44.0	36.6	36.0	120.0	44.0	38.2	36.2	flash	
2026-09-02T06:44:00	0.597	18	30.1667	20.0	36.0	35.4	36.1	120.0	48.0	36.0	36.1	flash	
2026-09-02T06:44:30	0.597	18	30.1667	20.0	36.0	35.0	36.0	140.0	42.0	36.0	36.2	flash	
2026-09-02T06:45:00	0.564	17	30.1667	120.0	34.0	33.6	36.0	120.0	36.0	35.0	36.0	flash	
2026-09-02T06:45:30	0.206	6	29.1611	0.0	22.0	32.2	35.7	120.0	36.0	33.6	36.0	flash	
2026-09-02T06:46:00	0.796	24	30.1667	20.0	48.0	32.2	35.8	160.0	48.0	34.0	36.0	flash	
2026-09-02T06:46:30	0.829	25	30.1667	20.0	50.0	35.2	36.0	240.0	54.0	35.4	36.1	flash	
2026-09-02T06:47:00	0.829	25	30.1667	40.0	50.0	36.6	36.2	120.0	56.0	36.6	36.3	flash	
2026-09-02T06:47:30	0.564	17	30.1667	20.0	34.0	37.4	36.3	100.0	48.0	37.4	36.3	flash	
2026-09-02T06:48:00	0.464	14	30.1667	0.0	28.0	37.2	36.1	100.0	44.0	37.4	36.3	flash	
2026-09-02T06:48:30	0.514	15	29.1611	0.0	30.0	36.0	35.8	100.0	40.0	37.2	36.1	flash	
2026-09-02T06:49:00	0.895	27	30.1667	100.0	54.0	37.6	35.9	200.0	54.0	38.2	35.9	flash	
2026-09-02T06:49:30	0.564	17	30.1667	100.0	34.0	37.6	35.9	140.0	58.0	38.8	36.0	flash	
2026-09-02T06:50:00	0.530	16	30.1667	100.0	32.0	38.2	35.9	100.0	40.0	38.4	35.9	flash	
2026-09-02T06:50:30	0.597	18	30.1667	60.0	36.0	39.6	36.0	140.0	44.0	39.6	36.0	flash	
2026-09-02T06:51:00	0.564	17	30.1667	0.0	34.0	38.2	35.9	140.0	56.0	39.4	36.1	flash	
2026-09-02T06:51:30	0.892	26	29.1389	100.0	52.0	38.4	36.3	140.0	52.0	39.0	36.3	flash	
2026-09-02T06:52:00	0.600	18	30	20.0	36.0	37.0	36.0	100.0	52.0	38.4	36.3	flash	
2026-09-02T06:52:30	0.733	22	30	60.0	44.0	38.0	36.1	120.0	52.0	39.0	36.3	flash	
2026-09-02T06:53:00	0.600	18	30	40.0	36.0	38.8	36.2	120.0	52.0	39.6	36.2	flash	
2026-09-02T06:53:30	0.700	21	30	0.0	42.0	40.0	36.2	120.0	52.0	40.8	36.5	flash	
2026-09-02T06:54:00	0.700	21	30	60.0	42.0	39.0	36.2	120.0	48.0	40.8	36.4	flash	
2026-09-02T06:54:30	0.666	20	30.0222	60.0	40.0	39.8	36.4	120.0	48.0	40.6	36.4	flash	
2026-09-02T06:55:00	0.895	27	30.1667	20.0	54.0	41.8	36.6	160.0	58.0	42.4	36.6	flash	
2026-09-02T06:55:30	0.829	25	30.1667	20.0	50.0	43.4	36.7	180.0	78.0	44.4	36.8	flash	
2026-09-02T06:56:00	0.597	18	30.1667	20.0	36.0	43.2	36.8	120.0	62.0	43.6	36.9	flash	
2026-09-02T06:56:30	1.061	32	30.1667	20.0	64.0	44.4	37.3	280.0	64.0	46.2	37.3	flash	
2026-09-02T06:57:00	0.696	21	30.1667	0.0	42.0	45.0	37.1	120.0	66.0	46.4	37.4	flash	
2026-09-02T06:57:30	0.652	19	29.1611	40.0	38.0	44.4	37.0	140.0	52.0	46.2	37.1	flash	
2026-09-02T06:58:00	0.829	25	30.1667	20.0	50.0	45.8	37.1	160.0	52.0	46.0	37.3	flash	
2026-09-02T06:58:30	0.696	21	30.1667	0.0	42.0	45.8	37.3	120.0	52.0	46.0	37.3	flash	
2026-09-02T06:59:00	0.497	15	30.1667	100.0	30.0	44.6	37.4	120.0	42.0	45.8	37.4	flash	
2026-09-02T06:59:30	0.464	14	30.1667	20.0	28.0	43.4	37.1	100.0	38.0	44.8	37.4	flash	
2026-09-02T07:00:00	0.928	28	30.1667	160.0	56.0	43.6	37.3	320.0	56.0	44.2	37.3	flash	
2026-09-02T07:00:30	0.480	14	29.1722	40.0	30.0	41.6	37.1	100.0	60.0	43.8	37.2	flash	
2026-09-02T07:01:00	0.758	23	30.3333	0.0	46.0	42.4	37.2	120.0	50.0	42.6	37.3	flash	
2026-09-02T07:01:30	0.593	18	30.3333	0.0	36.0	39.6	37.2	120.0	46.0	42.8	37.3	flash	
2026-09-02T07:02:00	0.682	20	29.3222	60.0	40.0	39.4	37.3	120.0	46.0	39.8	37.3	flash	
2026-09-02T07:02:30	0.725	22	30.3333	0.0	44.0	40.0	37.5	120.0	52.0	40.6	37.5	flash	
2026-09-02T07:03:00	0.429	13	30.3333	20.0	26.0	37.6	37.6	120.0	36.0	39.8	37.6	flash	
2026-09-02T07:03:30	0.887	26	29.3222	60.0	52.0	38.6	37.7	200.0	60.0	39.0	37.7	flash	
2026-09-02T07:04:00	0.667	20	30	80.0	40.0	39.6	37.9	100.0	58.0	40.6	37.9	flash	
2026-09-02T07:04:30	0.600	18	30	40.0	36.0	40.4	37.7	140.0	42.0	40.6	37.9	flash	
2026-09-02T07:05:00	0.800	24	30	0.0	48.0	39.8	37.9	180.0	62.0	43.2	38.0	flash	
2026-09-02T07:05:30	0.167	5	30	40.0	10.0	37.8	37.4	60.0	48.0	39.6	37.9	flash	
2026-09-02T07:06:00	0.900	27	30	60.0	54.0	38.6	37.6	140.0	54.0	38.6	37.6	flash	
2026-09-02T07:06:30	0.467	14	30	0.0	28.0	37.8	37.7	160.0	60.0	39.4	37.7	flash	
2026-09-02T07:07:00	0.696	21	30.1667	0.0	42.0	38.0	37.9	100.0	46.0	38.6	37.9	flash	
2026-09-02T07:07:30	0.564	17	30.1667	20.0	34.0	37.0	38.0	100.0	52.0	38.4	38.1	flash	
2026-09-02T07:08:00	0.696	21	30.1667	40.0	42.0	38.6	38.2	260.0	48.0	39.6	38.2	flash	
2026-09-02T07:08:30	0.530	16	30.1667	20.0	32.0	36.6	38.0	100.0	56.0	39.2	38.2	flash	
2026-09-02T07:09:00	0.530	16	30.1667	0.0	32.0	35.8	38.1	180.0	40.0	37.6	38.2	flash	
2026-09-02T07:09:30	0.663	20	30.1667	0.0	40.0	36.2	38.2	120.0	42.0	37.6	38.2	flash	
2026-09-02T07:10:00	0.789	23	29.1611	20.0	46.0	36.0	38.4	140.0	60.0	36.4	38.4	flash	
2026-09-02T07:10:30	0.829	25	30.1667	60.0	50.0	40.0	38.7	160.0	50.0	40.0	38.7	flash	
2026-09-02T07:11:00	0.597	18	30.1667	20.0	36.0	38.2	38.5	100.0	56.0	40.4	38.6	flash	
2026-09-02T07:11:30	0.398	12	30.1667	100.0	24.0	37.8	38.5	100.0	38.0	38.2	38.5	flash	
2026-09-02T07:12:00	0.530	16	30.1667	20.0	32.0	36.8	38.3	140.0	40.0	37.8	38.6	flash	
2026-09-02T07:12:30	0.331	10	30.1667	0.0	20.0	35.4	38.0	40.0	40.0	36.8	38.3	flash	
2026-09-02T07:13:00	0.412	12	29.1611	20.0	24.0	33.8	38.0	100.0	30.0	36.4	38.0	flash	
2026-09-02T07:13:30	0.663	20	30.1667	20.0	40.0	34.6	38.0	200.0	40.0	35.0	38.0	flash	
2026-09-02T07:14:00	0.663	20	30.1667	40.0	40.0	35.2	38.0	120.0	48.0	35.8	38.1	flash	
2026-09-02T07:14:30	0.431	13	30.1667	0.0	26.0	33.8	37.7	140.0	44.0	35.8	37.9	flash	
2026-09-02T07:15:00	0.431	13	30.1667	20.0	26.0	31.8	37.6	80.0	38.0	34.2	37.9	flash	
2026-09-02T07:15:30	1.061	32	30.1667	0.0	64.0	33.2	37.9	160.0	70.0	35.4	38.0	flash	
2026-09-02T07:16:00	0.480	14	29.1611	100.0	28.0	32.4	37.8	100.0	64.0	33.2	37.9	flash	
2026-09-02T07:16:30	0.530	16	30.1667	20.0	32.0	33.8	37.8	140.0	46.0	34.2	38.0	flash	
2026-09-02T07:17:00	0.365	11	30.1667	40.0	22.0	32.2	37.8	80.0	40.0	34.2	37.8	flash	
2026-09-02T07:17:30	0.696	21	30.1667	40.0	42.0	34.4	37.9	200.0	44.0	34.4	38.0	flash	
2026-09-02T07:18:00	0.331	10	30.1667	20.0	20.0	34.0	37.5	120.0	44.0	35.0	37.8	flash	
2026-09-02T07:18:30	0.829	25	30.1667	0.0	50.0	35.0	37.6	240.0	60.0	35.4	37.8	flash	
2026-09-02T07:19:00	0.412	12	29.1611	0.0	24.0	33.4	37.3	120.0	52.0	35.4	37.7	flash	
2026-09-02T07:19:30	0.696	21	30.1667	0.0	42.0	35.0	37.3	120.0	42.0	36.2	37.4	flash	
2026-09-02T07:20:00	0.928	28	30.1667	80.0	56.0	38.0	37.5	300.0	56.0	38.0	37.5	flash	
2026-09-02T07:20:30	0.398	12	30.1667	0.0	24.0	34.0	37.3	140.0	64.0	38.0	37.5	flash	
2026-09-02T07:21:00	0.630	19	30.1667	20.0	38.0	35.0	37.2	100.0	40.0	36.0	37.3	flash	
2026-09-02T07:21:30	0.298	9	30.1667	20.0	18.0	33.6	37.2	100.0	40.0	35.2	37.3	flash	
2026-09-02T07:22:00	0.343	10	29.1611	20.0	20.0	33.4	37.1	140.0	32.0	34.8	37.3	flash	
2026-09-02T07:22:30	0.762	23	30.1667	0.0	46.0	34.2	37.2	140.0	48.0	34.2	37.3	flash	
2026-09-02T07:23:00	0.663	20	30.1667	40.0	40.0	35.8	37.1	120.0	46.0	36.6	37.3	flash	
2026-09-02T07:23:30	0.729	22	30.1667	40.0	44.0	35.2	37.0	160.0	60.0	37.2	37.2	flash	
2026-09-02T07:24:00	0.696	21	30.1667	120.0	42.0	37.0	37.2	120.0	52.0	37.0	37.2	flash	
2026-09-02T07:24:30	0.862	26	30.1667	60.0	52.0	38.0	37.3	220.0	64.0	38.0	37.4	flash	
2026-09-02T07:25:00	0.514	15	29.1611	0.0	30.0	35.4	37.2	120.0	50.0	39.2	37.4	flash	
2026-09-02T07:25:30	0.663	20	30.1667	0.0	40.0	37.0	37.3	160.0	40.0	37.0	37.4	flash	
2026-09-02T07:26:00	0.564	17	30.1667	80.0	34.0	36.6	37.4	100.0	46.0	37.0	37.4	flash	
2026-09-02T07:26:30	0.398	12	30.1667	0.0	24.0	37.2	37.3	100.0	42.0	37.4	37.4	flash	
2026-09-02T07:27:00	0.530	16	30.1667	60.0	32.0	38.4	37.3	120.0	36.0	38.4	37.3	flash	
2026-09-02T07:27:30	0.729	22	30.1667	0.0	44.0	38.2	37.4	180.0	50.0	40.6	37.6	flash	
2026-09-02T07:28:00	0.583	17	29.1611	0.0	34.0	37.8	37.6	140.0	40.0	39.2	37.6	flash	
2026-09-02T07:28:30	0.530	16	30.1667	20.0	32.0	36.6	37.4	180.0	38.0	37.8	37.6	flash	
2026-09-02T07:29:00	0.630	19	30.1667	40.0	38.0	37.2	37.3	140.0	54.0	37.4	37.5	flash	
2026-09-02T07:29:30	0.298	9	30.1667	40.0	18.0	32.6	37.1	60.0	38.0	36.0	37.3	flash	
2026-09-02T07:30:00	0.696	21	30.1667	0.0	42.0	33.8	37.1	180.0	50.0	35.6	37.3	flash	
2026-09-02T07:30:30	0.663	20	30.1667	60.0	40.0	33.8	37.2	180.0	40.0	35.2	37.2	flash	
2026-09-02T07:31:00	0.754	22	29.1611	20.0	44.0	35.2	37.2	140.0	50.0	35.8	37.2	flash	
2026-09-02T07:31:30	0.331	10	30.1667	0.0	20.0	34.4	37.2	80.0	48.0	35.8	37.3	flash	
2026-09-02T07:32:00	0.464	14	30.1667	20.0	28.0	34.0	37.1	120.0	28.0	34.6	37.2	flash	
2026-09-02T07:32:30	0.796	24	30.1667	120.0	48.0	34.4	37.3	140.0	48.0	34.4	37.3	flash	
2026-09-02T07:33:00	0.464	14	30.1667	60.0	28.0	33.8	37.3	140.0	54.0	34.6	37.3	flash	
2026-09-02T07:33:30	0.729	22	30.1667	20.0	44.0	35.0	37.3	100.0	50.0	35.8	37.4	flash	
2026-09-02T07:34:00	0.689	20	29.0444	160.0	42.0	35.4	37.3	160.0	44.0	36.0	37.4	flash	
2026-09-02T07:34:30	0.800	24	30	20.0	48.0	38.6	37.5	160.0	62.0	39.0	37.6	flash	
2026-09-02T07:35:00	0.700	21	30	40.0	42.0	38.2	37.6	100.0	44.0	38.2	37.7	flash	
2026-09-02T07:35:30	0.767	23	30	100.0	46.0	38.8	37.9	220.0	52.0	39.2	37.9	flash	
2026-09-02T07:36:00	0.500	15	30	20.0	30.0	37.6	37.7	140.0	60.0	40.4	37.9	flash	
2026-09-02T07:36:30	0.600	18	30	0.0	36.0	39.0	37.5	180.0	38.0	39.0	37.7	flash	
2026-09-02T07:37:00	0.232	7	30.1167	0.0	14.0	37.6	37.2	60.0	36.0	39.0	37.5	flash	
2026-09-02T07:37:30	0.961	29	30.1667	40.0	58.0	39.2	37.4	140.0	58.0	40.4	37.5	flash	
2026-09-02T07:38:00	0.331	10	30.1667	0.0	20.0	38.4	37.3	60.0	58.0	38.8	37.5	flash	
2026-09-02T07:38:30	0.862	26	30.1667	40.0	52.0	38.8	37.6	120.0	52.0	38.8	37.6	flash	
2026-09-02T07:39:00	0.762	23	30.1667	0.0	46.0	39.2	37.5	140.0	66.0	40.8	37.6	flash	
2026-09-02T07:39:30	0.663	20	30.1667	0.0	40.0	38.4	37.5	120.0	56.0	39.6	37.7	flash	
2026-09-02T07:40:00	0.583	17	29.1611	20.0	34.0	37.6	37.6	120.0	52.0	39.6	37.7	flash	
2026-09-02T07:40:30	0.464	14	30.1667	60.0	28.0	35.8	37.5	140.0	36.0	38.4	37.7	flash	
2026-09-02T07:41:00	0.564	17	30.1667	60.0	34.0	36.2	37.5	120.0	38.0	36.6	37.5	flash	
2026-09-02T07:41:30	0.530	16	30.1667	40.0	32.0	35.8	37.3	100.0	38.0	36.6	37.5	flash	
2026-09-02T07:42:00	0.829	25	30.1667	80.0	50.0	39.4	37.4	200.0	50.0	39.4	37.4	flash	
2026-09-02T07:42:30	0.232	7	30.1667	40.0	14.0	35.0	37.1	80.0	54.0	39.4	37.4	flash	
2026-09-02T07:43:00	0.446	13	29.1611	0.0	26.0	35.6	37.0	120.0	34.0	36.0	37.1	flash	
2026-09-02T07:43:30	0.398	12	30.1667	40.0	24.0	32.8	36.8	60.0	34.0	36.0	37.0	flash	
2026-09-02T07:44:00	0.796	24	30.1667	80.0	48.0	33.0	36.9	160.0	52.0	35.0	37.0	flash	
2026-09-02T07:44:30	0.431	13	30.1667	0.0	26.0	31.6	36.8	120.0	52.0	33.0	36.9	flash	
2026-09-02T07:45:00	0.530	16	30.1667	20.0	32.0	31.4	36.5	100.0	38.0	31.6	36.8	flash	
2026-09-02T07:45:30	1.028	31	30.1667	60.0	62.0	34.8	36.7	200.0	62.0	35.2	36.8	flash	
2026-09-02T07:46:00	0.446	13	29.1611	0.0	26.0	34.6	36.6	160.0	64.0	35.4	36.6	flash	
2026-09-02T07:46:30	0.597	18	30.1667	60.0	36.0	34.4	36.3	120.0	36.0	35.4	36.6	flash	
2026-09-02T07:47:00	1.094	33	30.1667	60.0	66.0	36.2	36.5	160.0	72.0	37.6	36.5	flash	
2026-09-02T07:47:30	0.365	11	30.1667	20.0	22.0	36.8	36.4	80.0	66.0	37.4	36.5	flash	
2026-09-02T07:48:00	0.564	17	30.1667	0.0	34.0	37.6	36.2	140.0	38.0	37.6	36.4	flash	
2026-09-02T07:48:30	0.365	11	30.1667	40.0	22.0	37.4	36.0	60.0	40.0	38.0	36.2	flash	
2026-09-02T07:49:00	0.549	16	29.1611	0.0	36.0	35.8	36.0	80.0	36.0	37.8	36.1	flash	
2026-09-02T07:49:30	0.630	19	30.1667	40.0	38.0	37.0	36.1	200.0	52.0	37.8	36.2	flash	
2026-09-02T07:50:00	0.331	10	30.1667	20.0	20.0	35.8	35.8	80.0	34.0	37.4	36.2	flash	
2026-09-02T07:50:30	0.729	22	30.1667	20.0	44.0	34.0	35.9	200.0	44.0	36.2	35.9	flash	
2026-09-02T07:51:00	0.729	22	30.1667	20.0	44.0	35.8	35.9	100.0	52.0	35.8	36.0	flash	
2026-09-02T07:51:30	0.829	25	30.1667	40.0	50.0	37.2	36.0	140.0	50.0	37.6	36.0	flash	
2026-09-02T07:52:00	0.823	24	29.1611	40.0	48.0	35.4	36.1	140.0	66.0	37.8	36.2	flash	
2026-09-02T07:52:30	0.696	21	30.1667	140.0	42.0	37.4	36.1	140.0	48.0	37.4	36.1	flash	
2026-09-02T07:53:00	0.762	23	30.1667	40.0	46.0	38.6	36.3	180.0	60.0	39.4	36.3	flash	
2026-09-02T07:53:30	0.762	23	30.1667	20.0	46.0	41.4	36.2	140.0	50.0	41.4	36.3	flash	
2026-09-02T07:54:00	0.564	17	30.1667	20.0	34.0	41.2	36.2	80.0	50.0	41.2	36.2	flash	
2026-09-02T07:54:30	0.729	22	30.1667	120.0	44.0	41.8	36.3	140.0	44.0	41.8	36.3	flash	
2026-09-02T07:55:00	1.063	31	29.1611	40.0	68.0	46.0	36.4	180.0	72.0	46.0	36.4	flash	
2026-09-02T07:55:30	0.133	4	30.1667	0.0	8.0	42.4	36.4	60.0	62.0	46.0	36.5	flash	
2026-09-02T07:56:00	0.862	26	30.1667	80.0	52.0	43.2	36.4	160.0	52.0	43.6	36.6	flash	
2026-09-02T07:56:30	0.796	24	30.1667	80.0	48.0	43.0	36.6	180.0	62.0	44.6	36.6	flash	
2026-09-02T07:57:00	0.796	24	30.1667	40.0	48.0	43.0	36.6	160.0	70.0	44.6	36.8	flash	
2026-09-02T07:57:30	0.762	23	30.1667	20.0	46.0	43.4	36.7	100.0	50.0	44.8	36.8	flash	
2026-09-02T07:58:00	0.206	6	29.1611	0.0	12.0	40.4	36.5	40.0	44.0	43.4	36.7	flash	
2026-09-02T07:58:30	0.597	18	30.1667	20.0	36.0	39.0	36.5	180.0	36.0	42.0	36.6	flash	
2026-09-02T07:59:00	0.597	18	30.1667	20.0	36.0	39.4	36.5	160.0	36.0	39.8	36.5	flash	
2026-09-02T07:59:30	1.028	31	30.1667	60.0	62.0	41.6	36.7	340.0	74.0	43.4	36.9	flash	
2026-09-02T08:00:00	0.497	15	30.1667	80.0	30.0	37.8	36.6	100.0	68.0	41.8	36.8	flash	
2026-09-02T08:00:30	0.762	23	30.1667	40.0	46.0	41.6	36.5	120.0	50.0	41.6	36.7	flash	
2026-09-02T08:01:00	0.446	13	29.1611	100.0	30.0	39.2	36.4	100.0	52.0	42.2	36.6	flash	
2026-09-02T08:01:30	0.564	17	30.1667	0.0	34.0	37.8	36.6	180.0	44.0	40.0	36.7	flash	
2026-09-02T08:02:00	0.895	27	30.1667	200.0	54.0	38.2	36.8	200.0	54.0	38.2	36.8	flash	
2026-09-02T08:02:30	0.796	24	30.1667	20.0	48.0	38.4	37.0	140.0	72.0	40.0	37.0	flash	
2026-09-02T08:03:00	0.696	21	30.1667	20.0	42.0	41.4	37.2	180.0	50.0	41.6	37.2	flash	
2026-09-02T08:03:30	0.663	20	30.1667	40.0	40.0	41.8	37.2	140.0	40.0	41.8	37.2	flash	
2026-09-02T08:04:00	0.412	12	29.1611	0.0	26.0	40.6	37.1	80.0	50.0	42.4	37.2	flash	
2026-09-02T08:04:30	0.331	10	30.1667	0.0	20.0	36.6	37.0	60.0	24.0	40.6	37.1	flash	
2026-09-02T08:05:00	0.597	18	30.1667	20.0	36.0	37.0	37.1	140.0	36.0	37.8	37.1	flash	
2026-09-02T08:05:30	0.331	10	30.1667	20.0	20.0	34.8	36.7	100.0	40.0	37.4	37.1	flash	
2026-09-02T08:06:00	0.829	25	30.1667	20.0	50.0	36.8	36.9	140.0	52.0	37.6	37.0	flash	
2026-09-02T08:06:30	0.564	17	30.1667	80.0	34.0	36.8	36.9	120.0	60.0	36.8	37.0	flash	
2026-09-02T08:07:00	0.549	16	29.1611	80.0	32.0	35.2	37.0	120.0	42.0	37.0	37.0	flash	
2026-09-02T08:07:30	0.597	18	30.1667	0.0	36.0	33.4	37.0	80.0	44.0	34.6	37.0	flash	
2026-09-02T08:08:00	0.796	24	30.1667	0.0	48.0	34.0	37.2	200.0	64.0	35.2	37.3	flash	
2026-09-02T08:08:30	0.497	15	30.1667	20.0	30.0	33.2	37.0	140.0	52.0	35.8	37.3	flash	
2026-09-02T08:09:00	0.796	24	30.1667	40.0	48.0	35.4	37.3	180.0	48.0	35.4	37.3	flash	
2026-09-02T08:09:30	0.696	21	30.1667	20.0	42.0	37.6	37.3	200.0	60.0	37.6	37.3	flash	
2026-09-02T08:10:00	0.274	8	29.1611	0.0	16.0	35.6	36.9	80.0	42.0	38.0	37.3	flash	
2026-09-02T08:10:30	0.530	16	30.1667	100.0	32.0	37.0	36.9	100.0	32.0	37.0	37.0	flash	
2026-09-02T08:11:00	0.564	17	30.1667	40.0	34.0	35.2	36.9	220.0	50.0	38.4	37.1	flash	
2026-09-02T08:11:30	0.796	24	30.1667	40.0	48.0	36.6	37.2	180.0	48.0	37.8	37.2	flash	
2026-09-02T08:12:00	0.597	18	30.1667	40.0	36.0	37.0	37.4	120.0	58.0	38.6	37.4	flash	
2026-09-02T08:12:30	0.796	24	30.1667	20.0	48.0	38.2	37.4	180.0	52.0	38.8	37.4	flash	
2026-09-02T08:13:00	0.446	13	29.1611	120.0	26.0	36.0	37.3	120.0	52.0	38.2	37.4	flash	
2026-09-02T08:13:30	0.298	9	30.1667	40.0	18.0	34.8	37.0	120.0	32.0	36.0	37.2	flash	
2026-09-02T08:14:00	0.630	19	30.1667	20.0	38.0	34.0	37.1	120.0	40.0	35.8	37.1	flash	
2026-09-02T08:14:30	0.729	22	30.1667	0.0	44.0	34.0	36.9	160.0	48.0	35.0	37.0	flash	
2026-09-02T08:15:00	0.928	28	30.1667	20.0	56.0	38.0	37.1	220.0	66.0	38.0	37.1	flash	
2026-09-02T08:15:30	1.127	34	30.1667	60.0	68.0	41.6	37.4	220.0	78.0	42.6	37.5	flash	
2026-09-02T08:16:00	0.721	21	29.1167	80.0	42.0	42.4	37.5	200.0	68.0	42.6	37.6	flash	
2026-09-02T08:16:30	0.533	16	30	60.0	32.0	41.0	37.6	80.0	54.0	43.0	37.6	flash	
2026-09-02T08:17:00	0.600	18	30	0.0	36.0	41.0	37.6	160.0	44.0	41.8	37.7	flash	
2026-09-02T08:17:30	0.567	17	30	40.0	34.0	39.4	37.5	140.0	48.0	41.0	37.6	flash	
2026-09-02T08:18:00	0.167	5	30	0.0	10.0	38.0	37.3	40.0	32.0	39.4	37.5	flash	
2026-09-02T08:18:30	0.433	13	30	20.0	26.0	38.6	37.2	80.0	26.0	38.8	37.3	flash	
2026-09-02T08:19:00	0.599	18	30.0444	60.0	36.0	38.6	37.2	100.0	36.0	39.4	37.3	flash	
2026-09-02T08:19:30	0.696	21	30.1667	40.0	42.0	38.2	37.5	140.0	48.0	38.6	37.5	flash	
2026-09-02T08:20:00	0.597	18	30.1667	80.0	36.0	36.4	37.4	120.0	58.0	38.8	37.4	flash	
2026-09-02T08:20:30	0.762	23	30.1667	60.0	46.0	34.0	37.4	140.0	52.0	36.8	37.5	flash	
2026-09-02T08:21:00	0.663	20	30.1667	40.0	40.0	33.8	37.4	100.0	54.0	35.6	37.5	flash	
2026-09-02T08:21:30	0.796	24	30.1667	20.0	48.0	35.4	37.7	120.0	56.0	35.8	37.7	flash	
2026-09-02T08:22:00	0.823	24	29.1611	140.0	48.0	36.6	37.9	160.0	58.0	36.6	37.9	flash	
2026-09-02T08:22:30	0.663	20	30.1667	0.0	40.0	37.2	37.8	160.0	56.0	38.0	38.0	flash	
2026-09-02T08:23:00	0.232	7	30.1667	40.0	14.0	37.6	37.7	40.0	40.0	37.6	37.8	flash	
2026-09-02T08:23:30	0.796	24	30.1667	80.0	48.0	39.8	37.7	120.0	52.0	39.8	37.7	flash	
2026-09-02T08:24:00	0.564	17	30.1667	20.0	34.0	39.6	37.6	160.0	50.0	40.8	37.8	flash	
2026-09-02T08:24:30	0.630	19	30.1667	0.0	38.0	39.2	37.5	140.0	48.0	40.8	37.6	flash	
2026-09-02T08:25:00	0.412	12	29.1611	0.0	24.0	38.2	37.3	120.0	36.0	39.2	37.5	flash	
2026-09-02T08:25:30	1.127	34	30.1667	180.0	68.0	40.4	37.6	180.0	68.0	40.4	37.7	flash	
2026-09-02T08:26:00	0.265	8	30.1667	20.0	16.0	37.8	37.4	180.0	68.0	40.2	37.6	flash	
2026-09-02T08:26:30	0.895	27	30.1667	60.0	54.0	38.4	37.6	140.0	54.0	38.6	37.6	flash	
2026-09-02T08:27:00	0.564	17	30.1667	20.0	34.0	37.0	37.8	140.0	68.0	39.6	37.8	flash	
2026-09-02T08:27:30	0.530	16	30.1667	0.0	32.0	36.2	37.5	160.0	36.0	38.6	37.8	flash	
2026-09-02T08:28:00	0.480	14	29.1611	20.0	28.0	38.0	37.6	120.0	40.0	38.2	37.6	flash	
2026-09-02T08:28:30	0.265	8	30.1667	20.0	16.0	34.4	37.3	80.0	32.0	37.8	37.6	flash	
2026-09-02T08:29:00	0.928	28	30.1667	140.0	56.0	36.6	37.4	140.0	56.0	36.6	37.4	flash	
2026-09-02T08:29:30	0.729	22	30.1667	60.0	44.0	37.2	37.4	160.0	64.0	37.4	37.4	flash	
2026-09-02T08:30:00	0.530	16	30.1667	0.0	32.0	38.0	37.4	140.0	42.0	38.2	37.4	flash	
2026-09-02T08:30:30	0.630	19	30.1667	60.0	38.0	35.0	37.5	80.0	50.0	38.8	37.5	flash	
2026-09-02T08:31:00	0.446	13	29.1611	40.0	32.0	36.0	37.5	120.0	38.0	36.0	37.5	flash	
2026-09-02T08:31:30	0.829	25	30.1667	40.0	50.0	35.6	37.6	200.0	64.0	36.8	37.7	flash	
2026-09-02T08:32:00	0.762	23	30.1667	0.0	46.0	37.0	37.6	140.0	62.0	37.2	37.9	flash	
2026-09-02T08:32:30	0.530	16	30.1667	0.0	32.0	36.8	37.7	100.0	48.0	37.2	37.8	flash	
2026-09-02T08:33:00	0.729	22	30.1667	60.0	44.0	38.4	37.9	160.0	44.0	38.6	37.9	flash	
2026-09-02T08:33:30	0.530	16	30.1667	0.0	32.0	40.0	38.0	120.0	62.0	40.4	38.0	flash	
2026-09-02T08:34:00	0.446	13	29.1611	20.0	26.0	37.8	37.8	100.0	32.0	40.0	38.0	flash	
2026-09-02T08:34:30	0.829	25	30.1667	40.0	50.0	37.6	38.0	100.0	50.0	38.2	38.0	flash	
2026-09-02T08:35:00	0.994	30	30.1667	40.0	60.0	40.4	38.3	120.0	62.0	40.8	38.3	flash	
2026-09-02T08:35:30	0.365	11	30.1667	20.0	22.0	39.4	37.9	60.0	60.0	40.4	38.3	flash	
2026-09-02T08:36:00	0.729	22	30.1667	80.0	44.0	40.6	38.1	160.0	44.0	42.0	38.1	flash	
2026-09-02T08:36:30	0.928	28	30.1667	0.0	56.0	41.2	38.3	220.0	64.0	42.8	38.4	flash	
2026-09-02T08:37:00	0.171	5	29.1611	20.0	10.0	37.6	37.7	20.0	54.0	41.2	38.3	flash	
2026-09-02T08:37:30	0.398	12	30.1667	60.0	24.0	36.8	37.7	100.0	24.0	37.6	37.7	flash	
2026-09-02T08:38:00	0.663	20	30.1667	100.0	40.0	36.4	37.8	120.0	42.0	38.0	37.8	flash	
2026-09-02T08:38:30	0.365	11	30.1667	0.0	22.0	35.4	37.8	120.0	48.0	36.6	37.8	flash	
2026-09-02T08:39:00	0.729	22	30.1667	40.0	44.0	37.2	37.9	180.0	44.0	37.4	37.9	flash	
2026-09-02T08:39:30	0.796	24	30.1667	20.0	48.0	37.0	38.0	120.0	52.0	38.6	38.0	flash	
2026-09-02T08:40:00	0.377	11	29.1611	40.0	22.0	33.6	38.0	120.0	48.0	37.0	38.1	flash	
2026-09-02T08:40:30	0.829	25	30.1667	20.0	50.0	36.0	38.1	200.0	52.0	36.2	38.1	flash	
2026-09-02T08:41:00	0.464	14	30.1667	20.0	28.0	34.8	37.9	140.0	48.0	36.4	38.1	flash	
2026-09-02T08:41:30	0.564	17	30.1667	40.0	34.0	32.2	37.8	140.0	38.0	34.4	37.9	flash	
2026-09-02T08:42:00	0.630	19	30.1667	0.0	38.0	35.0	37.7	140.0	66.0	35.8	37.9	flash	
2026-09-02T08:42:30	0.398	12	30.1667	40.0	24.0	35.0	37.5	80.0	38.0	36.0	37.7	flash	
2026-09-02T08:43:00	0.343	10	29.1611	0.0	20.0	33.2	37.3	80.0	32.0	36.2	37.5	flash	
2026-09-02T08:43:30	0.530	16	30.1667	20.0	32.0	34.0	37.1	160.0	36.0	35.0	37.4	flash	
2026-09-02T08:44:00	1.094	33	30.1667	20.0	66.0	36.2	37.4	180.0	68.0	37.0	37.5	flash	
2026-09-02T08:44:30	1.359	41	30.1667	20.0	82.0	39.6	37.8	260.0	82.0	39.8	37.9	flash	
2026-09-02T08:45:00	1.260	38	30.1667	60.0	76.0	45.0	37.9	320.0	106.0	45.0	38.2	flash	
2026-09-02T08:45:30	1.160	35	30.1667	0.0	70.0	47.0	38.5	540.0	82.0	49.0	38.5	flash	
2026-09-02T08:46:00	2.221	67	30.1667	80.0	134.0	57.6	39.4	320.0	134.0	57.6	39.4	flash	
2026-09-02T08:46:30	1.897	55	29	40.0	110.0	65.6	40.0	420.0	140.0	65.6	40.1	flash	
2026-09-02T08:47:00	1.433	43	30	0.0	86.0	70.0	40.4	340.0	120.0	70.0	40.4	flash	
2026-09-02T08:47:30	1.367	41	30	300.0	82.0	75.8	40.7	300.0	102.0	75.8	40.7	flash	
2026-09-02T08:48:00	0.533	16	30	100.0	32.0	77.0	40.9	300.0	80.0	77.0	40.9	flash	
2026-09-02T08:48:30	0.667	20	30	40.0	40.0	77.8	41.0	100.0	54.0	77.8	41.0	flash	
2026-09-02T08:49:00	0.433	13	30	0.0	26.0	73.8	40.9	160.0	46.0	78.0	41.1	flash	
2026-09-02T08:49:30	0.497	15	30.1611	0.0	30.0	68.6	40.6	80.0	30.0	73.8	40.9	flash	
2026-09-02T08:50:00	0.630	19	30.1667	60.0	38.0	65.4	40.6	160.0	46.0	70.2	40.7	flash	
2026-09-02T08:50:30	0.597	18	30.1667	0.0	36.0	61.4	40.6	140.0	44.0	66.2	40.7	flash	
2026-09-02T08:51:00	0.663	20	30.1667	40.0	40.0	52.0	40.7	100.0	46.0	62.0	40.7	flash	
2026-09-02T08:51:30	0.597	18	30.1667	60.0	36.0	44.6	40.7	140.0	48.0	53.0	40.8	flash	
2026-09-02T08:52:00	0.961	29	30.1667	80.0	58.0	41.8	40.7	180.0	60.0	45.0	40.9	flash	
2026-09-02T08:52:30	0.686	20	29.1611	0.0	48.0	37.6	40.6	140.0	62.0	41.8	40.8	flash	
2026-09-02T08:53:00	0.597	18	30.1667	0.0	36.0	38.0	40.6	120.0	44.0	40.2	40.7	flash	
2026-09-02T08:53:30	0.696	21	30.1667	20.0	42.0	38.2	40.6	140.0	42.0	38.4	40.7	flash	
2026-09-02T08:54:00	0.696	21	30.1667	40.0	42.0	39.8	40.8	100.0	54.0	39.8	40.8	flash	
2026-09-02T08:54:30	0.630	19	30.1667	60.0	38.0	40.6	41.0	120.0	50.0	40.8	41.0	flash	
2026-09-02T08:55:00	0.464	14	30.1667	20.0	28.0	39.6	40.9	180.0	44.0	40.4	41.0	flash	
2026-09-02T08:55:30	0.789	23	29.1611	80.0	48.0	40.6	41.2	100.0	48.0	40.6	41.2	flash	
2026-09-02T08:56:00	0.597	18	30.1667	0.0	36.0	40.6	41.0	160.0	50.0	41.0	41.2	flash	
2026-09-02T08:56:30	0.398	12	30.1667	80.0	24.0	39.0	40.9	80.0	36.0	40.4	41.0	flash	
2026-09-02T08:57:00	0.762	23	30.1667	60.0	46.0	38.6	41.0	120.0	52.0	39.6	41.1	flash	
2026-09-02T08:57:30	0.829	25	30.1667	60.0	50.0	38.8	41.2	160.0	58.0	39.2	41.3	flash	
2026-09-02T08:58:00	0.564	17	30.1667	80.0	34.0	38.6	41.0	120.0	62.0	39.8	41.2	flash	
2026-09-02T08:58:30	0.652	19	29.1611	40.0	46.0	38.2	41.1	200.0	46.0	39.0	41.1	flash	
2026-09-02T08:59:00	0.696	21	30.1667	0.0	42.0	38.2	41.1	140.0	64.0	39.0	41.2	flash	
2026-09-02T08:59:30	0.961	29	30.1667	100.0	58.0	40.4	41.2	120.0	64.0	40.8	41.4	flash	
2026-09-02T09:00:00	0.895	27	30.1667	80.0	54.0	43.0	41.6	240.0	60.0	43.0	41.6	flash	
2026-09-02T09:00:30	0.630	19	30.1667	120.0	38.0	42.0	41.7	140.0	56.0	43.6	41.8	flash	
2026-09-02T09:01:00	0.497	15	30.1667	0.0	30.0	41.4	41.6	200.0	48.0	43.8	41.9	flash	
2026-09-02T09:01:30	0.819	24	29.3	80.0	48.0	44.0	41.6	120.0	48.0	44.2	41.7	flash	
2026-09-02T09:02:00	0.560	17	30.3333	60.0	34.0	42.6	41.6	80.0	58.0	44.6	41.7	flash	
2026-09-02T09:02:30	0.824	25	30.3333	60.0	50.0	42.6	41.6	180.0	50.0	44.2	41.8	flash	
2026-09-02T09:03:00	0.341	10	29.3222	0.0	24.0	42.0	41.6	100.0	46.0	42.6	41.7	flash	
2026-09-02T09:03:30	0.560	17	30.3333	0.0	34.0	40.8	41.7	120.0	40.0	43.2	41.8	flash	
2026-09-02T09:04:00	0.791	24	30.3333	60.0	48.0	41.4	41.8	120.0	48.0	41.4	41.8	flash	
2026-09-02T09:04:30	0.722	21	29.0667	0.0	46.0	40.2	41.8	200.0	54.0	41.0	41.9	flash	
2026-09-02T09:05:00	1.067	32	30	40.0	64.0	40.8	41.9	200.0	78.0	43.0	42.1	flash	
2026-09-02T09:05:30	0.867	26	30	60.0	52.0	42.2	41.7	160.0	64.0	43.2	41.9	flash	
2026-09-02T09:06:00	1.767	53	30	0.0	106.0	49.8	42.4	280.0	112.0	50.0	42.4	flash	
2026-09-02T09:06:30	1.500	45	30	60.0	90.0	54.0	42.9	260.0	118.0	55.4	43.0	flash	
2026-09-02T09:07:00	1.767	53	30	0.0	106.0	61.6	43.6	380.0	112.0	62.2	43.6	flash	
2026-09-02T09:07:30	1.195	36	30.1278	120.0	72.0	63.8	44.0	280.0	140.0	63.8	44.0	flash	
2026-09-02T09:08:00	0.928	28	30.1667	180.0	56.0	67.0	44.5	260.0	64.0	67.0	44.5	flash	
2026-09-02T09:08:30	0.696	21	30.1667	60.0	42.0	67.8	44.6	160.0	56.0	67.8	44.6	flash	
2026-09-02T09:09:00	0.597	18	30.1667	0.0	36.0	67.0	44.6	100.0	54.0	68.8	44.8	flash	
2026-09-02T09:09:30	0.762	23	30.1667	0.0	46.0	67.0	44.7	120.0	46.0	68.0	44.8	flash	
2026-09-02T09:10:00	0.928	28	30.1667	100.0	56.0	66.2	44.9	160.0	56.0	67.4	44.9	flash	
2026-09-02T09:10:30	0.343	10	29.1611	20.0	26.0	63.0	44.6	100.0	54.0	66.4	44.8	flash	
2026-09-02T09:11:00	0.696	21	30.1667	20.0	42.0	56.6	44.6	120.0	48.0	62.4	44.8	flash	
2026-09-02T09:11:30	0.928	28	30.1667	60.0	56.0	53.2	44.7	140.0	64.0	56.8	44.8	flash	
2026-09-02T09:12:00	0.331	10	30.1667	0.0	20.0	44.6	44.4	100.0	54.0	53.6	44.7	flash	
2026-09-02T09:12:30	0.464	14	30.1667	20.0	28.0	40.2	44.3	100.0	36.0	42.2	44.6	flash	
2026-09-02T09:13:00	0.994	30	30.1667	20.0	60.0	40.6	44.8	160.0	60.0	42.2	44.8	flash	
2026-09-02T09:13:30	0.480	14	29.1611	20.0	28.0	39.2	44.6	80.0	62.0	41.6	44.8	flash	
2026-09-02T09:14:00	0.696	21	30.1667	20.0	42.0	39.8	44.7	100.0	42.0	40.0	44.7	flash	
2026-09-02T09:14:30	0.696	21	30.1667	20.0	42.0	39.4	44.7	100.0	44.0	40.0	44.7	flash	
2026-09-02T09:15:00	0.530	16	30.1667	0.0	32.0	37.6	44.8	80.0	48.0	40.0	44.9	flash	
2026-09-02T09:15:30	0.431	13	30.1667	0.0	26.0	37.6	44.4	120.0	36.0	38.8	44.8	flash	
2026-09-02T09:16:00	0.829	25	30.1667	20.0	50.0	38.4	44.7	160.0	50.0	38.6	44.7	flash	
2026-09-02T09:16:30	0.549	16	29.1611	20.0	32.0	36.4	44.5	160.0	48.0	38.2	44.7	flash	
2026-09-02T09:17:00	0.630	19	30.1667	80.0	38.0	37.8	44.5	100.0	48.0	37.8	44.5	flash	
2026-09-02T09:17:30	0.829	25	30.1667	0.0	50.0	40.0	44.7	160.0	60.0	40.4	44.7	flash	
2026-09-02T09:18:00	0.431	13	30.1667	60.0	26.0	36.6	44.7	100.0	50.0	40.6	44.7	flash	
2026-09-02T09:18:30	0.862	26	30.1667	60.0	52.0	39.0	45.0	180.0	56.0	39.0	45.1	flash	
2026-09-02T09:19:00	0.630	19	30.1667	160.0	38.0	38.6	44.9	160.0	48.0	39.0	45.1	flash	
2026-09-02T09:19:30	0.309	9	29.1611	0.0	24.0	36.2	44.6	100.0	46.0	39.0	44.9	flash	
2026-09-02T09:20:00	1.160	35	30.1667	100.0	70.0	40.0	45.0	160.0	70.0	40.0	45.0	flash	
2026-09-02T09:20:30	0.431	13	30.1667	0.0	26.0	40.0	44.9	120.0	74.0	40.4	45.0	flash	
2026-09-02T09:21:00	0.265	8	30.1667	0.0	16.0	36.6	44.8	80.0	34.0	40.6	45.0	flash	
2026-09-02T09:21:30	0.530	16	30.1667	20.0	32.0	36.6	44.6	120.0	32.0	38.6	44.9	flash	
2026-09-02T09:22:00	0.729	22	30.1667	80.0	44.0	37.2	44.6	140.0	44.0	37.2	44.6	flash	
2026-09-02T09:22:30	0.617	18	29.1611	80.0	38.0	35.8	44.6	120.0	62.0	38.2	44.7	flash	
2026-09-02T09:23:00	0.431	13	30.1667	40.0	26.0	35.8	44.4	100.0	36.0	37.0	44.8	flash	
2026-09-02T09:23:30	0.696	21	30.1667	60.0	42.0	35.0	44.5	160.0	44.0	36.8	44.6	flash	
2026-09-02T09:24:00	0.729	22	30.1667	20.0	44.0	36.0	44.7	160.0	48.0	37.2	44.7	flash	
2026-09-02T09:24:30	0.630	19	30.1667	0.0	38.0	37.4	44.6	120.0	52.0	37.4	44.9	flash	
2026-09-02T09:25:00	0.597	18	30.1667	20.0	36.0	34.0	44.3	140.0	48.0	38.2	44.7	flash	
2026-09-02T09:25:30	0.926	27	29.1611	0.0	56.0	36.8	44.7	200.0	58.0	37.0	44.7	flash	
2026-09-02T09:26:00	0.331	10	30.1667	60.0	20.0	37.2	44.5	60.0	54.0	37.2	44.7	flash	
2026-09-02T09:26:30	0.530	16	30.1667	0.0	32.0	37.4	44.2	140.0	38.0	37.6	44.5	flash	
2026-09-02T09:27:00	0.696	21	30.1667	100.0	42.0	37.2	44.5	180.0	42.0	39.2	44.5	flash	
2026-09-02T09:27:30	0.298	9	30.1667	60.0	18.0	35.2	44.4	60.0	42.0	37.0	44.5	flash	
2026-09-02T09:28:00	0.597	18	30.1667	40.0	36.0	36.2	44.4	120.0	40.0	36.4	44.6	flash	
2026-09-02T09:28:30	0.206	6	29.1611	0.0	14.0	33.4	44.3	80.0	38.0	35.8	44.4	flash	
2026-09-02T09:29:00	0.696	21	30.1667	0.0	42.0	33.0	44.3	120.0	42.0	34.4	44.4	flash	
2026-09-02T09:29:30	0.630	19	30.1667	100.0	38.0	33.0	44.2	100.0	42.0	33.4	44.3	flash	
2026-09-02T09:30:00	0.729	22	30.1667	40.0	44.0	34.0	44.4	120.0	56.0	34.4	44.4	flash	
2026-09-02T09:30:30	0.398	12	30.1667	0.0	24.0	30.8	44.1	100.0	42.0	33.8	44.4	flash	
2026-09-02T09:31:00	0.729	22	30.1667	80.0	44.0	33.2	44.3	140.0	46.0	33.4	44.4	flash	
2026-09-02T09:31:30	0.686	20	29.1611	80.0	40.0	34.0	44.4	120.0	46.0	34.2	44.4	flash	
2026-09-02T09:32:00	0.564	17	30.1667	20.0	34.0	33.2	44.3	120.0	46.0	34.0	44.4	flash	
2026-09-02T09:32:30	0.365	11	30.1667	0.0	22.0	34.2	44.3	80.0	42.0	34.8	44.4	flash	
2026-09-02T09:33:00	0.928	28	30.1667	60.0	56.0	35.8	44.7	200.0	56.0	36.2	44.7	flash	
2026-09-02T09:33:30	0.895	27	30.1667	100.0	54.0	39.8	44.9	100.0	66.0	39.8	44.9	flash	
2026-09-02T09:34:00	0.762	23	30.1667	100.0	46.0	40.2	44.7	140.0	56.0	40.2	44.9	flash	
2026-09-02T09:34:30	0.377	11	29.1611	20.0	22.0	39.2	44.1	160.0	54.0	40.8	44.7	flash	
2026-09-02T09:35:00	0.431	13	30.1667	0.0	26.0	36.8	43.6	160.0	32.0	38.8	44.1	flash	
2026-09-02T09:35:30	0.431	13	30.1667	40.0	26.0	37.0	43.1	140.0	28.0	38.0	43.8	flash	
2026-09-02T09:36:00	0.663	20	30.1667	80.0	40.0	36.6	42.2	160.0	44.0	37.0	43.1	flash	
2026-09-02T09:36:30	0.530	16	30.1667	20.0	32.0	35.8	41.4	160.0	50.0	38.2	42.2	flash	
2026-09-02T09:37:00	0.696	21	30.1667	20.0	42.0	36.6	41.0	200.0	42.0	37.2	41.4	flash	
2026-09-02T09:37:30	0.583	17	29.1611	0.0	36.0	37.8	40.5	140.0	68.0	38.0	41.1	flash	
2026-09-02T09:38:00	0.497	15	30.1667	0.0	30.0	35.2	40.5	120.0	34.0	38.4	40.7	flash	
2026-09-02T09:38:30	0.630	19	30.1667	0.0	38.0	34.0	40.5	120.0	42.0	35.4	40.5	flash	
2026-09-02T09:39:00	0.696	21	30.1667	20.0	42.0	33.2	40.6	140.0	60.0	36.2	40.7	flash	
2026-09-02T09:39:30	0.597	18	30.1667	20.0	36.0	34.6	40.7	120.0	42.0	35.2	40.7	flash	
2026-09-02T09:40:00	0.597	18	30.1667	0.0	36.0	35.6	40.7	200.0	40.0	35.8	40.7	flash	
2026-09-02T09:40:30	1.065	31	29.0944	40.0	62.0	39.6	40.9	200.0	62.0	39.6	40.9	flash	
2026-09-02T09:41:00	1.867	56	30	80.0	112.0	46.4	41.7	340.0	114.0	47.0	41.7	flash	
2026-09-02T09:41:30	0.700	21	30	120.0	42.0	47.4	41.7	300.0	110.0	47.4	41.7	flash	
2026-09-02T09:42:00	1.733	52	30	0.0	104.0	53.8	42.2	280.0	130.0	55.6	42.2	flash	
2026-09-02T09:42:30	1.133	34	30	0.0	68.0	57.0	42.4	280.0	116.0	57.0	42.5	flash	
2026-09-02T09:43:00	0.767	23	30	0.0	46.0	58.6	42.5	320.0	84.0	60.0	42.7	flash	
2026-09-02T09:43:30	0.532	16	30.0667	60.0	32.0	58.0	42.4	100.0	46.0	59.0	42.6	flash	
2026-09-02T09:44:00	0.663	20	30.1667	0.0	40.0	57.8	42.4	100.0	54.0	58.4	42.5	flash	
2026-09-02T09:44:30	0.961	29	30.1667	20.0	58.0	60.0	42.6	180.0	58.0	60.0	42.7	flash	
2026-09-02T09:45:00	0.365	11	30.1667	0.0	22.0	58.6	42.6	80.0	68.0	61.4	42.8	flash	
2026-09-02T09:45:30	0.895	27	30.1667	40.0	54.0	57.8	42.6	260.0	54.0	61.4	42.8	flash	
2026-09-02T09:46:00	0.696	21	30.1667	40.0	42.0	50.8	42.7	140.0	54.0	57.6	42.8	flash	
2026-09-02T09:46:30	0.652	19	29.1611	0.0	40.0	50.4	42.9	160.0	46.0	52.0	42.9	flash	
2026-09-02T09:47:00	0.232	7	30.1667	0.0	14.0	41.4	42.5	60.0	44.0	50.8	42.9	flash	
2026-09-02T09:47:30	0.597	18	30.1667	60.0	36.0	38.2	42.4	180.0	36.0	41.4	42.5	flash	
2026-09-02T09:48:00	0.796	24	30.1667	80.0	48.0	38.4	42.6	140.0	50.0	38.4	42.6	flash	
2026-09-02T09:48:30	0.696	21	30.1667	0.0	42.0	39.4	42.6	180.0	62.0	40.2	42.8	flash	
2026-09-02T09:49:00	0.365	11	30.1667	20.0	22.0	37.6	42.4	60.0	42.0	39.4	42.6	flash	
2026-09-02T09:49:30	0.754	22	29.1611	120.0	44.0	36.2	42.3	120.0	44.0	38.4	42.3	flash	
2026-09-02T09:50:00	0.331	10	30.1667	20.0	20.0	36.0	41.9	140.0	46.0	36.4	42.3	flash	
2026-09-02T09:50:30	0.497	15	30.1667	20.0	30.0	33.8	41.8	120.0	32.0	36.6	41.9	flash	
2026-09-02T09:51:00	0.796	24	30.1667	60.0	48.0	34.4	42.0	160.0	56.0	34.4	42.0	flash	
2026-09-02T09:51:30	0.762	23	30.1667	20.0	46.0	35.0	42.0	200.0	52.0	35.8	42.0	flash	
2026-09-02T09:52:00	0.729	22	30.1667	40.0	44.0	38.0	42.1	100.0	62.0	38.0	42.1	flash	
2026-09-02T09:52:30	0.617	18	29.1611	0.0	38.0	38.2	42.0	160.0	52.0	40.6	42.2	flash	
2026-09-02T09:53:00	0.464	14	30.1667	0.0	28.0	36.0	42.0	80.0	46.0	38.8	42.0	flash	
2026-09-02T09:53:30	0.597	18	30.1667	20.0	36.0	35.4	42.0	120.0	40.0	37.8	42.1	flash	
2026-09-02T09:54:00	0.961	29	30.1667	0.0	58.0	39.0	42.2	200.0	60.0	39.6	42.2	flash	
2026-09-02T09:54:30	0.431	13	30.1667	20.0	26.0	37.2	42.0	120.0	66.0	39.8	42.2	flash	
2026-09-02T09:55:00	0.431	13	30.1667	40.0	26.0	37.8	41.6	80.0	30.0	37.8	42.0	flash	
2026-09-02T09:55:30	0.926	27	29.1611	80.0	56.0	40.2	41.6	160.0	56.0	40.4	41.7	flash	
2026-09-02T09:56:00	0.464	14	30.1667	0.0	28.0	38.6	40.8	140.0	56.0	40.6	41.6	flash	
2026-09-02T09:56:30	0.265	8	30.1667	0.0	16.0	35.2	40.1	120.0	28.0	38.2	40.8	flash	
2026-09-02T09:57:00	0.431	13	30.1667	0.0	26.0	33.6	39.3	80.0	38.0	35.4	40.2	flash	
2026-09-02T09:57:30	0.564	17	30.1667	80.0	34.0	33.2	38.9	140.0	34.0	34.6	39.0	flash	
2026-09-02T09:58:00	0.497	15	30.1667	40.0	30.0	33.4	38.6	80.0	42.0	33.8	38.9	flash	
2026-09-02T09:58:30	0.446	13	29.1611	40.0	30.0	32.4	38.5	80.0	34.0	33.0	38.7	flash	
2026-09-02T09:59:00	0.895	27	30.1667	160.0	54.0	32.0	38.7	160.0	54.0	33.4	38.7	flash	
2026-09-02T09:59:30	0.630	19	30.1667	40.0	38.0	33.2	38.6	120.0	60.0	33.6	38.7	flash	
2026-09-02T10:00:00	0.696	21	30.1667	20.0	42.0	35.0	38.5	160.0	44.0	35.2	38.7	flash	
2026-09-02T10:00:30	0.398	12	30.1667	60.0	24.0	31.8	38.5	80.0	46.0	35.2	38.5	flash	
2026-09-02T10:01:00	0.464	14	30.1667	0.0	28.0	31.8	38.3	80.0	42.0	33.2	38.5	flash	
2026-09-02T10:01:30	0.480	14	29.1611	20.0	28.0	33.0	38.1	140.0	34.0	34.0	38.3	flash	
2026-09-02T10:02:00	0.862	26	30.1667	0.0	52.0	35.6	38.4	240.0	56.0	35.6	38.4	flash	
2026-09-02T10:02:30	0.265	8	30.1667	0.0	16.0	34.0	38.3	40.0	46.0	36.0	38.4	flash	
2026-09-02T10:03:00	0.762	23	30.1667	0.0	46.0	35.8	38.1	220.0	50.0	36.8	38.5	flash	
2026-09-02T10:03:30	0.497	15	30.1667	40.0	30.0	35.8	38.1	100.0	46.0	36.0	38.1	flash	
2026-09-02T10:04:00	0.530	16	30.1667	40.0	32.0	33.6	38.0	160.0	46.0	36.4	38.2	flash	
2026-09-02T10:04:30	0.274	8	29.1611	20.0	18.0	31.4	37.8	60.0	38.0	33.6	38.1	flash	
2026-09-02T10:05:00	0.564	17	30.1667	0.0	34.0	30.6	37.8	220.0	38.0	33.4	38.0	flash	
2026-09-02T10:05:30	0.398	12	30.1667	40.0	24.0	30.6	37.8	140.0	34.0	31.6	37.8	flash	
2026-09-02T10:06:00	0.796	24	30.1667	160.0	48.0	32.6	37.8	160.0	50.0	32.6	37.9	flash	
2026-09-02T10:06:30	0.464	14	30.1667	20.0	28.0	32.6	37.7	100.0	48.0	33.2	37.9	flash	
2026-09-02T10:07:00	0.530	16	30.1667	0.0	32.0	30.6	37.7	160.0	40.0	32.2	37.9	flash	
2026-09-02T10:07:30	0.823	24	29.1611	20.0	48.0	33.8	37.6	160.0	48.0	33.8	37.7	flash	
2026-09-02T10:08:00	0.862	26	30.1667	60.0	52.0	34.4	37.9	160.0	58.0	34.6	38.0	flash	
2026-09-02T10:08:30	0.729	22	30.1667	0.0	44.0	36.0	37.8	180.0	56.0	36.6	37.9	flash	
2026-09-02T10:09:00	0.630	19	30.1667	20.0	38.0	36.6	37.9	180.0	44.0	36.8	38.0	flash	
2026-09-02T10:09:30	0.365	11	30.1667	40.0	22.0	37.0	37.9	60.0	42.0	37.2	37.9	flash	
2026-09-02T10:10:00	0.597	18	30.1667	20.0	36.0	37.2	37.5	80.0	38.0	37.2	37.9	flash	
2026-09-02T10:10:30	0.549	16	29.1611	0.0	34.0	38.2	37.6	140.0	46.0	38.6	37.6	flash	
2026-09-02T10:11:00	0.597	18	30.1667	0.0	36.0	36.8	37.8	80.0	44.0	38.4	37.8	flash	
2026-09-02T10:11:30	0.564	17	30.1667	40.0	34.0	37.4	37.8	80.0	46.0	37.8	37.8	flash	
2026-09-02T10:12:00	0.630	19	30.1667	120.0	38.0	38.0	37.8	140.0	40.0	38.0	37.9	flash	
2026-09-02T10:12:30	0.398	12	30.1667	60.0	24.0	35.6	37.6	80.0	40.0	38.0	37.7	flash	
2026-09-02T10:13:00	0.663	20	30.1667	0.0	40.0	34.4	37.8	140.0	48.0	37.6	37.8	flash	
2026-09-02T10:13:30	0.583	17	29.15	20.0	34.0	33.4	37.7	180.0	42.0	34.8	37.7	flash	
2026-09-02T10:14:00	0.167	5	30	0.0	10.0	30.6	37.3	60.0	38.0	34.2	37.8	flash	
2026-09-02T10:14:30	0.767	23	30	0.0	46.0	33.0	37.4	140.0	46.0	33.4	37.4	flash	
2026-09-02T10:15:00	0.933	28	30	120.0	56.0	35.2	37.6	120.0	64.0	35.2	37.6	flash	
2026-09-02T10:15:30	1.667	50	30	0.0	100.0	41.8	38.1	400.0	114.0	41.8	38.1	flash	
2026-09-02T10:16:00	1.433	43	30	0.0	86.0	46.8	38.8	400.0	134.0	47.8	38.8	flash	
2026-09-02T10:16:30	0.400	12	30.0111	20.0	24.0	46.0	38.7	160.0	82.0	47.2	38.8	flash	
2026-09-02T10:17:00	0.663	20	30.1667	20.0	40.0	46.0	38.6	180.0	44.0	48.0	38.8	flash	
2026-09-02T10:17:30	0.530	16	30.1667	0.0	32.0	46.8	38.8	140.0	54.0	48.2	38.9	flash	
2026-09-02T10:18:00	0.464	14	30.1667	0.0	28.0	45.6	38.7	100.0	32.0	46.8	38.9	flash	
2026-09-02T10:18:30	0.497	15	30.1667	0.0	30.0	45.2	38.9	120.0	36.0	46.2	38.9	flash	
2026-09-02T10:19:00	0.729	22	30.1667	0.0	44.0	48.6	38.9	100.0	44.0	48.6	39.0	flash	
2026-09-02T10:19:30	0.480	14	29.1611	40.0	28.0	46.8	38.9	120.0	58.0	50.2	39.0	flash	
2026-09-02T10:20:00	0.497	15	30.1667	40.0	30.0	44.2	38.7	120.0	34.0	46.4	38.8	flash	
2026-09-02T10:20:30	0.630	19	30.1667	20.0	38.0	38.0	38.8	140.0	40.0	43.8	38.8	flash	
2026-09-02T10:21:00	0.398	12	30.1667	0.0	24.0	31.8	38.6	140.0	56.0	37.8	38.9	flash	
2026-09-02T10:21:30	0.961	29	30.1667	120.0	58.0	35.2	38.8	180.0	58.0	35.2	38.9	flash	
2026-09-02T10:22:00	0.796	24	30.1667	180.0	48.0	36.0	38.9	180.0	68.0	36.0	39.0	flash	
2026-09-02T10:22:30	0.446	13	29.1611	0.0	30.0	35.4	39.0	100.0	48.0	36.0	39.0	flash	
2026-09-02T10:23:00	0.663	20	30.1667	20.0	40.0	36.6	38.8	140.0	46.0	37.4	39.1	flash	
2026-09-02T10:23:30	1.193	36	30.1667	100.0	72.0	40.8	39.0	160.0	72.0	40.8	39.0	flash	
2026-09-02T10:24:00	0.265	8	30.1667	40.0	16.0	38.0	38.7	100.0	70.0	41.0	39.0	flash	
2026-09-02T10:24:30	0.961	29	30.1667	0.0	58.0	41.0	39.0	140.0	62.0	41.4	39.1	flash	
2026-09-02T10:25:00	0.597	18	30.1667	0.0	36.0	41.6	39.1	140.0	58.0	42.0	39.1	flash	
2026-09-02T10:25:30	0.630	19	30.1667	0.0	38.0	41.6	39.3	120.0	44.0	43.4	39.3	flash	
2026-09-02T10:26:00	0.652	19	29.1611	0.0	38.0	43.0	39.2	120.0	48.0	43.0	39.5	flash	
2026-09-02T10:26:30	0.762	23	30.1667	40.0	46.0	42.0	39.4	160.0	54.0	44.2	39.5	flash	
2026-09-02T10:27:00	0.497	15	30.1667	0.0	30.0	40.4	39.3	180.0	52.0	43.0	39.6	flash	
2026-09-02T10:27:30	0.431	13	30.1667	0.0	26.0	40.0	39.2	80.0	30.0	40.6	39.3	flash	
2026-09-02T10:28:00	0.696	21	30.1667	0.0	42.0	40.2	39.3	160.0	44.0	40.6	39.4	flash	
2026-09-02T10:28:30	0.663	20	30.1667	20.0	40.0	37.0	39.3	180.0	56.0	40.0	39.5	flash	
2026-09-02T10:29:00	0.617	18	29.1611	0.0	36.0	39.0	39.3	120.0	58.0	39.6	39.3	flash	
2026-09-02T10:29:30	0.696	21	30.1667	140.0	42.0	37.4	39.3	140.0	50.0	39.6	39.4	flash	
2026-09-02T10:30:00	0.564	17	30.1667	40.0	34.0	37.2	39.3	220.0	48.0	38.6	39.5	flash	
2026-09-02T10:30:30	0.331	10	30.1667	100.0	20.0	35.4	38.9	100.0	30.0	37.6	39.3	flash	
2026-09-02T10:31:00	0.696	21	30.1667	0.0	42.0	35.8	38.2	140.0	52.0	36.8	38.9	flash	
2026-09-02T10:31:30	0.497	15	30.1667	0.0	30.0	34.2	38.1	120.0	38.0	35.8	38.4	flash	
2026-09-02T10:32:00	0.549	16	29.1611	40.0	32.0	34.4	37.3	100.0	48.0	34.4	38.2	flash	
2026-09-02T10:32:30	0.530	16	30.1667	0.0	32.0	35.0	37.0	100.0	36.0	35.8	37.4	flash	
2026-09-02T10:33:00	0.530	16	30.1667	100.0	32.0	34.0	36.8	120.0	32.0	35.0	37.0	flash	
2026-09-02T10:33:30	0.696	21	30.1667	0.0	42.0	34.2	36.9	120.0	64.0	35.8	37.1	flash	
2026-09-02T10:34:00	0.630	19	30.1667	0.0	38.0	34.4	36.9	200.0	44.0	35.0	37.0	flash	
2026-09-02T10:34:30	0.663	20	30.1667	0.0	40.0	34.2	36.7	140.0	46.0	35.6	37.0	flash	
2026-09-02T10:35:00	0.686	20	29.1611	80.0	40.0	35.2	36.9	160.0	40.0	35.2	36.9	flash	
2026-09-02T10:35:30	0.829	25	30.1667	180.0	50.0	38.2	36.9	180.0	58.0	38.2	37.0	flash	
2026-09-02T10:36:00	0.497	15	30.1667	0.0	30.0	36.6	36.8	160.0	52.0	37.8	36.9	flash	
2026-09-02T10:36:30	0.729	22	30.1667	0.0	44.0	38.0	36.8	120.0	48.0	39.2	37.0	flash	
2026-09-02T10:37:00	0.994	30	30.1667	20.0	60.0	40.8	37.3	120.0	60.0	41.0	37.3	flash	
2026-09-02T10:37:30	0.663	20	30.1667	20.0	40.0	41.6	37.3	140.0	60.0	41.6	37.5	flash	
2026-09-02T10:38:00	0.480	14	29.1611	60.0	30.0	41.6	37.1	80.0	42.0	42.2	37.3	flash	
2026-09-02T10:38:30	0.928	28	30.1667	40.0	56.0	42.6	37.3	160.0	62.0	43.0	37.4	flash	
2026-09-02T10:39:00	0.796	24	30.1667	120.0	48.0	43.6	37.5	220.0	52.0	43.6	37.5	flash	
2026-09-02T10:39:30	0.862	26	30.1667	40.0	52.0	44.8	37.6	160.0	60.0	44.8	37.7	flash	
2026-09-02T10:40:00	0.663	20	30.1667	0.0	40.0	44.8	37.8	200.0	68.0	46.6	37.8	flash	
2026-09-02T10:40:30	0.696	21	30.1667	40.0	42.0	44.0	37.9	100.0	52.0	45.6	38.0	flash	
2026-09-02T10:41:00	0.960	28	29.1611	20.0	58.0	46.6	38.0	160.0	60.0	46.6	38.1	flash	
2026-09-02T10:41:30	0.464	14	30.1667	0.0	28.0	45.0	37.8	140.0	58.0	46.6	38.0	flash	
2026-09-02T10:42:00	0.663	20	30.1667	20.0	40.0	43.0	37.8	160.0	44.0	45.6	37.9	flash	
2026-09-02T10:42:30	0.597	18	30.1667	0.0	36.0	42.8	37.8	100.0	56.0	44.2	38.0	flash	
2026-09-02T10:43:00	0.464	14	30.1667	20.0	28.0	42.6	37.8	100.0	34.0	43.2	37.8	flash	
2026-09-02T10:43:30	0.464	14	30.1667	40.0	28.0	39.8	37.7	80.0	38.0	42.0	37.7	flash	
2026-09-02T10:44:00	0.857	25	29.1611	200.0	54.0	40.0	37.6	200.0	54.0	40.4	37.7	flash	
2026-09-02T10:44:30	0.530	16	30.1667	100.0	32.0	38.0	37.7	140.0	56.0	40.4	37.7	flash	
2026-09-02T10:45:00	0.597	18	30.1667	100.0	36.0	37.6	37.8	100.0	40.0	39.0	37.8	flash	
2026-09-02T10:45:30	0.431	13	30.1667	20.0	26.0	36.2	37.5	140.0	42.0	38.0	37.9	flash	
2026-09-02T10:46:00	0.729	22	30.1667	20.0	44.0	34.8	37.7	300.0	50.0	38.0	37.8	flash	
2026-09-02T10:46:30	0.663	20	30.1667	0.0	40.0	36.0	37.9	100.0	44.0	37.2	37.9	flash	
2026-09-02T10:47:00	0.652	19	29.1611	20.0	38.0	36.0	38.0	140.0	52.0	36.8	38.0	flash	
2026-09-02T10:47:30	0.431	13	30.1667	20.0	26.0	34.8	38.0	120.0	42.0	35.8	38.2	flash	
2026-09-02T10:48:00	0.994	30	30.1667	40.0	60.0	38.2	38.3	180.0	60.0	38.8	38.3	flash	
2026-09-02T10:48:30	0.530	16	30.1667	0.0	32.0	38.8	38.3	100.0	66.0	38.8	38.3	flash	
2026-09-02T10:49:00	0.365	11	30.1667	20.0	22.0	35.6	38.0	100.0	32.0	39.0	38.3	flash	
2026-09-02T10:49:30	0.630	19	30.1667	60.0	38.0	36.2	38.0	140.0	38.0	37.2	38.0	flash	
2026-09-02T10:50:00	0.652	19	29.1611	0.0	38.0	36.4	37.9	180.0	54.0	37.8	38.1	flash	
2026-09-02T10:50:30	1.127	34	30.1667	80.0	68.0	40.6	38.4	140.0	68.0	40.6	38.4	flash	
2026-09-02T10:51:00	0.530	16	30.1667	80.0	32.0	39.4	38.4	100.0	70.0	40.8	38.4	flash	
2026-09-02T10:51:30	0.564	17	30.1667	180.0	34.0	38.8	38.5	180.0	38.0	40.2	38.5	flash	
2026-09-02T10:52:00	0.530	16	30.1667	40.0	32.0	38.2	38.3	200.0	46.0	39.6	38.5	flash	
2026-09-02T10:52:30	0.762	23	30.1667	60.0	46.0	40.2	38.6	160.0	46.0	40.2	38.6	flash	
2026-09-02T10:53:00	0.412	12	29.1611	0.0	28.0	36.8	38.4	120.0	52.0	41.0	38.6	flash	
2026-09-02T10:53:30	0.530	16	30.1667	60.0	32.0	36.6	38.4	140.0	32.0	36.6	38.4	flash	
2026-09-02T10:54:00	0.597	18	30.1667	120.0	36.0	38.0	38.4	120.0	42.0	38.0	38.5	flash	
2026-09-02T10:54:30	0.564	17	30.1667	20.0	34.0	37.6	38.6	120.0	52.0	40.0	38.6	flash	
2026-09-02T10:55:00	0.564	17	30.1667	120.0	34.0	37.2	38.6	120.0	40.0	38.2	38.6	flash	
2026-09-02T10:55:30	1.094	33	30.1667	0.0	66.0	37.0	39.0	220.0	82.0	39.4	39.1	flash	
2026-09-02T10:56:00	0.652	19	29.1611	40.0	38.0	37.8	38.9	160.0	70.0	38.4	39.1	flash	
2026-09-02T10:56:30	0.762	23	30.1667	20.0	46.0	39.6	39.1	160.0	54.0	40.4	39.1	flash	
2026-09-02T10:57:00	0.298	9	30.1667	40.0	18.0	37.4	39.0	120.0	44.0	38.8	39.1	flash	
2026-09-02T10:57:30	0.663	20	30.1667	20.0	40.0	37.2	38.9	100.0	50.0	38.0	39.0	flash	
2026-09-02T10:58:00	0.398	12	30.1667	0.0	24.0	36.8	38.6	100.0	42.0	37.2	38.9	flash	
2026-09-02T10:58:30	0.696	21	30.1667	40.0	42.0	37.8	38.6	280.0	42.0	38.2	38.6	flash	
2026-09-02T10:59:00	0.583	17	29.1611	60.0	36.0	37.6	38.5	100.0	62.0	39.2	38.7	flash	
2026-09-02T10:59:30	0.696	21	30.1667	60.0	42.0	38.4	38.7	160.0	48.0	39.8	38.8	flash	
2026-09-02T11:00:00	0.630	19	30.1667	20.0	38.0	39.6	38.8	140.0	46.0	40.8	38.9	flash	
2026-09-02T11:00:30	0.298	9	30.1667	20.0	18.0	34.0	38.6	60.0	40.0	39.4	38.8	flash	
2026-09-02T11:01:00	0.497	15	30.1667	40.0	30.0	33.2	38.6	120.0	30.0	34.0	38.6	flash	
2026-09-02T11:01:30	0.961	29	30.1667	60.0	58.0	34.4	38.8	140.0	60.0	34.4	38.8	flash	
2026-09-02T11:02:00	0.583	17	29.1611	20.0	34.0	36.0	38.8	120.0	66.0	37.4	39.0	flash	
2026-09-02T11:02:30	0.729	22	30.1667	0.0	44.0	36.6	39.0	120.0	50.0	37.6	39.1	flash	
2026-09-02T11:03:00	0.663	20	30.1667	60.0	40.0	38.0	39.0	120.0	44.0	38.0	39.0	flash	
2026-09-02T11:03:30	0.464	14	30.1667	0.0	28.0	36.8	38.9	100.0	48.0	39.4	39.0	flash	
2026-09-02T11:04:00	0.895	27	30.1667	20.0	54.0	38.6	39.3	240.0	66.0	39.4	39.3	flash	
2026-09-02T11:04:30	0.696	21	30.1667	0.0	42.0	38.6	39.3	120.0	56.0	39.6	39.6	flash	
2026-09-02T11:05:00	0.412	12	29.1611	0.0	24.0	37.2	39.0	100.0	40.0	39.0	39.3	flash	
2026-09-02T11:05:30	1.061	32	30.1667	140.0	64.0	42.0	38.6	260.0	64.0	42.0	39.1	flash	
2026-09-02T11:06:00	0.928	28	30.1667	100.0	56.0	44.6	38.3	160.0	62.0	44.6	38.6	flash	
2026-09-02T11:06:30	0.464	14	30.1667	20.0	28.0	41.4	38.4	140.0	58.0	44.8	38.4	flash	
2026-09-02T11:07:00	0.331	10	30.1667	0.0	20.0	40.0	38.2	100.0	36.0	42.2	38.4	flash	
2026-09-02T11:07:30	0.464	14	30.1667	40.0	28.0	38.4	38.1	100.0	28.0	40.0	38.2	flash	
2026-09-02T11:08:00	0.583	17	29.1611	80.0	34.0	38.0	38.2	120.0	42.0	40.6	38.3	flash	
2026-09-02T11:08:30	0.829	25	30.1667	80.0	50.0	40.0	38.4	120.0	54.0	40.0	38.4	flash	
2026-09-02T11:09:00	0.630	19	30.1667	60.0	38.0	38.4	38.3	120.0	64.0	40.8	38.5	flash	
2026-09-02T11:09:30	0.564	17	30.1667	0.0	34.0	37.6	38.4	120.0	44.0	39.0	38.4	flash	
2026-09-02T11:10:00	0.464	14	30.1667	0.0	28.0	38.0	38.4	100.0	28.0	38.0	38.4	flash	
2026-09-02T11:10:30	0.464	14	30.1667	0.0	28.0	34.4	38.3	120.0	42.0	37.6	38.5	flash	
2026-09-02T11:11:00	0.960	28	29.1611	120.0	56.0	34.6	38.6	140.0	56.0	35.8	38.6	flash	
2026-09-02T11:11:30	0.497	15	30.1667	140.0	30.0	34.6	38.3	140.0	58.0	35.2	38.6	flash	
2026-09-02T11:12:00	1.127	34	30.1667	40.0	68.0	39.4	38.5	280.0	78.0	39.4	38.6	flash	
2026-09-02T11:12:30	0.497	15	30.1667	160.0	30.0	39.6	38.5	160.0	60.0	40.0	38.5	flash	
2026-09-02T11:13:00	0.762	23	30.1667	0.0	46.0	40.8	38.6	140.0	62.0	41.6	38.7	flash	
2026-09-02T11:13:30	0.630	19	30.1667	60.0	38.0	39.6	38.3	120.0	46.0	41.4	38.6	flash	
2026-09-02T11:14:00	0.686	20	29.1611	40.0	44.0	40.0	38.5	120.0	46.0	40.4	38.5	flash	
2026-09-02T11:14:30	0.530	16	30.1667	20.0	32.0	39.6	38.2	100.0	42.0	39.8	38.5	flash	
2026-09-02T11:15:00	0.796	24	30.1667	20.0	48.0	41.6	38.4	180.0	50.0	42.0	38.4	flash	
2026-09-02T11:15:30	0.099	3	30.1667	0.0	6.0	39.4	38.0	40.0	50.0	41.8	38.4	flash	
2026-09-02T11:16:00	0.762	23	30.1667	20.0	46.0	38.4	38.1	180.0	46.0	40.0	38.2	flash	
2026-09-02T11:16:30	0.597	18	30.1667	0.0	36.0	39.0	38.0	200.0	52.0	40.4	38.2	flash	
2026-09-02T11:17:00	0.686	20	29.1611	100.0	40.0	36.4	38.1	120.0	44.0	38.2	38.1	flash	
2026-09-02T11:17:30	0.696	21	30.1667	40.0	42.0	37.4	38.3	140.0	52.0	38.6	38.3	flash	
2026-09-02T11:18:00	0.862	26	30.1667	0.0	52.0	38.0	38.4	300.0	72.0	39.6	38.6	flash	
2026-09-02T11:18:30	0.564	17	30.1667	80.0	34.0	38.0	38.3	200.0	52.0	38.0	38.4	flash	
2026-09-02T11:19:00	0.464	14	30.1667	0.0	28.0	36.4	38.2	100.0	50.0	38.0	38.4	flash	
2026-09-02T11:19:30	0.696	21	30.1667	20.0	42.0	37.4	38.2	120.0	46.0	37.4	38.4	flash	
2026-09-02T11:20:00	0.412	12	29.1	0.0	26.0	35.0	38.2	120.0	48.0	37.6	38.2	flash	
2026-09-02T11:20:30	0.667	20	30	20.0	40.0	38.4	38.4	140.0	40.0	38.4	38.4	flash	
2026-09-02T11:21:00	0.633	19	30	20.0	38.0	37.6	38.3	180.0	56.0	38.6	38.4	flash	
2026-09-02T11:21:30	0.567	17	30	60.0	34.0	37.4	38.3	160.0	38.0	38.4	38.4	flash	
2026-09-02T11:22:00	0.167	5	30	0.0	10.0	34.8	38.1	60.0	38.0	37.6	38.3	flash	
2026-09-02T11:22:30	1.100	33	30	0.0	66.0	37.0	38.5	280.0	66.0	37.8	38.5	flash	
2026-09-02T11:23:00	0.665	20	30.0611	20.0	40.0	35.6	38.6	140.0	70.0	37.0	38.7	flash	
2026-09-02T11:23:30	0.464	14	30.1667	40.0	28.0	35.4	38.4	120.0	40.0	37.2	38.6	flash	
2026-09-02T11:24:00	0.530	16	30.1667	20.0	32.0	35.4	38.3	120.0	42.0	36.2	38.5	flash	
2026-09-02T11:24:30	1.028	31	30.1667	60.0	62.0	37.6	38.6	140.0	62.0	38.2	38.6	flash	
2026-09-02T11:25:00	0.431	13	30.1667	20.0	26.0	37.6	38.4	160.0	70.0	38.4	38.7	flash	
2026-09-02T11:25:30	0.796	24	30.1667	20.0	48.0	38.4	38.4	200.0	48.0	39.2	38.6	flash	
2026-09-02T11:26:00	0.137	4	29.1611	0.0	10.0	35.4	38.2	60.0	56.0	38.6	38.4	flash	
2026-09-02T11:26:30	0.729	22	30.1667	0.0	44.0	36.4	38.2	160.0	44.0	38.2	38.3	flash	
2026-09-02T11:27:00	0.464	14	30.1667	0.0	28.0	38.2	37.9	160.0	52.0	38.4	38.3	flash	
2026-09-02T11:27:30	0.961	29	30.1667	180.0	58.0	37.4	38.1	180.0	58.0	39.4	38.1	flash	
2026-09-02T11:28:00	0.431	13	30.1667	40.0	26.0	36.0	38.0	180.0	62.0	37.6	38.1	flash	
2026-09-02T11:28:30	0.564	17	30.1667	20.0	34.0	36.6	37.8	140.0	42.0	38.4	38.0	flash	
2026-09-02T11:29:00	0.549	16	29.1611	60.0	32.0	36.6	37.6	80.0	40.0	37.2	37.9	flash	
2026-09-02T11:29:30	0.829	25	30.1667	40.0	50.0	36.0	37.6	200.0	56.0	37.4	37.9	flash	
2026-09-02T11:30:00	0.199	6	30.1667	0.0	12.0	34.0	37.3	60.0	44.0	35.4	37.6	flash	
2026-09-02T11:30:30	0.862	26	30.1667	20.0	52.0	34.6	37.5	160.0	52.0	34.8	37.5	flash	
2026-09-02T11:31:00	0.464	14	30.1667	40.0	28.0	36.4	37.2	140.0	64.0	36.4	37.4	flash	
2026-09-02T11:31:30	0.729	22	30.1667	60.0	44.0	36.4	37.3	140.0	44.0	36.4	37.4	flash	
2026-09-02T11:32:00	0.514	15	29.2056	0.0	34.0	36.6	37.2	140.0	50.0	36.6	37.4	flash	
2026-09-02T11:32:30	0.857	26	30.3333	60.0	52.0	37.0	37.4	160.0	52.0	37.4	37.4	flash	
2026-09-02T11:33:00	0.429	13	30.3333	20.0	26.0	36.0	37.4	80.0	52.0	36.4	37.5	flash	
2026-09-02T11:33:30	0.648	19	29.3222	40.0	38.0	36.4	37.5	120.0	38.0	36.8	37.5	flash	
2026-09-02T11:34:00	0.560	17	30.3333	0.0	34.0	36.6	37.3	140.0	48.0	37.4	37.5	flash	
2026-09-02T11:34:30	0.527	16	30.3333	20.0	32.0	34.8	37.3	140.0	38.0	36.0	37.4	flash	
2026-09-02T11:35:00	0.957	28	29.2556	60.0	56.0	39.2	37.5	260.0	56.0	39.2	37.6	flash	
2026-09-02T11:35:30	0.500	15	30	20.0	30.0	37.0	37.5	100.0	56.0	39.2	37.6	flash	
2026-09-02T11:36:00	0.500	15	30	0.0	30.0	37.2	37.4	100.0	38.0	37.8	37.5	flash	
2026-09-02T11:36:30	0.700	21	30	0.0	42.0	37.4	37.4	140.0	48.0	38.8	37.6	flash	
2026-09-02T11:37:00	0.833	25	30	60.0	50.0	39.0	37.6	140.0	52.0	39.0	37.6	flash	
2026-09-02T11:37:30	0.733	22	30	0.0	44.0	38.6	37.7	140.0	66.0	40.6	37.7	flash	
2026-09-02T11:38:00	0.466	14	30.0333	0.0	28.0	38.4	37.4	120.0	44.0	38.8	37.7	flash	
2026-09-02T11:38:30	0.729	22	30.1667	0.0	44.0	39.0	37.5	160.0	48.0	40.0	37.5	flash	
2026-09-02T11:39:00	0.663	20	30.1667	40.0	40.0	39.6	37.7	120.0	46.0	39.6	37.7	flash	
2026-09-02T11:39:30	0.796	24	30.1667	40.0	48.0	41.2	37.8	140.0	68.0	42.2	38.0	flash	
2026-09-02T11:40:00	0.762	23	30.1667	40.0	46.0	40.2	37.9	180.0	54.0	43.2	38.0	flash	
2026-09-02T11:40:30	0.398	12	30.1667	20.0	24.0	39.6	37.4	80.0	48.0	41.0	37.9	flash	
2026-09-02T11:41:00	0.514	15	29.1611	20.0	32.0	39.6	37.4	120.0	36.0	41.0	37.5	flash	
2026-09-02T11:41:30	0.398	12	30.1667	60.0	24.0	37.8	37.4	80.0	36.0	40.0	37.5	flash	
2026-09-02T11:42:00	0.895	27	30.1667	0.0	54.0	38.2	37.5	180.0	62.0	40.2	37.6	flash	
2026-09-02T11:42:30	0.630	19	30.1667	40.0	38.0	37.6	37.5	120.0	54.0	38.2	37.6	flash	
2026-09-02T11:43:00	0.497	15	30.1667	20.0	30.0	37.8	37.5	120.0	48.0	38.6	37.5	flash	
2026-09-02T11:43:30	0.994	30	30.1667	20.0	60.0	39.4	37.8	140.0	60.0	40.6	37.9	flash	
2026-09-02T11:44:00	0.583	17	29.1611	20.0	34.0	38.8	37.8	160.0	58.0	41.4	38.0	flash	
2026-09-02T11:44:30	0.530	16	30.1667	100.0	32.0	37.4	37.8	120.0	38.0	39.0	37.8	flash	
2026-09-02T11:45:00	0.564	17	30.1667	20.0	34.0	36.2	37.8	140.0	46.0	37.2	37.9	flash	
2026-09-02T11:45:30	0.530	16	30.1667	0.0	32.0	37.0	37.4	180.0	58.0	37.4	37.8	flash	
2026-09-02T11:46:00	0.762	23	30.1667	0.0	46.0	38.4	37.5	160.0	50.0	38.6	37.6	flash	
2026-09-02T11:46:30	0.696	21	30.1667	0.0	42.0	40.2	37.5	180.0	62.0	40.8	37.5	flash	
2026-09-02T11:47:00	0.377	11	29.1611	60.0	22.0	37.0	37.5	80.0	50.0	40.2	37.6	flash	
2026-09-02T11:47:30	0.564	17	30.1667	0.0	34.0	36.8	37.5	140.0	40.0	39.0	37.6	flash	
2026-09-02T11:48:00	1.094	33	30.1667	40.0	66.0	40.2	37.9	160.0	66.0	40.4	37.9	flash	
2026-09-02T11:48:30	0.530	16	30.1667	40.0	32.0	37.4	37.8	60.0	80.0	40.6	38.1	flash	
2026-09-02T11:49:00	0.796	24	30.1667	0.0	48.0	38.8	37.9	240.0	52.0	39.0	38.0	flash	
2026-09-02T11:49:30	0.663	20	30.1667	60.0	40.0	39.6	37.9	140.0	52.0	40.8	37.9	flash	
2026-09-02T11:50:00	0.549	16	29.1611	20.0	34.0	39.4	37.8	140.0	50.0	41.6	38.0	flash	
2026-09-02T11:50:30	0.762	23	30.1667	0.0	46.0	40.8	38.1	140.0	52.0	41.2	38.1	flash	
2026-09-02T11:51:00	0.298	9	30.1667	0.0	18.0	38.0	38.0	100.0	46.0	40.8	38.1	flash	
2026-09-02T11:51:30	0.497	15	30.1667	20.0	30.0	36.8	37.7	200.0	38.0	38.0	38.0	flash	
2026-09-02T11:52:00	0.630	19	30.1667	0.0	38.0	38.4	37.7	120.0	48.0	39.0	37.8	flash	
2026-09-02T11:52:30	0.464	14	30.1667	0.0	28.0	37.8	37.6	120.0	40.0	38.2	37.8	flash	
2026-09-02T11:53:00	0.583	17	29.1611	60.0	34.0	34.6	37.5	80.0	40.0	38.6	37.7	flash	
2026-09-02T11:53:30	0.564	17	30.1667	0.0	34.0	35.0	37.6	180.0	52.0	35.2	37.7	flash	
2026-09-02T11:54:00	0.729	22	30.1667	60.0	44.0	34.4	37.5	160.0	44.0	34.8	37.6	flash	
2026-09-02T11:54:30	0.829	25	30.1667	60.0	50.0	35.6	37.6	140.0	56.0	35.8	37.6	flash	
2026-09-02T11:55:00	0.663	20	30.1667	40.0	40.0	36.2	37.7	160.0	64.0	36.4	37.7	flash	
2026-09-02T11:55:30	0.298	9	30.1667	0.0	18.0	33.4	37.3	120.0	42.0	36.2	37.7	flash	
2026-09-02T11:56:00	0.583	17	29.1611	100.0	34.0	35.0	37.1	140.0	34.0	35.2	37.2	flash	
2026-09-02T11:56:30	0.365	11	30.1667	40.0	22.0	34.2	37.0	100.0	36.0	35.6	37.0	flash	
2026-09-02T11:57:00	1.094	33	30.1667	160.0	66.0	37.0	37.4	200.0	70.0	37.0	37.4	flash	
2026-09-02T11:57:30	0.597	18	30.1667	60.0	36.0	37.8	37.5	160.0	62.0	38.4	37.5	flash	
2026-09-02T11:58:00	0.762	23	30.1667	40.0	46.0	39.0	37.6	140.0	52.0	39.2	37.7	flash	
2026-09-02T11:58:30	0.530	16	30.1667	40.0	32.0	38.8	37.5	80.0	48.0	39.2	37.7	flash	
2026-09-02T11:59:00	0.564	17	30.1667	20.0	34.0	37.8	37.4	100.0	44.0	39.6	37.5	flash	
2026-09-02T11:59:30	0.617	18	29.1611	20.0	36.0	36.4	37.4	140.0	48.0	38.8	37.4	flash	
2026-09-02T12:00:00	0.265	8	30.1667	20.0	16.0	34.4	37.3	100.0	36.0	36.8	37.5	flash	
2026-09-02T12:00:30	0.597	18	30.1667	80.0	36.0	35.8	37.4	140.0	36.0	35.8	37.5	flash	
2026-09-02T12:01:00	0.464	14	30.1667	20.0	28.0	35.2	37.1	80.0	38.0	37.0	37.5	flash	
2026-09-02T12:01:30	0.729	22	30.1667	0.0	44.0	37.4	37.3	200.0	50.0	37.8	37.4	flash	
2026-09-02T12:02:00	0.398	12	30.1667	40.0	24.0	33.2	36.8	80.0	46.0	37.2	37.2	flash	
2026-09-02T12:02:30	0.617	18	29.1611	0.0	40.0	33.6	36.9	100.0	40.0	34.4	37.0	flash	
2026-09-02T12:03:00	0.696	21	30.1667	0.0	42.0	33.0	36.8	180.0	60.0	35.6	37.0	flash	
2026-09-02T12:03:30	0.166	5	30.1667	0.0	10.0	30.8	36.6	40.0	42.0	33.2	36.9	flash	
2026-09-02T12:04:00	0.365	11	30.1667	0.0	22.0	29.4	36.4	140.0	22.0	30.6	36.6	flash	
2026-09-02T12:04:30	0.961	29	30.1667	0.0	58.0	31.6	36.6	180.0	58.0	31.8	36.7	flash	
2026-09-02T12:05:00	0.497	15	30.1667	20.0	30.0	33.0	36.5	100.0	58.0	33.2	36.6	flash	
2026-09-02T12:05:30	0.617	18	29.1611	20.0	36.0	33.2	36.8	120.0	54.0	33.8	36.8	flash	
2026-09-02T12:06:00	0.398	12	30.1667	0.0	24.0	32.6	36.5	100.0	36.0	33.2	36.8	flash	
2026-09-02T12:06:30	0.497	15	30.1667	0.0	30.0	31.2	36.5	120.0	38.0	33.2	36.6	flash	
2026-09-02T12:07:00	0.464	14	30.1667	120.0	28.0	32.0	36.4	120.0	30.0	32.0	36.5	flash	
2026-09-02T12:07:30	0.663	20	30.1667	20.0	40.0	32.0	36.3	160.0	52.0	32.4	36.4	flash	
2026-09-02T12:08:00	0.464	14	30.1667	20.0	28.0	30.6	36.1	80.0	38.0	32.0	36.3	flash	
2026-09-02T12:08:30	0.480	14	29.1611	40.0	28.0	32.4	36.1	120.0	40.0	32.4	36.3	flash	
2026-09-02T12:09:00	0.796	24	30.1667	20.0	48.0	35.0	36.2	160.0	52.0	36.0	36.3	flash	
2026-09-02T12:09:30	0.398	12	30.1667	0.0	24.0	31.6	36.1	140.0	48.0	35.0	36.3	flash	
2026-09-02T12:10:00	0.398	12	30.1667	20.0	24.0	31.0	36.1	100.0	26.0	31.8	36.1	flash	
2026-09-02T12:10:30	0.895	27	30.1667	40.0	54.0	32.8	36.2	240.0	58.0	32.8	36.3	flash	
2026-09-02T12:11:00	0.762	23	30.1667	40.0	46.0	35.0	36.3	160.0	54.0	35.4	36.4	flash	
2026-09-02T12:11:30	0.413	12	29.0222	20.0	24.0	34.4	36.2	80.0	50.0	35.6	36.4	flash	
2026-09-02T12:12:00	0.833	25	30	40.0	50.0	37.4	36.6	160.0	50.0	37.8	36.6	flash	
2026-09-02T12:12:30	0.500	15	30	20.0	30.0	35.8	36.2	100.0	52.0	37.0	36.6	flash	
2026-09-02T12:13:00	0.433	13	30	80.0	26.0	35.4	36.1	80.0	34.0	36.6	36.2	flash	
2026-09-02T12:13:30	0.733	22	30	120.0	44.0	37.2	36.2	160.0	44.0	37.8	36.3	flash	
2026-09-02T12:14:00	0.400	12	30	20.0	24.0	34.6	36.2	100.0	40.0	37.0	36.3	flash	
2026-09-02T12:14:30	0.597	18	30.1389	0.0	36.0	35.8	36.0	160.0	40.0	36.2	36.2	flash	
2026-09-02T12:15:00	0.464	14	30.1667	100.0	28.0	36.2	35.9	100.0	36.0	36.2	35.9	flash	
2026-09-02T12:15:30	0.597	18	30.1667	40.0	36.0	34.4	35.8	140.0	44.0	36.6	36.0	flash	
2026-09-02T12:16:00	0.597	18	30.1667	80.0	36.0	33.4	36.1	120.0	48.0	35.6	36.1	flash	
2026-09-02T12:16:30	0.729	22	30.1667	0.0	44.0	35.4	36.1	120.0	52.0	35.6	36.1	flash	
2026-09-02T12:17:00	0.696	21	30.1667	40.0	42.0	34.6	36.2	200.0	42.0	35.4	36.2	flash	
2026-09-02T12:17:30	0.583	17	29.1611	0.0	36.0	35.0	36.1	120.0	68.0	36.2	36.2	flash	
2026-09-02T12:18:00	0.895	27	30.1667	0.0	54.0	37.8	36.3	180.0	54.0	38.6	36.3	flash	
2026-09-02T12:18:30	0.166	5	30.1667	0.0	10.0	34.4	36.0	40.0	56.0	37.2	36.3	flash	
2026-09-02T12:19:00	0.762	23	30.1667	40.0	46.0	36.6	36.2	220.0	46.0	36.6	36.2	flash	
2026-09-02T12:19:30	0.331	10	30.1667	0.0	20.0	35.0	35.9	80.0	58.0	37.4	36.2	flash	
2026-09-02T12:20:00	0.564	17	30.1667	0.0	34.0	35.6	36.1	120.0	34.0	36.6	36.1	flash	
2026-09-02T12:20:30	0.480	14	29.1611	0.0	28.0	35.2	35.8	80.0	40.0	36.2	36.2	flash	
2026-09-02T12:21:00	0.331	10	30.1667	20.0	20.0	34.0	35.8	120.0	30.0	35.0	35.9	flash	
2026-09-02T12:21:30	0.564	17	30.1667	20.0	34.0	32.2	35.7	140.0	44.0	33.8	35.9	flash	
2026-09-02T12:22:00	0.663	20	30.1667	0.0	40.0	32.2	35.8	200.0	46.0	34.8	35.8	flash	
2026-09-02T12:22:30	0.497	15	30.1667	0.0	30.0	31.6	35.5	140.0	48.0	32.4	35.8	flash	
2026-09-02T12:23:00	0.464	14	30.1667	0.0	28.0	29.0	35.6	100.0	40.0	31.8	35.6	flash	
2026-09-02T12:23:30	0.583	17	29.1611	0.0	34.0	31.4	35.5	120.0	42.0	31.4	35.7	flash	
2026-09-02T12:24:00	0.729	22	30.1667	0.0	44.0	31.4	35.6	100.0	44.0	33.6	35.7	flash	
2026-09-02T12:24:30	0.961	29	30.1667	0.0	58.0	35.0	35.9	160.0	58.0	35.0	35.9	flash	
2026-09-02T12:25:00	0.530	16	30.1667	40.0	32.0	34.8	35.6	80.0	64.0	35.2	36.0	flash	
2026-09-02T12:25:30	0.663	20	30.1667	0.0	40.0	36.0	35.7	80.0	44.0	36.0	35.8	flash	
2026-09-02T12:26:00	0.696	21	30.1667	40.0	42.0	38.2	35.9	100.0	44.0	38.6	35.9	flash	
2026-09-02T12:26:30	0.652	19	29.1611	100.0	38.0	38.6	35.8	100.0	48.0	39.2	35.9	flash	
2026-09-02T12:27:00	0.099	3	30.1667	0.0	6.0	35.2	35.4	40.0	40.0	38.8	35.7	flash	
2026-09-02T12:27:30	0.497	15	30.1667	40.0	30.0	35.2	35.2	100.0	30.0	36.0	35.4	flash	
2026-09-02T12:28:00	0.597	18	30.1667	0.0	36.0	36.0	35.3	120.0	44.0	36.8	35.4	flash	
2026-09-02T12:28:30	0.265	8	30.1667	0.0	16.0	34.2	35.0	60.0	34.0	36.0	35.4	flash	
2026-09-02T12:29:00	0.497	15	30.1667	0.0	30.0	32.8	34.9	160.0	30.0	34.0	35.1	flash	
2026-09-02T12:29:30	0.789	23	29.1611	80.0	46.0	31.6	34.9	140.0	58.0	34.8	35.1	flash	
2026-09-02T12:30:00	0.796	24	30.1667	20.0	48.0	33.4	35.0	180.0	58.0	34.2	35.1	flash	
2026-09-02T12:30:30	0.762	23	30.1667	0.0	46.0	33.8	35.2	160.0	48.0	34.4	35.2	flash	
2026-09-02T12:31:00	0.331	10	30.1667	40.0	20.0	31.6	35.1	60.0	46.0	34.0	35.2	flash	
2026-09-02T12:31:30	0.464	14	30.1667	40.0	28.0	30.6	35.1	120.0	30.0	32.8	35.1	flash	
2026-09-02T12:32:00	0.696	21	30.1667	0.0	42.0	34.2	35.0	120.0	46.0	34.4	35.1	flash	
2026-09-02T12:32:30	0.377	11	29.1611	40.0	22.0	33.6	34.8	60.0	44.0	34.8	35.1	flash	
2026-09-02T12:33:00	0.862	26	30.1667	20.0	52.0	35.0	35.0	220.0	56.0	35.0	35.1	flash	
2026-09-02T12:33:30	0.729	22	30.1667	60.0	44.0	37.8	34.9	140.0	76.0	37.8	35.0	flash	
2026-09-02T12:34:00	0.862	26	30.1667	60.0	52.0	40.0	35.1	200.0	52.0	40.6	35.1	flash	
2026-09-02T12:34:30	0.365	11	30.1667	20.0	22.0	37.6	35.0	100.0	54.0	40.0	35.1	flash	
2026-09-02T12:35:00	0.597	18	30.1667	20.0	36.0	36.4	35.0	160.0	44.0	37.2	35.1	flash	
2026-09-02T12:35:30	0.686	20	29.1611	0.0	40.0	35.8	35.1	160.0	52.0	37.2	35.1	flash	
2026-09-02T12:36:00	0.630	19	30.1667	20.0	38.0	37.8	35.0	100.0	46.0	38.0	35.2	flash	
2026-09-02T12:36:30	0.431	13	30.1667	120.0	26.0	37.8	34.8	120.0	40.0	37.8	35.1	flash	
2026-09-02T12:37:00	0.630	19	30.1667	60.0	38.0	37.0	35.0	120.0	44.0	37.6	35.0	flash	
2026-09-02T12:37:30	0.398	12	30.1667	0.0	24.0	37.2	34.9	80.0	46.0	38.2	35.0	flash	
2026-09-02T12:38:00	0.762	23	30.1667	60.0	46.0	36.6	34.7	140.0	46.0	38.8	35.0	flash	
2026-09-02T12:38:30	0.309	9	29.1611	0.0	20.0	34.0	34.6	80.0	52.0	37.0	34.7	flash	
2026-09-02T12:39:00	0.696	21	30.1667	0.0	42.0	33.2	34.5	120.0	42.0	35.8	34.6	flash	
2026-09-02T12:39:30	0.630	19	30.1667	80.0	38.0	34.6	34.5	160.0	52.0	35.0	34.6	flash	
2026-09-02T12:40:00	0.895	27	30.1667	160.0	54.0	36.4	34.7	160.0	54.0	36.4	34.7	flash	
2026-09-02T12:40:30	0.331	10	30.1667	20.0	20.0	34.4	34.4	120.0	54.0	36.6	34.7	flash	
2026-09-02T12:41:00	0.398	12	30.1667	20.0	24.0	33.0	34.5	80.0	34.0	34.8	34.6	flash	
2026-09-02T12:41:30	0.757	22	29.0722	0.0	44.0	34.8	34.6	160.0	48.0	36.0	34.8	flash	
2026-09-02T12:42:00	0.333	10	30	0.0	20.0	33.2	34.4	100.0	44.0	34.8	34.6	flash	
2026-09-02T12:42:30	0.567	17	30	20.0	34.0	34.0	34.5	80.0	42.0	34.0	34.6	flash	
2026-09-02T12:43:00	0.567	17	30	40.0	34.0	33.0	34.5	160.0	38.0	34.8	34.7	flash	
2026-09-02T12:43:30	0.400	12	30	20.0	24.0	33.4	34.4	120.0	38.0	33.4	34.6	flash	
2026-09-02T12:44:00	0.800	24	30	40.0	48.0	34.0	34.5	140.0	48.0	34.0	34.6	flash	
2026-09-02T12:44:30	0.465	14	30.0889	20.0	28.0	33.6	34.2	100.0	50.0	34.2	34.5	flash	
2026-09-02T12:45:00	0.597	18	30.1667	20.0	36.0	32.2	34.2	120.0	42.0	34.2	34.3	flash	
2026-09-02T12:45:30	0.464	14	30.1667	20.0	28.0	32.0	34.3	80.0	40.0	32.8	34.3	flash	
2026-09-02T12:46:00	0.663	20	30.1667	40.0	40.0	33.6	34.3	120.0	40.0	33.6	34.4	flash	
2026-09-02T12:46:30	0.298	9	30.1667	0.0	18.0	31.0	34.3	100.0	44.0	33.8	34.4	flash	
2026-09-02T12:47:00	0.928	28	30.1667	40.0	56.0	34.6	34.2	100.0	56.0	34.8	34.4	flash	
2026-09-02T12:47:30	0.480	14	29.1611	60.0	28.0	34.0	34.2	80.0	58.0	34.4	34.3	flash	
2026-09-02T12:48:00	0.464	14	30.1667	60.0	28.0	33.4	34.0	80.0	30.0	33.6	34.1	flash	
2026-09-02T12:48:30	0.298	9	30.1667	20.0	18.0	32.8	33.8	80.0	30.0	33.6	34.0	flash	
2026-09-02T12:49:00	0.530	16	30.1667	40.0	32.0	31.2	33.8	120.0	34.0	33.0	33.9	flash	
2026-09-02T12:49:30	0.762	23	30.1667	60.0	46.0	33.0	33.9	100.0	46.0	33.0	33.9	flash	
2026-09-02T12:50:00	0.530	16	30.1667	20.0	32.0	32.6	34.0	140.0	54.0	33.8	34.0	flash	
2026-09-02T12:50:30	0.377	11	29.1611	20.0	22.0	32.0	33.9	140.0	30.0	32.6	34.0	flash	
2026-09-02T12:51:00	0.961	29	30.1667	40.0	58.0	34.0	34.2	140.0	58.0	34.6	34.2	flash	
2026-09-02T12:51:30	0.398	12	30.1667	60.0	24.0	34.4	34.0	100.0	58.0	34.4	34.2	flash	
2026-09-02T12:52:00	0.431	13	30.1667	20.0	26.0	31.4	34.1	100.0	30.0	35.0	34.1	flash	
2026-09-02T12:52:30	0.862	26	30.1667	40.0	52.0	33.8	34.2	100.0	54.0	34.0	34.2	flash	
2026-09-02T12:53:00	0.729	22	30.1667	0.0	44.0	35.4	34.2	240.0	58.0	36.6	34.3	flash	
2026-09-02T12:53:30	0.549	16	29.1611	20.0	32.0	37.0	34.4	100.0	44.0	37.6	34.4	flash	
2026-09-02T12:54:00	0.762	23	30.1667	0.0	46.0	38.2	34.7	180.0	48.0	38.6	34.7	flash	
2026-09-02T12:54:30	0.630	19	30.1667	0.0	38.0	38.0	34.5	160.0	58.0	38.8	34.7	flash	
2026-09-02T12:55:00	0.597	18	30.1667	0.0	36.0	37.8	34.5	160.0	46.0	38.2	34.6	flash	
2026-09-02T12:55:30	0.597	18	30.1667	60.0	36.0	39.2	34.5	160.0	50.0	40.4	34.6	flash	
2026-09-02T12:56:00	0.663	20	30.1667	0.0	40.0	37.4	34.7	160.0	54.0	40.2	34.7	flash	
2026-09-02T12:56:30	0.857	25	29.1611	20.0	50.0	40.0	34.9	160.0	50.0	40.4	34.9	flash	
2026-09-02T12:57:00	0.530	16	30.1667	20.0	32.0	40.6	35.0	80.0	50.0	41.4	35.0	flash	
2026-09-02T12:57:30	0.696	21	30.1667	40.0	42.0	39.8	35.0	100.0	46.0	41.0	35.0	flash	
2026-09-02T12:58:00	0.729	22	30.1667	20.0	44.0	39.6	35.1	100.0	50.0	40.0	35.1	flash	
2026-09-02T12:58:30	0.464	14	30.1667	20.0	28.0	39.2	35.1	100.0	46.0	40.0	35.1	flash	
2026-09-02T12:59:00	0.597	18	30.1667	80.0	36.0	38.2	35.0	160.0	36.0	39.4	35.1	flash	
2026-09-02T12:59:30	0.686	20	29.1611	0.0	42.0	38.4	35.1	160.0	56.0	38.8	35.1	flash	
2026-09-02T13:00:00	0.497	15	30.1667	20.0	30.0	37.8	35.2	120.0	52.0	39.4	35.4	flash	
2026-09-02T13:00:30	0.530	16	30.1667	100.0	32.0	38.0	35.0	120.0	32.0	38.0	35.2	flash	
2026-09-02T13:01:00	0.696	21	30.1667	0.0	42.0	37.6	34.9	100.0	64.0	38.8	35.1	flash	
2026-09-02T13:01:30	0.564	17	30.1667	0.0	34.0	36.0	35.0	100.0	44.0	38.0	35.1	flash	
2026-09-02T13:02:00	0.497	15	30.1667	0.0	30.0	35.8	34.8	160.0	40.0	37.4	35.1	flash	
2026-09-02T13:02:30	0.857	25	29.1611	40.0	50.0	36.6	35.0	160.0	50.0	37.0	35.0	flash	
2026-09-02T13:03:00	0.431	13	30.1667	0.0	26.0	34.8	35.0	80.0	64.0	37.0	35.1	flash	
2026-09-02T13:03:30	0.497	15	30.1667	0.0	30.0	35.2	34.9	140.0	46.0	37.0	35.2	flash	
2026-09-02T13:04:00	0.696	21	30.1667	0.0	42.0	35.8	35.1	160.0	44.0	37.6	35.1	flash	
2026-09-02T13:04:30	0.762	23	30.1667	20.0	46.0	36.2	35.2	160.0	46.0	36.8	35.2	flash	
2026-09-02T13:05:00	0.696	21	30.1667	40.0	42.0	37.4	35.3	120.0	56.0	37.4	35.4	flash	
2026-09-02T13:05:30	0.823	24	29.1611	20.0	48.0	39.4	35.5	160.0	58.0	40.8	35.5	flash	
2026-09-02T13:06:00	0.663	20	30.1667	60.0	40.0	38.8	35.6	180.0	50.0	39.2	35.6	flash	
2026-09-02T13:06:30	1.260	38	30.1667	80.0	76.0	43.0	35.8	200.0	80.0	43.0	35.8	flash	
2026-09-02T13:07:00	0.829	25	30.1667	0.0	50.0	45.0	35.9	320.0	78.0	46.4	36.2	flash	
2026-09-02T13:07:30	0.729	22	30.1667	20.0	44.0	44.4	36.0	140.0	62.0	47.2	36.0	flash	
2026-09-02T13:08:00	0.331	10	30.1667	0.0	20.0	43.8	35.6	60.0	50.0	44.6	36.0	flash	
2026-09-02T13:08:30	0.550	16	29.1167	20.0	32.0	44.0	35.9	100.0	36.0	44.0	35.9	flash	
2026-09-02T13:09:00	0.500	15	30	0.0	30.0	42.8	35.7	60.0	42.0	44.6	36.1	flash	
2026-09-02T13:09:30	0.600	18	30	20.0	36.0	41.8	35.9	180.0	36.0	43.2	35.9	flash	
2026-09-02T13:10:00	0.433	13	30	40.0	26.0	40.2	35.8	140.0	40.0	42.2	35.9	flash	
2026-09-02T13:10:30	0.667	20	30	120.0	40.0	39.4	35.9	120.0	48.0	40.8	35.9	flash	
2026-09-02T13:11:00	0.600	18	30	20.0	36.0	39.2	36.1	100.0	48.0	41.4	36.2	flash	
2026-09-02T13:11:30	0.599	18	30.0444	20.0	36.0	35.0	36.1	140.0	42.0	39.4	36.2	flash	
2026-09-02T13:12:00	0.298	9	30.1667	0.0	18.0	31.8	35.9	60.0	36.0	35.6	36.1	flash	
2026-09-02T13:12:30	0.729	22	30.1667	0.0	44.0	31.8	36.0	120.0	44.0	34.2	36.1	flash	
2026-09-02T13:13:00	0.497	15	30.1667	0.0	30.0	32.8	36.0	120.0	34.0	33.4	36.0	flash	
2026-09-02T13:13:30	0.431	13	30.1667	0.0	26.0	32.2	35.9	80.0	38.0	33.4	36.1	flash	
2026-09-02T13:14:00	0.564	17	30.1667	20.0	34.0	32.6	35.8	200.0	34.0	32.6	35.9	flash	
2026-09-02T13:14:30	0.823	24	29.1611	60.0	48.0	33.8	35.7	160.0	60.0	34.6	36.0	flash	
2026-09-02T13:15:00	0.729	22	30.1667	0.0	44.0	35.6	35.9	100.0	52.0	36.8	35.9	flash	
2026-09-02T13:15:30	1.028	31	30.1667	80.0	62.0	37.8	36.1	200.0	62.0	38.2	36.1	flash	
2026-09-02T13:16:00	0.431	13	30.1667	60.0	26.0	36.8	35.9	100.0	62.0	37.8	36.1	flash	
2026-09-02T13:16:30	0.464	14	30.1667	0.0	28.0	36.0	35.8	80.0	34.0	37.0	36.0	flash	
2026-09-02T13:17:00	0.597	18	30.1667	0.0	36.0	37.8	36.1	100.0	42.0	37.8	36.2	flash	
2026-09-02T13:17:30	0.686	20	29.1611	40.0	40.0	37.4	36.2	160.0	48.0	38.0	36.3	flash	
2026-09-02T13:18:00	0.497	15	30.1667	0.0	30.0	37.4	36.2	120.0	44.0	38.6	36.3	flash	
2026-09-02T13:18:30	0.597	18	30.1667	0.0	36.0	38.4	36.4	100.0	44.0	39.4	36.4	flash	
2026-09-02T13:19:00	0.862	26	30.1667	20.0	52.0	40.2	36.6	280.0	52.0	41.0	36.8	flash	
2026-09-02T13:19:30	0.597	18	30.1667	20.0	36.0	39.0	36.5	100.0	58.0	40.6	36.6	flash	
2026-09-02T13:20:00	1.028	31	30.1667	140.0	62.0	40.8	36.6	140.0	62.0	40.8	36.6	flash	
2026-09-02T13:20:30	0.446	13	29.1611	20.0	26.0	37.2	36.4	100.0	58.0	41.2	36.7	flash	
2026-09-02T13:21:00	0.530	16	30.1667	80.0	32.0	38.0	36.6	80.0	34.0	38.0	36.6	flash	
2026-09-02T13:21:30	0.265	8	30.1667	60.0	16.0	36.6	36.5	60.0	32.0	38.4	36.6	flash	
2026-09-02T13:22:00	0.530	16	30.1667	40.0	32.0	36.2	36.3	80.0	38.0	37.0	36.5	flash	
2026-09-02T13:22:30	0.530	16	30.1667	20.0	32.0	35.4	36.4	140.0	42.0	36.2	36.4	flash	
2026-09-02T13:23:00	0.398	12	30.1667	80.0	24.0	34.8	36.1	120.0	36.0	35.6	36.4	flash	
2026-09-02T13:23:30	0.309	9	29.1611	0.0	22.0	33.0	35.9	60.0	36.0	34.0	36.1	flash	
2026-09-02T13:24:00	0.431	13	30.1667	60.0	26.0	30.4	35.6	60.0	26.0	33.2	36.0	flash	
2026-09-02T13:24:30	0.729	22	30.1667	40.0	44.0	31.2	35.8	220.0	50.0	32.2	35.9	flash	
2026-09-02T13:25:00	0.729	22	30.1667	100.0	44.0	29.4	35.9	120.0	44.0	32.2	36.0	flash	
2026-09-02T13:25:30	0.829	25	30.1667	80.0	50.0	31.8	36.0	100.0	54.0	31.8	36.0	flash	
2026-09-02T13:26:00	0.398	12	30.1667	20.0	24.0	31.0	35.9	100.0	52.0	32.2	36.1	flash	
2026-09-02T13:26:30	0.789	23	29.1611	100.0	46.0	34.2	36.1	140.0	46.0	34.4	36.2	flash	
2026-09-02T13:27:00	0.895	27	30.1667	40.0	54.0	36.2	36.3	180.0	60.0	36.6	36.3	flash	
2026-09-02T13:27:30	0.696	21	30.1667	20.0	42.0	37.4	36.4	160.0	62.0	38.2	36.4	flash	
2026-09-02T13:28:00	0.431	13	30.1667	60.0	26.0	37.8	36.2	100.0	44.0	38.4	36.5	flash	
2026-09-02T13:28:30	0.398	12	30.1667	0.0	24.0	38.0	36.3	60.0	32.0	38.0	36.3	flash	
2026-09-02T13:29:00	0.597	18	30.1667	0.0	36.0	39.0	36.2	140.0	46.0	39.8	36.3	flash	
2026-09-02T13:29:30	0.686	20	29.1611	20.0	40.0	38.6	36.3	160.0	40.0	39.0	36.3	flash	
2026-09-02T13:30:00	0.729	22	30.1667	60.0	44.0	38.8	36.2	140.0	62.0	39.4	36.3	flash	
2026-09-02T13:30:30	0.497	15	30.1667	40.0	30.0	37.0	36.2	140.0	48.0	39.0	36.4	flash	
2026-09-02T13:31:00	0.530	16	30.1667	100.0	32.0	37.4	36.3	100.0	32.0	37.4	36.3	flash	
2026-09-02T13:31:30	0.862	26	30.1667	120.0	52.0	38.0	36.4	120.0	58.0	38.0	36.4	flash	
2026-09-02T13:32:00	0.564	17	30.1667	0.0	34.0	36.0	36.5	120.0	62.0	38.2	36.6	flash	
2026-09-02T13:32:30	0.514	15	29.1611	120.0	30.0	34.8	36.5	140.0	36.0	36.0	36.5	flash	
2026-09-02T13:33:00	0.530	16	30.1667	60.0	32.0	35.4	36.5	120.0	44.0	36.0	36.5	flash	
2026-09-02T13:33:30	0.564	17	30.1667	20.0	34.0	36.4	36.6	120.0	40.0	37.0	36.6	flash	
2026-09-02T13:34:00	0.895	27	30.1667	40.0	54.0	38.2	36.6	120.0	56.0	38.2	36.7	flash	
2026-09-02T13:34:30	0.564	17	30.1667	80.0	34.0	37.6	36.7	160.0	58.0	39.6	36.8	flash	
2026-09-02T13:35:00	1.326	40	30.1667	0.0	80.0	41.2	37.1	220.0	88.0	42.0	37.2	flash	
2026-09-02T13:35:30	0.480	14	29.1611	0.0	28.0	41.2	37.1	120.0	82.0	42.2	37.2	flash	
2026-09-02T13:36:00	0.630	19	30.1667	40.0	38.0	42.6	37.1	200.0	40.0	42.6	37.3	flash	
2026-09-02T13:36:30	0.530	16	30.1667	0.0	32.0	40.0	37.3	140.0	48.0	43.4	37.3	flash	
2026-09-02T13:37:00	0.564	17	30.1667	100.0	34.0	39.6	37.0	100.0	34.0	40.0	37.3	flash	
2026-09-02T13:37:30	0.564	17	30.1667	20.0	34.0	40.0	37.1	120.0	44.0	41.0	37.1	flash	
2026-09-02T13:38:00	0.199	6	30.1667	0.0	12.0	38.0	36.9	40.0	36.0	40.2	37.1	flash	
2026-09-02T13:38:30	0.564	17	30.1667	60.0	34.0	38.0	37.1	100.0	34.0	38.8	37.1	flash	
2026-09-02T13:39:00	0.892	26	29.1611	0.0	54.0	37.8	37.3	200.0	64.0	40.2	37.4	flash	
2026-09-02T13:39:30	0.729	22	30.1667	20.0	44.0	38.8	37.3	180.0	64.0	39.8	37.5	flash	
2026-09-02T13:40:00	0.597	18	30.1667	60.0	36.0	34.4	37.3	80.0	40.0	39.0	37.3	flash	
2026-09-02T13:40:30	0.564	17	30.1667	120.0	34.0	35.0	37.4	120.0	36.0	35.0	37.4	flash	
2026-09-02T13:41:00	0.564	17	30.1667	100.0	34.0	34.6	37.2	100.0	46.0	35.6	37.5	flash	
2026-09-02T13:41:30	0.530	16	30.1667	80.0	32.0	34.6	37.3	120.0	40.0	34.6	37.3	flash	
2026-09-02T13:42:00	0.617	18	29.1611	40.0	38.0	34.8	37.4	120.0	44.0	36.2	37.5	flash	
2026-09-02T13:42:30	0.530	16	30.1667	20.0	32.0	34.6	37.2	140.0	36.0	35.6	37.4	flash	
2026-09-02T13:43:00	0.829	25	30.1667	60.0	50.0	38.4	37.2	100.0	52.0	38.4	37.3	flash	
2026-09-02T13:43:30	0.597	18	30.1667	140.0	36.0	38.8	37.3	160.0	52.0	39.0	37.3	flash	
2026-09-02T13:44:00	0.729	22	30.1667	100.0	44.0	37.8	37.3	100.0	60.0	39.2	37.4	flash	
2026-09-02T13:44:30	0.232	7	30.1667	0.0	14.0	34.8	37.0	140.0	48.0	37.6	37.3	flash	
2026-09-02T13:45:00	0.617	18	29.1611	0.0	36.0	35.2	37.0	100.0	36.0	35.8	37.1	flash	
2026-09-02T13:45:30	0.729	22	30.1667	20.0	44.0	36.0	37.2	140.0	44.0	37.2	37.2	flash	
2026-09-02T13:46:00	0.630	19	30.1667	0.0	38.0	36.6	37.1	180.0	72.0	38.0	37.2	flash	
2026-09-02T13:46:30	0.994	30	30.1667	40.0	60.0	39.2	37.2	140.0	60.0	39.6	37.4	flash	
2026-09-02T13:47:00	0.895	27	30.1667	40.0	54.0	40.8	37.4	200.0	62.0	41.0	37.5	flash	
2026-09-02T13:47:30	0.862	26	30.1667	40.0	52.0	42.8	37.5	160.0	60.0	43.0	37.5	flash	
2026-09-02T13:48:00	0.686	20	29.1611	20.0	40.0	41.8	37.5	120.0	54.0	43.6	37.6	flash	
2026-09-02T13:48:30	0.530	16	30.1667	20.0	32.0	41.4	37.5	100.0	44.0	44.0	37.6	flash	
2026-09-02T13:49:00	0.829	25	30.1667	20.0	50.0	42.6	37.7	160.0	54.0	43.2	37.8	flash	
2026-09-02T13:49:30	0.530	16	30.1667	80.0	32.0	43.8	37.6	100.0	50.0	43.8	37.6	flash	
2026-09-02T13:50:00	0.630	19	30.1667	40.0	38.0	44.0	37.6	100.0	48.0	44.6	37.6	flash	
2026-09-02T13:50:30	0.232	7	30.1667	0.0	14.0	41.0	37.5	80.0	36.0	44.4	37.7	flash	
2026-09-02T13:51:00	0.857	25	29.1611	60.0	50.0	42.2	37.5	180.0	52.0	42.6	37.5	flash	
2026-09-02T13:51:30	0.564	17	30.1667	60.0	34.0	39.6	37.5	160.0	50.0	42.2	37.6	flash	
2026-09-02T13:52:00	0.796	24	30.1667	20.0	48.0	39.0	37.7	160.0	52.0	40.4	37.7	flash	
2026-09-02T13:52:30	0.464	14	30.1667	60.0	28.0	36.6	37.5	120.0	44.0	39.0	37.8	flash	
2026-09-02T13:53:00	0.298	9	30.1667	40.0	18.0	34.4	37.4	60.0	32.0	36.6	37.5	flash	
2026-09-02T13:53:30	0.796	24	30.1667	20.0	48.0	36.0	37.6	160.0	52.0	36.6	37.6	flash	
2026-09-02T13:54:00	0.343	10	29.1611	80.0	20.0	33.0	37.4	80.0	48.0	36.0	37.6	flash	
2026-09-02T13:54:30	1.359	41	30.1667	160.0	82.0	38.6	37.7	220.0	82.0	38.6	37.8	flash	
2026-09-02T13:55:00	0.365	11	30.1667	0.0	22.0	36.4	37.5	160.0	84.0	38.2	37.8	flash	
2026-09-02T13:55:30	0.895	27	30.1667	20.0	54.0	40.4	37.6	200.0	54.0	40.8	37.7	flash	
2026-09-02T13:56:00	0.630	19	30.1667	20.0	38.0	39.2	37.6	100.0	54.0	41.2	37.7	flash	
2026-09-02T13:56:30	0.530	16	30.1667	60.0	32.0	39.0	37.1	100.0	40.0	39.2	37.5	flash	
2026-09-02T13:57:00	1.029	30	29.1611	0.0	60.0	40.2	37.2	180.0	70.0	41.0	37.3	flash	
2026-09-02T13:57:30	0.862	26	30.1667	0.0	52.0	42.8	37.3	160.0	70.0	43.4	37.4	flash	
2026-09-02T13:58:00	0.133	4	30.1667	0.0	8.0	41.6	37.2	40.0	52.0	42.6	37.3	flash	
2026-09-02T13:58:30	1.028	31	30.1667	20.0	62.0	43.0	37.5	260.0	62.0	44.8	37.5	flash	
2026-09-02T13:59:00	0.331	10	30.1667	0.0	20.0	43.0	37.4	100.0	62.0	44.0	37.5	flash	
2026-09-02T13:59:30	0.663	20	30.1667	20.0	40.0	38.8	37.4	140.0	40.0	43.4	37.6	flash	
2026-09-02T14:00:00	0.617	18	29.1611	40.0	36.0	40.2	37.5	140.0	44.0	40.2	37.7	flash	
2026-09-02T14:00:30	0.663	20	30.1667	0.0	40.0	38.8	37.5	140.0	48.0	40.2	37.7	flash	
2026-09-02T14:01:00	0.464	14	30.1667	20.0	28.0	38.0	37.5	120.0	44.0	39.6	37.5	flash	
2026-09-02T14:01:30	0.497	15	30.1667	0.0	30.0	37.6	37.4	100.0	38.0	39.6	37.6	flash	
2026-09-02T14:02:00	0.464	14	30.1667	0.0	28.0	34.4	37.5	100.0	34.0	37.8	37.5	flash	
2026-09-02T14:02:30	1.028	31	30.1667	80.0	62.0	35.4	37.7	220.0	62.0	35.4	37.7	flash	
2026-09-02T14:03:00	0.617	18	29.1611	60.0	40.0	38.2	37.7	100.0	60.0	38.2	37.8	flash	
2026-09-02T14:03:30	0.431	13	30.1667	0.0	26.0	34.6	37.7	120.0	40.0	38.4	37.8	flash	
2026-09-02T14:04:00	0.663	20	30.1667	20.0	40.0	36.6	37.8	160.0	40.0	36.6	37.9	flash	
2026-09-02T14:04:30	0.663	20	30.1667	20.0	40.0	36.6	37.7	180.0	62.0	38.0	37.9	flash	
2026-09-02T14:05:00	0.530	16	30.1667	40.0	32.0	36.2	37.6	120.0	40.0	37.2	37.8	flash	
2026-09-02T14:05:30	0.464	14	30.1667	40.0	28.0	35.0	37.3	140.0	32.0	36.2	37.6	flash	
2026-09-02T14:06:00	0.583	17	29.1611	20.0	36.0	35.6	37.4	140.0	48.0	36.2	37.4	flash	
2026-09-02T14:06:30	0.729	22	30.1667	0.0	44.0	37.0	37.5	120.0	46.0	37.4	37.6	flash	
2026-09-02T14:07:00	0.398	12	30.1667	0.0	24.0	36.6	37.4	100.0	44.0	37.4	37.5	flash	
2026-09-02T14:07:30	0.696	21	30.1667	180.0	42.0	35.0	37.4	180.0	42.0	37.2	37.4	flash	
2026-09-02T14:08:00	0.630	19	30.1667	40.0	38.0	34.8	37.5	200.0	54.0	35.6	37.5	flash	
2026-09-02T14:08:30	0.862	26	30.1667	0.0	52.0	37.4	37.6	220.0	56.0	37.4	37.6	flash	
2026-09-02T14:09:00	0.583	17	29.1611	40.0	34.0	36.8	37.5	80.0	64.0	38.6	37.7	flash	
2026-09-02T14:09:30	0.928	28	30.1667	20.0	56.0	38.4	37.7	200.0	60.0	38.4	37.7	flash	
2026-09-02T14:10:00	0.597	18	30.1667	140.0	36.0	38.8	37.4	140.0	60.0	39.0	37.7	flash	
2026-09-02T14:10:30	0.729	22	30.1667	60.0	44.0	40.6	37.6	200.0	58.0	41.8	37.7	flash	
2026-09-02T14:11:00	0.365	11	30.1667	20.0	22.0	39.2	37.5	100.0	54.0	40.8	37.6	flash	
2026-09-02T14:11:30	0.663	20	30.1667	40.0	40.0	38.8	37.7	160.0	42.0	39.8	37.8	flash	
2026-09-02T14:12:00	0.447	13	29.0611	0.0	26.0	39.0	37.7	80.0	44.0	39.8	37.8	flash	
2026-09-02T14:12:30	0.567	17	30	0.0	34.0	39.8	37.7	180.0	38.0	40.2	37.8	flash	
2026-09-02T14:13:00	0.833	25	30	40.0	50.0	39.4	38.0	140.0	50.0	41.0	38.1	flash	
2026-09-02T14:13:30	0.200	6	30	20.0	12.0	35.4	37.9	60.0	52.0	39.6	38.0	flash	
2026-09-02T14:14:00	0.433	13	30	0.0	26.0	34.6	37.9	100.0	32.0	36.0	38.0	flash	
2026-09-02T14:14:30	0.533	16	30	120.0	32.0	32.2	37.8	180.0	32.0	34.8	37.9	flash	
2026-09-02T14:15:00	0.997	30	30.1	80.0	60.0	34.8	37.9	200.0	70.0	35.6	38.0	flash	
2026-09-02T14:15:30	0.663	20	30.1667	0.0	40.0	34.8	37.9	200.0	58.0	34.8	38.0	flash	
2026-09-02T14:16:00	0.862	26	30.1667	80.0	52.0	37.4	38.1	180.0	58.0	37.4	38.1	flash	
2026-09-02T14:16:30	0.630	19	30.1667	20.0	38.0	37.0	38.0	100.0	70.0	38.4	38.3	flash	
2026-09-02T14:17:00	0.994	30	30.1667	80.0	60.0	40.4	38.1	160.0	60.0	40.4	38.2	flash	
2026-09-02T14:17:30	0.663	20	30.1667	160.0	40.0	41.0	38.1	160.0	68.0	41.0	38.1	flash	
2026-09-02T14:18:00	0.615	18	29.2556	0.0	36.0	39.6	38.2	120.0	52.0	42.0	38.3	flash	
2026-09-02T14:18:30	0.429	13	30.3333	0.0	26.0	41.0	38.2	120.0	36.0	41.2	38.2	flash	
2026-09-02T14:19:00	0.791	24	30.3333	60.0	48.0	43.2	38.3	120.0	48.0	43.2	38.3	flash	
2026-09-02T14:19:30	0.818	24	29.3222	20.0	48.0	44.8	38.4	200.0	58.0	46.6	38.4	flash	
2026-09-02T14:20:00	0.495	15	30.3333	160.0	30.0	41.8	38.2	160.0	48.0	44.2	38.4	flash	
2026-09-02T14:20:30	0.527	16	30.3333	80.0	32.0	41.0	38.3	140.0	42.0	43.2	38.3	flash	
2026-09-02T14:21:00	0.995	29	29.1556	20.0	66.0	41.6	38.6	220.0	66.0	43.8	38.6	flash	
2026-09-02T14:21:30	0.767	23	30	0.0	46.0	42.6	38.5	160.0	58.0	42.8	38.7	flash	
2026-09-02T14:22:00	0.867	26	30	40.0	52.0	42.0	38.6	160.0	54.0	43.4	38.7	flash	
2026-09-02T14:22:30	0.433	13	30	20.0	26.0	40.2	38.6	60.0	56.0	42.2	38.8	flash	
2026-09-02T14:23:00	0.400	12	30	60.0	24.0	39.0	38.5	60.0	26.0	40.2	38.7	flash	
2026-09-02T14:23:30	0.700	21	30	20.0	42.0	40.6	38.6	100.0	46.0	41.4	38.7	flash	
2026-09-02T14:24:00	0.765	23	30.0833	40.0	46.0	40.4	38.5	120.0	48.0	41.8	38.7	flash	
2026-09-02T14:24:30	0.928	28	30.1667	40.0	56.0	41.2	38.7	300.0	58.0	41.2	38.8	flash	
2026-09-02T14:25:00	0.564	17	30.1667	80.0	34.0	42.0	38.3	100.0	62.0	42.6	38.7	flash	
2026-09-02T14:25:30	0.663	20	30.1667	40.0	40.0	43.2	38.4	160.0	46.0	43.2	38.4	flash	
2026-09-02T14:26:00	0.729	22	30.1667	60.0	44.0	41.0	38.5	140.0	52.0	43.0	38.5	flash	
2026-09-02T14:26:30	0.630	19	30.1667	40.0	38.0	40.2	38.5	120.0	54.0	41.6	38.5	flash	
2026-09-02T14:27:00	0.720	21	29.1611	40.0	42.0	39.2	38.6	120.0	44.0	41.6	38.7	flash	
2026-09-02T14:27:30	0.663	20	30.1667	80.0	40.0	40.6	38.7	160.0	46.0	40.6	38.7	flash	
2026-09-02T14:28:00	0.398	12	30.1667	0.0	24.0	40.6	38.8	80.0	48.0	41.4	38.8	flash	
2026-09-02T14:28:30	0.696	21	30.1667	0.0	42.0	40.6	38.9	240.0	56.0	42.4	39.1	flash	
2026-09-02T14:29:00	0.829	25	30.1667	80.0	50.0	41.0	38.8	140.0	50.0	41.0	38.9	flash	
2026-09-02T14:29:30	0.530	16	30.1667	0.0	32.0	38.6	38.7	160.0	66.0	42.6	38.8	flash	
2026-09-02T14:30:00	0.309	9	29.1611	40.0	18.0	37.4	38.6	60.0	34.0	38.8	38.7	flash	
2026-09-02T14:30:30	0.630	19	30.1667	40.0	38.0	36.8	38.6	100.0	40.0	38.4	38.8	flash	
2026-09-02T14:31:00	0.829	25	30.1667	60.0	50.0	37.6	38.8	180.0	50.0	37.8	38.8	flash	
2026-09-02T14:31:30	0.696	21	30.1667	20.0	42.0	37.8	38.9	160.0	70.0	38.2	38.9	flash	
2026-09-02T14:32:00	0.663	20	30.1667	0.0	40.0	37.6	38.9	200.0	50.0	38.8	38.9	flash	
2026-09-02T14:32:30	0.464	14	30.1667	0.0	28.0	36.4	38.8	140.0	48.0	38.4	39.0	flash	
2026-09-02T14:33:00	0.650	19	29.2285	0.0	38.0	37.8	38.7	140.0	38.0	37.8	38.9	flash	
2026-09-02T14:33:30	0.462	14	30.3352	20.0	28.0	36.4	38.6	80.0	50.0	38.8	38.9	flash	
2026-09-02T14:34:00	0.758	23	30.3352	140.0	46.0	36.0	38.7	160.0	48.0	36.6	38.8	flash	
2026-09-02T14:34:30	0.989	29	29.324	40.0	58.0	38.6	39.1	140.0	76.0	38.6	39.1	flash	
2026-09-02T14:35:00	0.659	20	30.3352	0.0	40.0	40.8	39.1	80.0	60.0	41.2	39.2	flash	
2026-09-02T14:35:30	0.824	25	30.3352	40.0	50.0	42.0	39.2	180.0	52.0	42.0	39.3	flash	
2026-09-02T14:36:00	0.513	15	29.2622	0.0	30.0	40.2	39.1	100.0	54.0	44.2	39.2	flash	
2026-09-02T14:36:30	0.796	24	30.1667	60.0	48.0	40.6	39.0	100.0	48.0	40.8	39.1	flash	
2026-09-02T14:37:00	0.663	20	30.1667	20.0	40.0	40.6	38.9	100.0	54.0	41.2	39.0	flash	
2026-09-02T14:37:30	0.497	15	30.1667	20.0	30.0	40.8	38.6	120.0	52.0	41.8	39.0	flash	
2026-09-02T14:38:00	1.193	36	30.1667	280.0	72.0	44.2	39.0	280.0	72.0	44.2	39.0	flash	
2026-09-02T14:38:30	0.796	24	30.1667	20.0	48.0	46.2	39.1	240.0	84.0	46.4	39.1	flash	
2026-09-02T14:39:00	0.343	10	29.1611	160.0	20.0	43.6	38.8	160.0	48.0	46.2	39.1	flash	
2026-09-02T14:39:30	0.729	22	30.1667	60.0	44.0	42.2	39.0	160.0	54.0	44.2	39.0	flash	
2026-09-02T14:40:00	0.762	23	30.1667	20.0	46.0	42.8	39.0	120.0	58.0	43.2	39.1	flash	
2026-09-02T14:40:30	0.630	19	30.1667	40.0	38.0	41.6	39.3	140.0	50.0	43.2	39.3	flash	
2026-09-02T14:41:00	0.530	16	30.1667	0.0	32.0	41.8	39.1	120.0	38.0	41.8	39.3	flash	
2026-09-02T14:41:30	0.762	23	30.1667	100.0	46.0	41.6	39.2	120.0	46.0	42.6	39.2	flash	
2026-09-02T14:42:00	0.720	21	29.1611	80.0	44.0	41.8	39.1	100.0	50.0	42.0	39.2	flash	
2026-09-02T14:42:30	0.431	13	30.1667	40.0	26.0	41.4	39.1	120.0	50.0	42.2	39.3	flash	
2026-09-02T14:43:00	0.862	26	30.1667	80.0	52.0	41.6	39.5	140.0	54.0	42.6	39.5	flash	
2026-09-02T14:43:30	0.530	16	30.1667	0.0	32.0	37.8	39.3	140.0	62.0	39.8	39.5	flash	
2026-09-02T14:44:00	0.663	20	30.1667	40.0	40.0	39.8	39.5	160.0	42.0	41.2	39.6	flash	
2026-09-02T14:44:30	0.530	16	30.1667	40.0	32.0	38.6	39.0	100.0	48.0	40.6	39.5	flash	
2026-09-02T14:45:00	0.446	13	29.1611	0.0	30.0	36.6	39.0	120.0	32.0	38.6	39.1	flash	
2026-09-02T14:45:30	0.597	18	30.1667	0.0	36.0	36.6	38.9	120.0	40.0	37.6	39.1	flash	
2026-09-02T14:46:00	1.028	31	30.1667	20.0	62.0	39.4	39.1	220.0	68.0	40.4	39.2	flash	
2026-09-02T14:46:30	0.829	25	30.1667	120.0	50.0	40.0	39.3	120.0	66.0	40.4	39.3	flash	
2026-09-02T14:47:00	0.729	22	30.1667	60.0	44.0	40.0	39.1	140.0	62.0	41.4	39.4	flash	
2026-09-02T14:47:30	0.497	15	30.1667	60.0	30.0	40.4	38.9	80.0	48.0	40.4	39.1	flash	
2026-09-02T14:48:00	0.617	18	29.1611	100.0	42.0	38.8	39.2	120.0	42.0	41.2	39.2	flash	
2026-09-02T14:48:30	0.497	15	30.1667	0.0	30.0	38.6	38.9	100.0	40.0	39.4	39.2	flash	
2026-09-02T14:49:00	0.530	16	30.1667	20.0	32.0	38.2	39.0	100.0	36.0	39.0	39.0	flash	
2026-09-02T14:49:30	0.564	17	30.1667	20.0	34.0	38.4	38.9	100.0	42.0	38.6	39.0	flash	
2026-09-02T14:50:00	0.729	22	30.1667	80.0	44.0	39.8	39.0	160.0	44.0	39.8	39.0	flash	
2026-09-02T14:50:30	0.464	14	30.1667	0.0	28.0	39.0	38.9	100.0	56.0	40.8	39.0	flash	
2026-09-02T14:51:00	0.754	22	29.1611	100.0	44.0	37.4	39.0	160.0	44.0	39.8	39.0	flash	
2026-09-02T14:51:30	0.564	17	30.1667	20.0	34.0	36.8	39.1	80.0	50.0	37.6	39.1	flash	
2026-09-02T14:52:00	0.597	18	30.1667	20.0	36.0	34.8	39.2	160.0	46.0	35.8	39.2	flash	
2026-09-02T14:52:30	0.564	17	30.1667	40.0	34.0	35.8	38.9	100.0	44.0	36.0	39.3	flash	
2026-09-02T14:53:00	0.530	16	30.1667	40.0	32.0	34.8	38.8	60.0	36.0	36.0	39.0	flash	
2026-09-02T14:53:30	0.365	11	30.1667	20.0	22.0	34.0	38.8	60.0	36.0	35.6	38.9	flash	
2026-09-02T14:54:00	0.857	25	29.1611	120.0	52.0	36.0	38.9	120.0	52.0	36.0	39.0	flash	
2026-09-02T14:54:30	0.994	30	30.1667	20.0	60.0	38.4	39.1	180.0	72.0	39.2	39.1	flash	
2026-09-02T14:55:00	0.630	19	30.1667	40.0	38.0	38.2	39.2	160.0	70.0	40.4	39.3	flash	
2026-09-02T14:55:30	0.696	21	30.1667	0.0	42.0	39.2	39.3	160.0	52.0	39.8	39.4	flash	
2026-09-02T14:56:00	0.564	17	30.1667	80.0	34.0	38.2	39.3	200.0	52.0	41.4	39.5	flash	
2026-09-02T14:56:30	0.762	23	30.1667	100.0	46.0	39.4	39.3	120.0	46.0	39.4	39.3	flash	
2026-09-02T14:57:00	0.857	25	29.1611	40.0	56.0	41.0	39.6	160.0	58.0	41.2	39.6	flash	
2026-09-02T14:57:30	0.597	18	30.1667	20.0	36.0	41.4	39.7	140.0	52.0	41.4	39.7	flash	
2026-09-02T14:58:00	0.862	26	30.1667	20.0	52.0	43.0	39.7	180.0	62.0	43.4	39.8	flash	
2026-09-02T14:58:30	0.829	25	30.1667	20.0	50.0	46.0	39.6	180.0	76.0	46.4	39.9	flash	
2026-09-02T14:59:00	0.696	21	30.1667	60.0	42.0	45.0	39.7	120.0	50.0	45.8	39.7	flash	
2026-09-02T14:59:30	0.564	17	30.1667	20.0	34.0	42.4	39.5	140.0	50.0	45.0	39.8	flash	
2026-09-02T15:00:00	0.686	20	29.1611	0.0	42.0	42.8	39.6	120.0	52.0	43.2	39.7	flash	
2026-09-02T15:00:30	0.729	22	30.1667	20.0	44.0	42.8	39.6	140.0	50.0	43.6	39.7	flash	
2026-09-02T15:01:00	0.729	22	30.1667	40.0	44.0	43.8	39.8	140.0	44.0	44.2	39.8	flash	
2026-09-02T15:01:30	0.696	21	30.1667	40.0	42.0	44.0	39.8	120.0	48.0	44.2	39.9	flash	
2026-09-02T15:02:00	0.464	14	30.1667	40.0	28.0	41.2	39.8	100.0	42.0	43.4	39.8	flash	
2026-09-02T15:02:30	0.630	19	30.1667	20.0	38.0	41.4	39.8	100.0	48.0	42.6	39.9	flash	
2026-09-02T15:03:00	0.789	23	29.1611	20.0	48.0	40.8	39.8	160.0	56.0	42.6	40.0	flash	
2026-09-02T15:03:30	0.630	19	30.1667	0.0	38.0	39.8	40.1	120.0	46.0	40.8	40.1	flash	
2026-09-02T15:04:00	0.530	16	30.1667	20.0	32.0	38.8	40.1	140.0	42.0	40.4	40.1	flash	
2026-09-02T15:04:30	0.331	10	30.1667	0.0	20.0	37.4	40.0	60.0	34.0	39.0	40.2	flash	
2026-09-02T15:05:00	0.696	21	30.1667	40.0	42.0	37.4	39.8	120.0	42.0	37.6	39.9	flash	
2026-09-02T15:05:30	0.796	24	30.1667	20.0	48.0	37.8	39.9	180.0	62.0	38.8	40.1	flash	
2026-09-02T15:06:00	0.789	23	29.1556	20.0	46.0	38.4	39.8	160.0	54.0	39.0	40.1	flash	
2026-09-02T15:06:30	0.333	10	30	20.0	20.0	35.8	39.7	60.0	54.0	38.4	39.9	flash	
2026-09-02T15:07:00	0.467	14	30	0.0	28.0	36.0	39.4	100.0	34.0	37.4	39.8	flash	
2026-09-02T15:07:30	0.633	19	30	80.0	38.0	36.0	39.3	100.0	38.0	36.4	39.4	flash	
2026-09-02T15:08:00	0.633	19	30	0.0	38.0	35.2	39.3	120.0	52.0	36.4	39.4	flash	
2026-09-02T15:08:30	0.733	22	30	60.0	44.0	35.6	39.5	220.0	48.0	36.0	39.6	flash	
2026-09-02T15:09:00	0.633	19	30	20.0	38.0	36.4	39.4	100.0	62.0	38.0	39.6	flash	
2026-09-02T15:09:30	0.497	15	30.1667	20.0	30.0	37.2	39.2	100.0	40.0	37.2	39.4	flash	
2026-09-02T15:10:00	0.564	17	30.1667	20.0	34.0	36.8	39.3	120.0	48.0	37.8	39.5	flash	
2026-09-02T15:10:30	0.895	27	30.1667	60.0	54.0	37.0	39.6	140.0	54.0	37.0	39.6	flash	
2026-09-02T15:11:00	0.696	21	30.1667	20.0	42.0	36.6	39.3	160.0	60.0	37.4	39.5	flash	
2026-09-02T15:11:30	0.564	17	30.1667	40.0	34.0	38.0	39.2	100.0	50.0	38.0	39.4	flash	
2026-09-02T15:12:00	0.663	20	30.1667	0.0	40.0	39.2	39.1	120.0	50.0	39.2	39.3	flash	
2026-09-02T15:12:30	0.720	21	29.1611	60.0	42.0	39.6	39.3	160.0	50.0	40.8	39.3	flash	
2026-09-02T15:13:00	0.398	12	30.1667	20.0	24.0	38.2	39.3	140.0	52.0	39.6	39.4	flash	
2026-09-02T15:13:30	0.895	27	30.1667	20.0	54.0	39.2	39.4	240.0	56.0	42.0	39.5	flash	
2026-09-02T15:14:00	0.398	12	30.1667	20.0	24.0	37.8	39.2	60.0	50.0	39.4	39.4	flash	
2026-09-02T15:14:30	0.530	16	30.1667	220.0	32.0	38.0	38.9	220.0	32.0	38.0	39.1	flash	
2026-09-02T15:15:00	0.762	23	30.1667	40.0	46.0	39.2	39.0	240.0	64.0	39.2	39.1	flash	
2026-09-02T15:15:30	0.377	11	29.1611	0.0	22.0	36.6	38.9	120.0	46.0	39.4	39.1	flash	
2026-09-02T15:16:00	0.630	19	30.1667	80.0	38.0	35.6	38.8	120.0	38.0	37.2	38.9	flash	
2026-09-02T15:16:30	0.696	21	30.1667	40.0	42.0	36.8	38.8	120.0	46.0	36.8	38.9	flash	
2026-09-02T15:17:00	1.061	32	30.1667	60.0	64.0	38.8	39.1	220.0	68.0	39.0	39.1	flash	
2026-09-02T15:17:30	1.657	50	30.1667	20.0	100.0	44.6	39.7	360.0	108.0	45.0	39.7	flash	
2026-09-02T15:18:00	1.326	40	30.1667	20.0	80.0	50.2	40.2	260.0	108.0	50.2	40.2	flash	
2026-09-02T15:18:30	1.269	37	29.1611	260.0	76.0	52.2	40.5	260.0	86.0	52.2	40.5	flash	
2026-09-02T15:19:00	0.564	17	30.1667	180.0	34.0	53.2	40.4	220.0	74.0	53.4	40.6	flash	
2026-09-02T15:19:30	1.326	40	30.1667	180.0	80.0	59.0	40.9	280.0	84.0	60.2	40.9	flash	
2026-09-02T15:20:00	1.293	39	30.1667	80.0	78.0	61.2	41.5	200.0	116.0	62.0	41.5	flash	
2026-09-02T15:20:30	1.127	34	30.1667	20.0	68.0	65.8	41.8	340.0	110.0	65.8	41.8	flash	
2026-09-02T15:21:00	0.961	29	30.1667	140.0	58.0	67.8	41.8	260.0	90.0	68.4	42.1	flash	
2026-09-02T15:21:30	0.896	26	29.0167	120.0	66.0	69.0	41.9	320.0	78.0	70.8	42.1	flash	
2026-09-02T15:22:00	0.500	15	30	40.0	30.0	65.6	41.8	80.0	52.0	69.2	42.0	flash	
2026-09-02T15:22:30	0.700	21	30	80.0	42.0	59.6	42.0	120.0	42.0	66.2	42.0	flash	
2026-09-02T15:23:00	0.800	24	30	0.0	48.0	56.6	42.1	140.0	66.0	60.8	42.2	flash	
2026-09-02T15:23:30	0.733	22	30	20.0	44.0	55.4	42.3	160.0	50.0	57.2	42.3	flash	
2026-09-02T15:24:00	0.533	16	30	0.0	32.0	53.6	42.1	100.0	48.0	55.0	42.3	flash	
2026-09-02T15:24:30	0.693	21	30.2889	180.0	42.0	49.4	41.9	180.0	42.0	53.2	42.1	flash	
2026-09-02T15:25:00	0.560	17	30.3333	0.0	34.0	45.0	41.9	140.0	58.0	49.8	42.0	flash	
2026-09-02T15:25:30	0.659	20	30.3333	100.0	40.0	42.2	41.8	120.0	40.0	45.4	41.9	flash	
2026-09-02T15:26:00	0.818	24	29.3222	0.0	50.0	42.6	42.0	160.0	60.0	42.6	42.0	flash	
2026-09-02T15:26:30	0.659	20	30.3333	0.0	40.0	40.0	41.9	200.0	66.0	41.2	42.1	flash	
2026-09-02T15:27:00	0.593	18	30.3333	60.0	36.0	40.6	41.8	80.0	42.0	40.6	41.9	flash	
2026-09-02T15:27:30	0.482	14	29.0556	40.0	28.0	39.2	41.8	80.0	38.0	41.0	41.8	flash	
2026-09-02T15:28:00	0.667	20	30	40.0	40.0	38.4	41.7	160.0	48.0	40.0	42.0	flash	
2026-09-02T15:28:30	0.600	18	30	0.0	36.0	37.6	41.4	120.0	46.0	40.4	41.7	flash	
2026-09-02T15:29:00	0.833	25	30	40.0	50.0	39.4	41.7	140.0	50.0	40.0	41.8	flash	
2026-09-02T15:29:30	0.367	11	30	60.0	22.0	38.4	41.5	60.0	54.0	40.0	41.7	flash	
2026-09-02T15:30:00	0.767	23	30	20.0	46.0	38.6	41.5	120.0	50.0	38.8	41.5	flash	
2026-09-02T15:30:30	0.730	22	30.1333	60.0	44.0	39.2	41.5	140.0	56.0	39.8	41.5	flash	
2026-09-02T15:31:00	0.762	23	30.1667	20.0	46.0	38.8	41.7	140.0	62.0	40.8	41.8	flash	
2026-09-02T15:31:30	0.497	15	30.1667	0.0	30.0	37.8	41.5	120.0	44.0	39.2	41.7	flash	
2026-09-02T15:32:00	1.227	37	30.1667	140.0	74.0	41.6	41.8	280.0	74.0	42.2	41.9	flash	
2026-09-02T15:32:30	0.199	6	30.1667	0.0	12.0	40.0	41.7	40.0	72.0	41.6	41.8	flash	
2026-09-02T15:33:00	0.663	20	30.1667	80.0	40.0	40.0	41.6	100.0	40.0	40.2	41.7	flash	
2026-09-02T15:33:30	1.093	32	29.2889	60.0	72.0	42.8	41.9	220.0	72.0	42.8	41.9	flash	
2026-09-02T15:34:00	0.989	30	30.3333	100.0	60.0	43.8	42.1	120.0	68.0	44.0	42.1	flash	
2026-09-02T15:34:30	0.659	20	30.3333	40.0	40.0	45.6	42.2	240.0	58.0	46.0	42.2	flash	
2026-09-02T15:35:00	0.477	14	29.3222	20.0	28.0	43.8	42.2	140.0	54.0	46.6	42.3	flash	
2026-09-02T15:35:30	0.626	19	30.3333	20.0	38.0	43.2	42.2	200.0	54.0	45.2	42.4	flash	
2026-09-02T15:36:00	0.692	21	30.3333	0.0	42.0	42.8	42.0	120.0	44.0	44.0	42.3	flash	
2026-09-02T15:36:30	0.616	18	29.2056	0.0	36.0	43.4	42.0	240.0	52.0	44.4	42.2	flash	
2026-09-02T15:37:00	0.663	20	30.1667	0.0	40.0	40.0	41.8	140.0	50.0	45.4	42.0	flash	
2026-09-02T15:37:30	0.464	14	30.1667	40.0	28.0	41.6	41.9	100.0	42.0	41.6	41.9	flash	
2026-09-02T15:38:00	0.431	13	30.1667	0.0	26.0	41.0	41.7	180.0	36.0	41.8	41.8	flash	
2026-09-02T15:38:30	0.994	30	30.1667	0.0	60.0	39.8	42.0	240.0	72.0	42.6	42.1	flash	
2026-09-02T15:39:00	1.094	33	30.1667	140.0	66.0	40.4	42.3	220.0	66.0	40.4	42.3	flash	
2026-09-02T15:39:30	0.412	12	29.1611	0.0	32.0	38.8	42.2	180.0	72.0	41.4	42.4	flash	
2026-09-02T15:40:00	0.564	17	30.1667	0.0	34.0	39.4	42.2	100.0	34.0	39.6	42.3	flash	
2026-09-02T15:40:30	0.928	28	30.1667	40.0	56.0	41.2	42.4	180.0	56.0	41.4	42.4	flash	
2026-09-02T15:41:00	0.630	19	30.1667	0.0	38.0	40.8	42.4	160.0	70.0	42.4	42.6	flash	
2026-09-02T15:41:30	0.696	21	30.1667	40.0	42.0	41.4	42.4	120.0	52.0	41.8	42.5	flash	
2026-09-02T15:42:00	0.829	25	30.1667	0.0	50.0	42.4	42.6	120.0	54.0	43.2	42.6	flash	
2026-09-02T15:42:30	0.551	16	29.0556	20.0	32.0	42.8	42.6	80.0	48.0	43.2	42.6	flash	
2026-09-02T15:43:00	0.500	15	30	60.0	30.0	43.2	42.5	100.0	40.0	43.8	42.6	flash	
2026-09-02T15:43:30	0.467	14	30	60.0	28.0	40.0	42.6	120.0	36.0	43.4	42.6	flash	
2026-09-02T15:44:00	0.867	26	30	0.0	52.0	39.4	42.7	180.0	62.0	42.2	42.8	flash	
2026-09-02T15:44:30	0.367	11	30	0.0	22.0	38.4	42.2	120.0	58.0	39.8	42.7	flash	
2026-09-02T15:45:00	0.400	12	30	60.0	24.0	37.4	42.1	80.0	24.0	39.4	42.3	flash	
2026-09-02T15:45:30	0.897	27	30.1056	120.0	54.0	37.2	42.2	200.0	54.0	39.6	42.3	flash	
2026-09-02T15:46:00	0.928	28	30.1667	60.0	56.0	39.0	42.4	280.0	66.0	39.8	42.5	flash	
2026-09-02T15:46:30	0.497	15	30.1667	40.0	30.0	38.0	42.3	120.0	60.0	39.4	42.5	flash	
2026-09-02T15:47:00	0.464	14	30.1667	20.0	28.0	35.6	42.1	60.0	40.0	37.8	42.3	flash	
2026-09-02T15:47:30	0.696	21	30.1667	80.0	42.0	36.6	42.1	260.0	44.0	37.8	42.2	flash	
2026-09-02T15:48:00	0.564	17	30.1667	60.0	34.0	37.0	41.9	160.0	46.0	37.2	42.1	flash	
2026-09-02T15:48:30	0.412	12	29.1611	40.0	24.0	36.6	41.7	60.0	40.0	37.8	41.9	flash	
2026-09-02T15:49:00	0.796	24	30.1667	100.0	48.0	36.2	41.8	100.0	48.0	37.2	41.8	flash	
2026-09-02T15:49:30	0.796	24	30.1667	40.0	48.0	38.8	41.9	160.0	56.0	38.8	41.9	flash	
2026-09-02T15:50:00	0.298	9	30.1667	0.0	18.0	38.2	41.7	60.0	50.0	39.0	41.9	flash	
2026-09-02T15:50:30	0.530	16	30.1667	60.0	32.0	36.0	41.5	200.0	32.0	38.0	41.7	flash	
2026-09-02T15:51:00	1.227	37	30.1667	100.0	74.0	37.8	41.8	180.0	74.0	40.4	41.9	flash	
2026-09-02T15:51:30	0.994	29	29.1611	20.0	62.0	40.6	42.0	320.0	80.0	41.8	42.3	flash	
2026-09-02T15:52:00	0.298	9	30.1667	0.0	18.0	39.6	41.9	80.0	64.0	41.2	42.1	flash	
2026-09-02T15:52:30	0.597	18	30.1667	0.0	36.0	39.0	41.9	80.0	38.0	40.8	42.0	flash	
2026-09-02T15:53:00	0.597	18	30.1667	0.0	36.0	39.2	41.8	120.0	48.0	40.8	42.0	flash	
2026-09-02T15:53:30	0.895	27	30.1667	140.0	54.0	42.2	41.9	160.0	54.0	42.2	41.9	flash	
2026-09-02T15:54:00	0.464	14	30.1667	0.0	28.0	40.2	41.9	60.0	58.0	42.2	42.0	flash	
2026-09-02T15:54:30	0.823	24	29.1611	40.0	48.0	40.2	42.2	140.0	52.0	42.0	42.2	flash	
2026-09-02T15:55:00	0.663	20	30.1667	20.0	40.0	42.4	42.2	120.0	50.0	42.4	42.2	flash	
2026-09-02T15:55:30	0.464	14	30.1667	40.0	28.0	42.2	42.0	80.0	46.0	43.6	42.2	flash	
2026-09-02T15:56:00	0.928	28	30.1667	40.0	56.0	40.6	42.1	120.0	60.0	42.6	42.1	flash	
2026-09-02T15:56:30	0.729	22	30.1667	80.0	44.0	38.8	42.3	260.0	54.0	40.4	42.3	flash	
2026-09-02T15:57:00	0.331	10	30.1667	0.0	20.0	39.0	42.2	100.0	56.0	39.8	42.3	flash	
2026-09-02T15:57:30	0.446	13	29.1611	20.0	26.0	38.0	42.1	120.0	26.0	38.8	42.2	flash	
2026-09-02T15:58:00	0.431	13	30.1667	60.0	26.0	37.0	42.0	140.0	28.0	38.0	42.1	flash	
2026-09-02T15:58:30	0.597	18	30.1667	60.0	36.0	35.4	41.9	100.0	38.0	38.2	42.1	flash	
2026-09-02T15:59:00	0.398	12	30.1667	0.0	24.0	34.8	41.8	100.0	42.0	35.6	41.9	flash	
2026-09-02T15:59:30	0.365	11	30.1667	0.0	22.0	32.2	41.7	80.0	32.0	35.2	41.8	flash	
2026-09-02T16:00:00	0.497	15	30.1667	20.0	30.0	31.2	41.6	120.0	30.0	32.6	41.7	flash	
2026-09-02T16:00:30	0.617	18	29.1611	0.0	38.0	32.0	41.5	120.0	40.0	32.8	41.7	flash	
2026-09-02T16:01:00	0.431	13	30.1667	0.0	26.0	29.0	41.3	140.0	44.0	32.4	41.5	flash	
2026-09-02T16:01:30	0.829	25	30.1667	0.0	50.0	29.6	41.5	120.0	54.0	32.0	41.5	flash	
2026-09-02T16:02:00	0.663	20	30.1667	0.0	40.0	31.6	41.5	120.0	48.0	31.6	41.5	flash	
2026-09-02T16:02:30	0.630	19	30.1667	40.0	38.0	32.8	41.4	120.0	54.0	33.4	41.6	flash	
2026-09-02T16:03:00	0.564	17	30.1667	20.0	34.0	33.6	41.5	100.0	38.0	34.0	41.5	flash	
2026-09-02T16:03:30	0.857	25	29.1611	180.0	50.0	35.4	41.5	260.0	52.0	35.4	41.5	flash	
2026-09-02T16:04:00	0.696	21	30.1667	40.0	42.0	36.8	41.7	200.0	64.0	36.8	41.7	flash	
2026-09-02T16:04:30	0.099	3	30.1667	0.0	6.0	35.2	41.5	40.0	40.0	36.8	41.7	flash	
2026-09-02T16:05:00	1.127	34	30.1667	20.0	68.0	39.2	41.6	180.0	68.0	39.2	41.8	flash	
2026-09-02T16:05:30	0.961	29	30.1667	40.0	58.0	41.2	42.0	200.0	72.0	41.6	42.0	flash	
2026-09-02T16:06:00	0.464	14	30.1667	20.0	28.0	41.4	41.9	100.0	66.0	42.2	42.1	flash	
2026-09-02T16:06:30	0.754	22	29.1611	0.0	44.0	40.8	41.9	160.0	46.0	42.2	42.2	flash	
2026-09-02T16:07:00	0.464	14	30.1667	0.0	28.0	39.6	41.6	80.0	44.0	41.0	41.9	flash	
2026-09-02T16:07:30	0.928	28	30.1667	0.0	56.0	41.4	41.1	200.0	64.0	42.8	41.7	flash	
2026-09-02T16:08:00	0.796	24	30.1667	40.0	48.0	42.8	40.8	120.0	56.0	43.8	41.1	flash	
2026-09-02T16:08:30	0.597	18	30.1667	0.0	36.0	41.4	40.4	220.0	54.0	44.0	40.9	flash	
2026-09-02T16:09:00	0.530	16	30.1667	20.0	32.0	40.4	40.4	140.0	38.0	41.8	40.5	flash	
2026-09-02T16:09:30	0.924	27	29.2229	20.0	54.0	45.2	40.1	160.0	64.0	45.2	40.5	flash	
2026-09-02T16:10:00	0.725	22	30.3352	0.0	44.0	43.0	39.8	120.0	72.0	45.4	40.2	flash	
2026-09-02T16:10:30	0.857	26	30.3352	80.0	52.0	42.2	39.6	140.0	60.0	44.8	39.9	flash	
2026-09-02T16:11:00	0.580	17	29.324	140.0	42.0	42.8	39.5	140.0	54.0	43.0	39.7	flash	
2026-09-02T16:11:30	0.527	16	30.3352	140.0	32.0	41.6	39.2	140.0	34.0	42.8	39.4	flash	
2026-09-02T16:12:00	0.923	28	30.3352	20.0	56.0	44.4	39.4	200.0	72.0	45.2	39.5	flash	
2026-09-02T16:12:30	0.342	10	29.2678	40.0	20.0	40.8	39.2	80.0	50.0	44.4	39.4	flash	
2026-09-02T16:13:00	0.464	14	30.1667	40.0	28.0	38.8	39.0	80.0	32.0	41.6	39.3	flash	
2026-09-02T16:13:30	0.895	27	30.1667	40.0	54.0	40.6	39.1	240.0	60.0	42.0	39.3	flash	
2026-09-02T16:14:00	0.895	27	30.1667	0.0	54.0	42.8	39.3	220.0	58.0	44.0	39.4	flash	
2026-09-02T16:14:30	0.630	19	30.1667	20.0	38.0	41.2	39.3	120.0	56.0	43.6	39.5	flash	
2026-09-02T16:15:00	0.829	25	30.1667	0.0	50.0	41.8	39.5	200.0	64.0	42.8	39.6	flash	
2026-09-02T16:15:30	0.377	11	29.1611	0.0	22.0	39.6	39.3	120.0	48.0	41.8	39.5	flash	
2026-09-02T16:16:00	0.796	24	30.1667	180.0	48.0	40.2	39.3	180.0	48.0	40.2	39.4	flash	
2026-09-02T16:16:30	0.265	8	30.1667	0.0	16.0	39.8	39.0	60.0	46.0	40.4	39.3	flash	
2026-09-02T16:17:00	0.829	25	30.1667	40.0	50.0	38.0	39.2	140.0	50.0	38.8	39.2	flash	
2026-09-02T16:17:30	0.431	13	30.1667	0.0	26.0	38.6	39.2	60.0	56.0	39.0	39.2	flash	
2026-09-02T16:18:00	0.365	11	30.1667	20.0	22.0	38.0	39.0	120.0	26.0	38.6	39.2	flash	
2026-09-02T16:18:30	0.617	18	29.1611	20.0	36.0	36.2	39.0	80.0	42.0	37.8	39.0	flash	
2026-09-02T16:19:00	0.729	22	30.1667	80.0	44.0	35.2	38.9	180.0	54.0	37.8	39.0	flash	
2026-09-02T16:19:30	0.762	23	30.1667	80.0	46.0	36.0	39.2	160.0	54.0	36.8	39.2	flash	
2026-09-02T16:20:00	0.762	23	30.1667	40.0	46.0	35.6	39.2	120.0	56.0	36.6	39.3	flash	
2026-09-02T16:20:30	0.895	27	30.1667	20.0	54.0	38.8	39.3	200.0	60.0	38.8	39.4	flash	
2026-09-02T16:21:00	0.464	14	30.1667	200.0	28.0	36.8	39.1	200.0	52.0	38.6	39.2	flash	
2026-09-02T16:21:30	0.617	18	29.1611	0.0	40.0	38.8	39.1	200.0	56.0	39.2	39.1	flash	
2026-09-02T16:22:00	0.630	19	30.1667	0.0	38.0	37.6	38.8	120.0	48.0	39.2	39.3	flash	
2026-09-02T16:22:30	0.530	16	30.1667	0.0	32.0	38.2	39.0	160.0	56.0	39.2	39.0	flash	
2026-09-02T16:23:00	0.994	30	30.1667	40.0	60.0	42.0	39.3	140.0	60.0	42.4	39.3	flash	
2026-09-02T16:23:30	0.398	12	30.1667	0.0	24.0	40.8	38.8	80.0	64.0	42.8	39.2	flash	
2026-09-02T16:24:00	0.729	22	30.1667	0.0	44.0	40.8	38.6	120.0	44.0	42.0	38.8	flash	
2026-09-02T16:24:30	0.274	8	29.1611	40.0	16.0	38.2	38.4	60.0	44.0	40.4	38.7	flash	
2026-09-02T16:25:00	0.431	13	30.1667	20.0	26.0	36.0	38.4	80.0	28.0	37.8	38.5	flash	
2026-09-02T16:25:30	0.597	18	30.1667	0.0	36.0	34.0	38.3	160.0	44.0	35.8	38.4	flash	
2026-09-02T16:26:00	0.928	28	30.1667	40.0	56.0	37.2	38.5	140.0	64.0	38.6	38.5	flash	
2026-09-02T16:26:30	0.630	19	30.1667	20.0	38.0	37.0	38.5	120.0	56.0	37.8	38.5	flash	
2026-09-02T16:27:00	0.597	18	30.1667	0.0	36.0	36.8	38.5	120.0	40.0	37.2	38.5	flash	
2026-09-02T16:27:30	0.686	20	29.1611	20.0	40.0	37.6	38.6	100.0	50.0	37.8	38.7	flash	
2026-09-02T16:28:00	0.829	25	30.1667	20.0	50.0	36.6	38.8	160.0	72.0	39.4	39.0	flash	
2026-09-02T16:28:30	0.729	22	30.1667	60.0	44.0	38.6	38.7	120.0	48.0	38.6	38.8	flash	
2026-09-02T16:29:00	0.464	14	30.1667	0.0	28.0	37.0	38.4	100.0	46.0	38.6	38.7	flash	
2026-09-02T16:29:30	0.895	27	30.1667	40.0	54.0	40.8	38.6	140.0	56.0	40.8	38.6	flash	
2026-09-02T16:30:00	0.729	22	30.1667	20.0	44.0	42.6	38.7	120.0	54.0	42.6	38.7	flash	
2026-09-02T16:30:30	0.343	10	29.1611	0.0	22.0	41.0	38.3	60.0	48.0	44.2	38.7	flash	
2026-09-02T16:31:00	0.464	14	30.1667	0.0	28.0	38.2	38.2	100.0	28.0	41.2	38.4	flash	
2026-09-02T16:31:30	0.497	15	30.1667	0.0	30.0	37.4	38.1	100.0	40.0	39.0	38.3	flash	
2026-09-02T16:32:00	0.862	26	30.1667	20.0	52.0	39.0	38.1	180.0	52.0	40.0	38.2	flash	
2026-09-02T16:32:30	0.961	29	30.1667	160.0	58.0	40.8	38.4	180.0	58.0	40.8	38.4	flash	
2026-09-02T16:33:00	0.199	6	30.1667	0.0	12.0	37.0	38.2	100.0	64.0	40.4	38.4	flash	
2026-09-02T16:33:30	0.617	18	29.1611	60.0	36.0	36.2	38.3	100.0	36.0	38.4	38.4	flash	
2026-09-02T16:34:00	0.530	16	30.1667	0.0	32.0	36.6	38.1	100.0	46.0	37.6	38.3	flash	
2026-09-02T16:34:30	0.597	18	30.1667	0.0	36.0	34.8	38.2	140.0	38.0	37.4	38.2	flash	
2026-09-02T16:35:00	0.796	24	30.1667	20.0	48.0	35.4	38.5	120.0	48.0	36.4	38.5	flash	
2026-09-02T16:35:30	0.365	11	30.1667	40.0	22.0	35.4	38.1	80.0	48.0	35.4	38.4	flash	
2026-09-02T16:36:00	0.829	25	30.1667	60.0	50.0	37.6	38.1	100.0	52.0	37.6	38.3	flash	
2026-09-02T16:36:30	0.892	26	29.15	100.0	58.0	39.8	38.3	200.0	58.0	39.8	38.3	flash	
2026-09-02T16:37:00	0.367	11	30	0.0	22.0	36.8	38.2	100.0	66.0	40.0	38.4	flash	
2026-09-02T16:37:30	0.800	24	30	60.0	48.0	36.2	38.3	240.0	48.0	37.6	38.4	flash	
2026-09-02T16:38:00	0.600	18	30	0.0	36.0	38.2	38.3	140.0	70.0	38.4	38.5	flash	
2026-09-02T16:38:30	0.367	11	30	0.0	22.0	36.8	38.3	140.0	36.0	38.2	38.4	flash	
2026-09-02T16:39:00	0.500	15	30	20.0	30.0	36.6	38.2	120.0	32.0	36.8	38.3	flash	
2026-09-02T16:39:30	0.900	27	30.0111	20.0	54.0	38.4	38.2	140.0	56.0	38.8	38.4	flash	
2026-09-02T16:40:00	0.663	20	30.1667	0.0	40.0	37.6	38.4	140.0	54.0	38.4	38.4	flash	
2026-09-02T16:40:30	0.663	20	30.1667	0.0	40.0	39.4	38.5	120.0	52.0	40.2	38.5	flash	
2026-09-02T16:41:00	1.193	36	30.1667	120.0	72.0	42.2	38.5	140.0	72.0	42.2	38.6	flash	
2026-09-02T16:41:30	0.398	12	30.1667	0.0	24.0	38.8	38.1	120.0	72.0	42.4	38.5	flash	
2026-09-02T16:42:00	0.961	29	30.1667	20.0	58.0	42.4	38.5	140.0	58.0	42.4	38.5	flash	
2026-09-02T16:42:30	0.823	24	29.1556	100.0	48.0	42.4	38.6	240.0	58.0	43.4	38.6	flash	
2026-09-02T16:43:00	0.733	22	30	60.0	44.0	43.2	38.7	120.0	70.0	43.2	38.7	flash	
2026-09-02T16:43:30	0.300	9	30	0.0	18.0	42.8	38.4	60.0	48.0	44.0	38.8	flash	
2026-09-02T16:44:00	0.667	20	30	0.0	40.0	43.8	38.5	140.0	40.0	44.2	38.5	flash	
2026-09-02T16:44:30	0.933	28	30	80.0	56.0	44.0	38.6	140.0	56.0	44.8	38.6	flash	
2026-09-02T16:45:00	0.367	11	30	100.0	22.0	42.2	38.4	120.0	56.0	44.2	38.6	flash	
2026-09-02T16:45:30	0.567	17	30	20.0	34.0	41.6	38.4	100.0	48.0	43.2	38.5	flash	
2026-09-02T16:46:00	0.961	29	30.1667	60.0	58.0	40.8	38.5	180.0	58.0	42.0	38.6	flash	
2026-09-02T16:46:30	0.365	11	30.1667	0.0	22.0	40.0	38.2	100.0	58.0	40.2	38.5	flash	
2026-09-02T16:47:00	0.530	16	30.1667	40.0	32.0	37.4	38.4	160.0	32.0	40.2	38.4	flash	
2026-09-02T16:47:30	0.497	15	30.1667	40.0	30.0	35.6	38.4	80.0	40.0	38.0	38.4	flash	
2026-09-02T16:48:00	0.696	21	30.1667	100.0	42.0	35.4	38.6	100.0	48.0	37.0	38.6	flash	
2026-09-02T16:48:30	0.961	29	30.1667	120.0	58.0	39.4	38.8	140.0	62.0	39.4	38.8	flash	
2026-09-02T16:49:00	0.754	22	29.1611	20.0	46.0	39.8	39.0	140.0	68.0	41.0	39.0	flash	
2026-09-02T16:49:30	0.630	19	30.1667	100.0	38.0	38.0	39.1	100.0	50.0	40.0	39.1	flash	
2026-09-02T16:50:00	0.464	14	30.1667	40.0	28.0	38.6	39.1	120.0	38.0	40.0	39.2	flash	
2026-09-02T16:50:30	0.431	13	30.1667	0.0	26.0	37.8	39.0	100.0	32.0	39.6	39.2	flash	
2026-09-02T16:51:00	0.729	22	30.1667	60.0	44.0	36.4	39.2	120.0	44.0	38.4	39.2	flash	
2026-09-02T16:51:30	0.365	11	30.1667	20.0	22.0	36.4	38.9	60.0	44.0	36.8	39.2	flash	
2026-09-02T16:52:00	0.446	13	29.1611	20.0	28.0	35.8	38.8	120.0	28.0	37.4	38.9	flash	
2026-09-02T16:52:30	0.928	28	30.1667	80.0	56.0	38.6	39.0	160.0	56.0	38.8	39.0	flash	
2026-09-02T16:53:00	0.564	17	30.1667	60.0	34.0	38.2	39.0	120.0	58.0	38.6	39.1	flash	
2026-09-02T16:53:30	0.464	14	30.1667	0.0	28.0	34.8	38.7	240.0	36.0	37.6	39.0	flash	
2026-09-02T16:54:00	0.464	14	30.1667	0.0	28.0	33.0	38.6	80.0	36.0	34.6	38.8	flash	
2026-09-02T16:54:30	0.696	21	30.1667	0.0	42.0	33.4	39.0	140.0	50.0	34.6	39.0	flash	
2026-09-02T16:55:00	0.446	13	29.1611	0.0	26.0	33.2	38.6	100.0	44.0	34.0	38.9	flash	
2026-09-02T16:55:30	0.331	10	30.1667	0.0	20.0	32.6	38.2	100.0	30.0	33.4	38.6	flash	
2026-09-02T16:56:00	0.961	29	30.1667	20.0	58.0	34.4	38.5	180.0	58.0	34.6	38.5	flash	
2026-09-02T16:56:30	0.497	15	30.1667	40.0	30.0	35.0	38.3	100.0	52.0	35.2	38.5	flash	
2026-09-02T16:57:00	0.497	15	30.1667	20.0	30.0	35.2	38.3	80.0	40.0	36.4	38.5	flash	
2026-09-02T16:57:30	0.829	25	30.1667	40.0	50.0	34.6	38.3	120.0	50.0	36.2	38.4	flash	
2026-09-02T16:58:00	0.857	25	29.1611	100.0	52.0	36.2	38.3	180.0	62.0	36.6	38.3	flash	
2026-09-02T16:58:30	0.796	24	30.1667	60.0	48.0	38.2	38.4	120.0	56.0	38.2	38.4	flash	
2026-09-02T16:59:00	0.829	25	30.1667	20.0	50.0	40.4	38.6	200.0	60.0	40.4	38.7	flash	
2026-09-02T16:59:30	0.564	17	30.1667	20.0	34.0	39.6	38.4	120.0	54.0	41.0	38.7	flash	
2026-09-02T17:00:00	0.597	18	30.1667	20.0	36.0	40.6	38.3	100.0	46.0	41.4	38.4	flash	
2026-09-02T17:00:30	0.564	17	30.1667	80.0	34.0	42.0	38.1	100.0	34.0	42.0	38.3	flash	
2026-09-02T17:01:00	0.720	21	29.1611	60.0	50.0	40.4	38.2	120.0	54.0	41.8	38.3	flash	
2026-09-02T17:01:30	0.796	24	30.1667	80.0	48.0	42.4	38.5	120.0	52.0	42.4	38.5	flash	
2026-09-02T17:02:00	0.431	13	30.1667	20.0	26.0	41.8	38.1	100.0	48.0	42.6	38.4	flash	
2026-09-02T17:02:30	0.331	10	30.1667	20.0	20.0	39.0	38.1	100.0	30.0	42.0	38.2	flash	
2026-09-02T17:03:00	0.796	24	30.1667	0.0	48.0	38.6	38.3	100.0	50.0	40.0	38.3	flash	
2026-09-02T17:03:30	0.564	17	30.1667	20.0	34.0	37.2	38.1	120.0	46.0	39.4	38.2	flash	
2026-09-02T17:04:00	0.720	21	29.1611	0.0	44.0	36.6	38.0	180.0	54.0	38.6	38.3	flash	
2026-09-02T17:04:30	0.762	23	30.1667	40.0	46.0	37.6	38.0	200.0	54.0	38.2	38.1	flash	
2026-09-02T17:05:00	0.298	9	30.1667	40.0	18.0	35.8	37.7	120.0	42.0	37.6	38.0	flash	
2026-09-02T17:05:30	0.597	18	30.1667	0.0	36.0	36.8	37.9	100.0	46.0	37.6	37.9	flash	
2026-09-02T17:06:00	0.530	16	30.1667	0.0	32.0	35.0	37.7	100.0	38.0	36.2	37.9	flash	
2026-09-02T17:06:30	0.199	6	30.1667	0.0	12.0	31.4	37.7	60.0	38.0	34.8	37.8	flash	
2026-09-02T17:07:00	0.892	26	29.1611	20.0	52.0	34.0	37.7	200.0	52.0	34.4	37.8	flash	
2026-09-02T17:07:30	0.564	17	30.1667	20.0	34.0	35.4	37.8	80.0	56.0	35.4	37.8	flash	
2026-09-02T17:08:00	0.564	17	30.1667	0.0	34.0	34.0	37.9	100.0	48.0	35.8	38.0	flash	
2026-09-02T17:08:30	0.630	19	30.1667	40.0	38.0	34.6	37.9	120.0	38.0	35.0	37.9	flash	
2026-09-02T17:09:00	0.331	10	30.1667	0.0	20.0	32.2	37.7	80.0	38.0	34.6	37.9	flash	
2026-09-02T17:09:30	0.928	28	30.1667	20.0	56.0	33.2	37.8	200.0	56.0	34.4	37.8	flash	
2026-09-02T17:10:00	0.514	15	29.1611	20.0	32.0	34.4	37.6	140.0	70.0	35.4	37.8	flash	
2026-09-02T17:10:30	0.398	12	30.1667	20.0	24.0	33.2	37.3	120.0	30.0	34.8	37.6	flash	
2026-09-02T17:11:00	0.895	27	30.1667	60.0	54.0	35.4	37.6	140.0	54.0	35.4	37.7	flash	
2026-09-02T17:11:30	0.597	18	30.1667	80.0	36.0	37.8	37.6	100.0	66.0	37.8	37.7	flash	
2026-09-02T17:12:00	0.464	14	30.1667	0.0	28.0	35.4	37.5	100.0	40.0	38.6	37.6	flash	
2026-09-02T17:12:30	0.431	13	30.1667	0.0	26.0	34.6	37.4	60.0	34.0	36.4	37.5	flash	
2026-09-02T17:13:00	0.206	6	29.1611	40.0	12.0	32.4	36.9	40.0	26.0	34.4	37.4	flash	
2026-09-02T17:13:30	0.696	21	30.1667	20.0	42.0	33.2	37.1	260.0	44.0	35.0	37.1	flash	
2026-09-02T17:14:00	0.895	27	30.1667	40.0	54.0	36.2	37.2	200.0	58.0	36.4	37.2	flash	
2026-09-02T17:14:30	0.862	26	30.1667	60.0	52.0	36.0	37.6	160.0	62.0	37.8	37.6	flash	
2026-09-02T17:15:00	0.895	27	30.1667	40.0	54.0	38.2	37.8	120.0	62.0	38.2	37.8	flash	
2026-09-02T17:15:30	0.431	13	30.1667	0.0	26.0	38.4	37.7	120.0	54.0	38.8	38.0	flash	
2026-09-02T17:16:00	0.652	19	29.1611	40.0	38.0	36.8	37.6	140.0	38.0	38.8	37.7	flash	
2026-09-02T17:16:30	0.696	21	30.1667	80.0	42.0	37.6	37.6	160.0	48.0	37.6	37.6	flash	
2026-09-02T17:17:00	0.729	22	30.1667	60.0	44.0	39.0	37.7	160.0	60.0	39.4	37.8	flash	
2026-09-02T17:17:30	0.796	24	30.1667	40.0	48.0	41.2	37.8	140.0	60.0	41.6	37.9	flash	
2026-09-02T17:18:00	0.431	13	30.1667	60.0	26.0	42.6	37.5	100.0	46.0	42.6	37.7	flash	
2026-09-02T17:18:30	0.895	27	30.1667	60.0	54.0	43.8	37.6	100.0	56.0	43.8	37.6	flash	
2026-09-02T17:19:00	0.789	23	29.1611	60.0	46.0	43.0	37.8	140.0	54.0	44.0	37.8	flash	
2026-09-02T17:19:30	0.497	15	30.1667	0.0	30.0	41.4	37.6	80.0	56.0	43.8	37.8	flash	
2026-09-02T17:20:00	0.564	17	30.1667	40.0	34.0	38.8	37.5	100.0	38.0	41.8	37.7	flash	
2026-09-02T17:20:30	0.497	15	30.1667	20.0	30.0	39.2	37.6	160.0	44.0	40.8	37.6	flash	
2026-09-02T17:21:00	0.564	17	30.1667	20.0	34.0	38.8	37.6	80.0	34.0	40.2	37.7	flash	
2026-09-02T17:21:30	0.464	14	30.1667	20.0	28.0	37.4	37.6	120.0	34.0	38.8	37.6	flash	
2026-09-02T17:22:00	0.412	12	29.1611	20.0	26.0	35.6	37.3	60.0	36.0	37.0	37.5	flash	
2026-09-02T17:22:30	0.796	24	30.1667	40.0	48.0	35.4	37.3	140.0	54.0	36.6	37.5	flash	
2026-09-02T17:23:00	0.597	18	30.1667	60.0	36.0	36.6	37.5	100.0	50.0	37.6	37.5	flash	
2026-09-02T17:23:30	0.829	25	30.1667	40.0	50.0	36.0	37.6	160.0	52.0	38.0	37.6	flash	
2026-09-02T17:24:00	0.398	12	30.1667	60.0	24.0	33.8	37.5	120.0	54.0	36.8	37.7	flash	
2026-09-02T17:24:30	0.530	16	30.1667	60.0	32.0	34.0	37.5	80.0	34.0	34.0	37.5	flash	
2026-09-02T17:25:00	0.482	14	29.0667	20.0	32.0	33.6	37.3	120.0	42.0	34.4	37.6	flash	
2026-09-02T17:25:30	1.233	37	30	80.0	74.0	37.8	37.8	240.0	74.0	37.8	37.8	flash	
2026-09-02T17:26:00	0.500	15	30	0.0	30.0	37.6	37.7	140.0	74.0	38.4	37.8	flash	
2026-09-02T17:26:30	0.600	18	30	0.0	36.0	38.4	37.4	180.0	40.0	38.6	37.7	flash	
2026-09-02T17:27:00	0.600	18	30	20.0	36.0	39.4	37.6	160.0	42.0	39.8	37.6	flash	
2026-09-02T17:27:30	0.500	15	30	80.0	30.0	37.8	37.4	80.0	42.0	39.6	37.7	flash	
2026-09-02T17:28:00	0.366	11	30.0944	20.0	22.0	36.2	37.3	60.0	32.0	37.6	37.4	flash	
2026-09-02T17:28:30	0.530	16	30.1667	20.0	32.0	34.8	37.4	100.0	36.0	36.6	37.5	flash	
2026-09-02T17:29:00	0.497	15	30.1667	40.0	30.0	35.2	37.4	60.0	34.0	35.6	37.4	flash	
2026-09-02T17:29:30	0.928	28	30.1667	40.0	56.0	37.8	37.4	160.0	56.0	37.8	37.4	flash	
2026-09-02T17:30:00	0.431	13	30.1667	20.0	26.0	37.2	37.2	100.0	54.0	37.6	37.4	flash	
2026-09-02T17:30:30	0.464	14	30.1667	0.0	28.0	32.6	37.1	80.0	32.0	37.2	37.3	flash	
2026-09-02T17:31:00	0.480	14	29.1611	0.0	28.0	32.4	36.7	120.0	36.0	33.2	37.1	flash	
2026-09-02T17:31:30	1.094	33	30.1667	60.0	66.0	35.4	37.1	200.0	68.0	36.8	37.1	flash	
2026-09-02T17:32:00	0.497	15	30.1667	0.0	30.0	34.8	36.8	120.0	66.0	35.8	37.1	flash	
2026-09-02T17:32:30	0.696	21	30.1667	20.0	42.0	36.0	36.8	180.0	46.0	36.8	37.0	flash	
2026-09-02T17:33:00	0.398	12	30.1667	20.0	24.0	36.2	36.6	80.0	44.0	36.8	36.8	flash	
2026-09-02T17:33:30	0.365	11	30.1667	0.0	22.0	35.2	36.6	140.0	26.0	36.4	36.6	flash	
2026-09-02T17:34:00	0.686	20	29.1611	0.0	40.0	36.2	36.6	140.0	44.0	36.8	36.6	flash	
2026-09-02T17:34:30	0.331	10	30.1667	40.0	20.0	32.8	36.2	60.0	46.0	36.4	36.6	flash	
2026-09-02T17:35:00	0.862	26	30.1667	20.0	52.0	35.2	36.5	120.0	54.0	35.2	36.7	flash	
2026-09-02T17:35:30	0.497	15	30.1667	60.0	30.0	35.4	36.5	80.0	54.0	36.0	36.6	flash	
2026-09-02T17:36:00	0.762	23	30.1667	140.0	46.0	37.2	36.4	200.0	46.0	37.2	36.6	flash	
2026-09-02T17:36:30	0.199	6	30.1667	0.0	12.0	31.8	36.3	140.0	42.0	37.2	36.4	flash	
2026-09-02T17:37:00	0.789	23	29.1611	20.0	46.0	33.4	36.4	140.0	46.0	34.6	36.6	flash	
2026-09-02T17:37:30	0.431	13	30.1667	20.0	26.0	31.8	36.4	60.0	46.0	33.8	36.5	flash	
2026-09-02T17:38:00	0.597	18	30.1667	20.0	36.0	33.0	36.4	120.0	38.0	33.4	36.4	flash	
2026-09-02T17:38:30	0.530	16	30.1667	20.0	32.0	34.0	36.1	80.0	40.0	34.2	36.4	flash	
2026-09-02T17:39:00	0.729	22	30.1667	0.0	44.0	34.4	36.1	160.0	50.0	34.8	36.2	flash	
2026-09-02T17:39:30	0.928	28	30.1667	20.0	56.0	38.0	36.2	200.0	66.0	38.4	36.3	flash	
2026-09-02T17:40:00	0.412	12	29.1611	0.0	24.0	35.4	36.2	120.0	54.0	38.2	36.2	flash	
2026-09-02T17:40:30	0.398	12	30.1667	0.0	24.0	34.6	36.2	140.0	24.0	35.2	36.2	flash	
2026-09-02T17:41:00	0.663	20	30.1667	40.0	40.0	34.0	36.2	100.0	50.0	35.6	36.2	flash	
2026-09-02T17:41:30	0.597	18	30.1667	60.0	36.0	36.4	36.3	140.0	42.0	36.4	36.3	flash	
2026-09-02T17:42:00	0.497	15	30.1667	180.0	30.0	34.8	36.3	180.0	40.0	36.4	36.3	flash	
2026-09-02T17:42:30	0.829	25	30.1667	20.0	50.0	37.2	36.3	200.0	68.0	37.4	36.4	flash	
2026-09-02T17:43:00	0.686	20	29.1611	60.0	40.0	37.6	36.3	180.0	50.0	37.8	36.4	flash	
2026-09-02T17:43:30	0.530	16	30.1667	40.0	32.0	37.6	36.4	160.0	46.0	38.0	36.4	flash	
2026-09-02T17:44:00	0.597	18	30.1667	20.0	36.0	36.8	36.4	100.0	56.0	38.8	36.6	flash	
2026-09-02T17:44:30	0.663	20	30.1667	20.0	40.0	35.2	36.4	160.0	44.0	37.0	36.5	flash	
2026-09-02T17:45:00	0.331	10	30.1667	20.0	20.0	34.8	36.4	60.0	42.0	35.6	36.4	flash	
2026-09-02T17:45:30	0.696	21	30.1667	40.0	42.0	36.6	36.6	180.0	44.0	38.2	36.6	flash	
2026-09-02T17:46:00	0.514	15	29.1611	100.0	32.0	35.6	36.3	100.0	52.0	37.4	36.5	flash	
2026-09-02T17:46:30	0.696	21	30.1667	80.0	42.0	36.2	36.4	140.0	44.0	36.6	36.4	flash	
2026-09-02T17:47:00	0.398	12	30.1667	140.0	24.0	36.0	36.4	200.0	42.0	37.4	36.4	flash	
2026-09-02T17:47:30	0.729	22	30.1667	40.0	44.0	35.0	36.3	120.0	60.0	36.6	36.5	flash	
2026-09-02T17:48:00	0.530	16	30.1667	60.0	32.0	34.2	36.1	80.0	40.0	35.4	36.3	flash	
2026-09-02T17:48:30	0.829	25	30.1667	20.0	50.0	36.0	36.1	160.0	58.0	36.2	36.3	flash	
2026-09-02T17:49:00	0.617	18	29.1611	0.0	36.0	36.0	36.0	160.0	54.0	36.4	36.2	flash	
2026-09-02T17:49:30	0.298	9	30.1667	0.0	18.0	33.8	35.8	60.0	40.0	36.6	36.0	flash	
2026-09-02T17:50:00	0.431	13	30.1667	180.0	26.0	34.4	35.7	180.0	26.0	34.6	35.8	flash	
2026-09-02T17:50:30	0.564	17	30.1667	0.0	34.0	33.8	35.8	120.0	52.0	36.0	35.9	flash	
2026-09-02T17:51:00	0.796	24	30.1667	60.0	48.0	35.4	35.8	140.0	48.0	35.8	35.9	flash	
2026-09-02T17:51:30	0.862	26	30.1667	60.0	52.0	36.4	35.8	180.0	52.0	36.8	35.9	flash	
2026-09-02T17:52:00	0.514	15	29.1611	20.0	36.0	37.0	35.9	100.0	58.0	39.0	35.9	flash	
2026-09-02T17:52:30	0.298	9	30.1667	0.0	18.0	34.6	35.9	140.0	42.0	37.2	36.0	flash	
2026-09-02T17:53:00	0.729	22	30.1667	80.0	44.0	35.8	35.8	140.0	44.0	36.0	35.9	flash	
2026-09-02T17:53:30	0.630	19	30.1667	100.0	38.0	34.4	35.9	100.0	46.0	36.0	35.9	flash	
2026-09-02T17:54:00	0.464	14	30.1667	60.0	28.0	33.6	35.7	120.0	48.0	35.6	36.0	flash	
2026-09-02T17:54:30	0.530	16	30.1667	80.0	32.0	35.0	35.6	100.0	34.0	35.0	35.7	flash	
2026-09-02T17:55:00	0.618	18	29.1167	140.0	38.0	36.0	35.8	140.0	42.0	37.0	35.8	flash	
2026-09-02T17:55:30	0.500	15	30	20.0	30.0	35.6	35.7	120.0	52.0	36.8	35.9	flash	
2026-09-02T17:56:00	0.400	12	30	0.0	24.0	33.2	35.6	140.0	32.0	35.8	35.8	flash	
2026-09-02T17:56:30	0.567	17	30	80.0	34.0	32.0	35.8	120.0	34.0	34.6	35.8	flash	
2026-09-02T17:57:00	0.633	19	30	0.0	38.0	32.2	35.7	140.0	46.0	32.4	35.9	flash	
2026-09-02T17:57:30	0.433	13	30	20.0	26.0	33.0	35.6	80.0	42.0	33.0	35.8	flash	
2026-09-02T17:58:00	0.432	13	30.0889	0.0	26.0	31.6	35.5	80.0	36.0	33.0	35.7	flash	
2026-09-02T17:58:30	0.989	30	30.3333	20.0	60.0	33.6	35.8	180.0	60.0	34.2	35.8	flash	
2026-09-02T17:59:00	0.396	12	30.3333	20.0	24.0	33.0	35.8	180.0	60.0	33.4	35.8	flash	
2026-09-02T17:59:30	0.784	23	29.3222	20.0	48.0	34.6	35.7	160.0	62.0	35.0	35.9	flash	
2026-09-02T18:00:00	0.429	13	30.3333	20.0	26.0	33.4	35.7	120.0	54.0	35.6	35.8	flash	
2026-09-02T18:00:30	0.659	20	30.3333	60.0	40.0	34.4	35.8	160.0	40.0	34.4	35.8	flash	
2026-09-02T18:01:00	0.512	15	29.2889	0.0	32.0	35.0	35.6	220.0	38.0	35.0	35.8	flash	
2026-09-02T18:01:30	0.597	18	30.1667	0.0	36.0	35.2	35.6	140.0	56.0	36.0	35.7	flash	
2026-09-02T18:02:00	0.564	17	30.1667	0.0	34.0	34.8	35.6	140.0	42.0	36.6	35.7	flash	
2026-09-02T18:02:30	1.160	35	30.1667	120.0	70.0	39.2	36.1	220.0	70.0	39.2	36.1	flash	
2026-09-02T18:03:00	0.497	15	30.1667	60.0	30.0	39.6	36.3	100.0	78.0	39.6	36.3	flash	
2026-09-02T18:03:30	0.597	18	30.1667	0.0	36.0	37.2	36.2	120.0	46.0	40.0	36.4	flash	
2026-09-02T18:04:00	0.994	29	29.1611	120.0	58.0	40.8	36.2	160.0	58.0	41.2	36.3	flash	
2026-09-02T18:04:30	0.796	24	30.1667	20.0	48.0	40.8	36.3	120.0	74.0	43.2	36.4	flash	
2026-09-02T18:05:00	0.431	13	30.1667	20.0	26.0	40.8	35.9	80.0	44.0	41.4	36.2	flash	
2026-09-02T18:05:30	0.497	15	30.1667	20.0	30.0	40.0	36.0	100.0	30.0	41.2	36.0	flash	
2026-09-02T18:06:00	0.564	17	30.1667	120.0	34.0	40.2	35.9	120.0	34.0	40.6	36.0	flash	
2026-09-02T18:06:30	0.762	23	30.1667	0.0	46.0	41.2	36.0	140.0	58.0	41.4	36.1	flash	
2026-09-02T18:07:00	0.549	16	29.1611	0.0	32.0	41.0	35.9	80.0	54.0	41.4	36.0	flash	
2026-09-02T18:07:30	0.597	18	30.1667	40.0	36.0	38.4	35.7	140.0	44.0	42.6	35.9	flash	
2026-09-02T18:08:00	0.365	11	30.1667	20.0	22.0	36.8	35.7	100.0	38.0	38.2	35.9	flash	
2026-09-02T18:08:30	0.365	11	30.1667	20.0	22.0	35.4	35.4	100.0	26.0	37.8	35.8	flash	
2026-09-02T18:09:00	1.160	35	30.1667	0.0	70.0	36.6	35.6	260.0	72.0	38.0	35.8	flash	
2026-09-02T18:09:30	0.663	20	30.1667	80.0	40.0	35.8	35.7	100.0	76.0	36.4	35.7	flash	
2026-09-02T18:10:00	0.652	19	29.1611	20.0	40.0	37.0	35.8	160.0	48.0	37.4	35.8	flash	
2026-09-02T18:10:30	0.564	17	30.1667	60.0	34.0	37.6	35.8	120.0	38.0	37.8	35.8	flash	
2026-09-02T18:11:00	0.928	28	30.1667	100.0	56.0	39.8	36.0	220.0	60.0	40.8	36.0	flash	
2026-09-02T18:11:30	0.961	29	30.1667	60.0	58.0	40.8	36.3	140.0	70.0	40.8	36.3	flash	
2026-09-02T18:12:00	0.696	21	30.1667	40.0	42.0	41.8	36.5	120.0	62.0	41.8	36.5	flash	
2026-09-02T18:12:30	0.630	19	30.1667	20.0	38.0	42.0	36.4	100.0	48.0	42.4	36.5	flash	
2026-09-02T18:13:00	0.720	21	29.1611	140.0	42.0	44.0	36.4	180.0	42.0	44.2	36.4	flash	
2026-09-02T18:13:30	0.265	8	30.1667	20.0	16.0	43.4	36.1	80.0	44.0	44.0	36.4	flash	
2026-09-02T18:14:00	0.398	12	30.1667	20.0	24.0	38.8	36.1	100.0	28.0	43.4	36.2	flash	
2026-09-02T18:14:30	0.564	17	30.1667	60.0	34.0	38.4	36.2	180.0	34.0	39.0	36.2	flash	
2026-09-02T18:15:00	0.895	27	30.1667	60.0	54.0	39.8	36.4	160.0	74.0	39.8	36.4	flash	
2026-09-02T18:15:30	0.564	17	30.1667	0.0	34.0	39.8	36.0	120.0	54.0	40.4	36.4	flash	
2026-09-02T18:16:00	0.274	8	29.1611	20.0	16.0	35.8	35.8	60.0	38.0	39.8	36.0	flash	
2026-09-02T18:16:30	0.564	17	30.1667	80.0	34.0	34.0	35.8	100.0	36.0	36.6	36.0	flash	
2026-09-02T18:17:00	0.663	20	30.1667	20.0	40.0	33.2	35.9	100.0	46.0	35.0	36.0	flash	
2026-09-02T18:17:30	0.530	16	30.1667	0.0	32.0	32.6	35.9	140.0	34.0	33.2	36.0	flash	
2026-09-02T18:18:00	0.331	10	30.1667	0.0	20.0	30.4	35.9	60.0	42.0	33.4	36.0	flash	
2026-09-02T18:18:30	0.729	22	30.1667	40.0	44.0	33.2	36.0	200.0	44.0	33.4	36.0	flash	
2026-09-02T18:19:00	1.200	35	29.1611	0.0	70.0	37.8	36.4	240.0	82.0	38.4	36.4	flash	
2026-09-02T18:19:30	0.567	17	30	40.0	34.0	37.8	36.2	140.0	70.0	40.0	36.4	flash	
2026-09-02T18:20:00	0.467	14	30	0.0	28.0	35.2	36.2	140.0	46.0	38.6	36.3	flash	
2026-09-02T18:20:30	0.433	13	30	60.0	26.0	34.4	36.2	60.0	32.0	35.2	36.2	flash	
2026-09-02T18:21:00	1.033	31	30	40.0	62.0	39.0	36.5	180.0	64.0	39.2	36.5	flash	
2026-09-02T18:21:30	0.467	14	30	20.0	28.0	38.4	36.1	80.0	66.0	39.2	36.5	flash	
2026-09-02T18:22:00	0.567	17	30	120.0	34.0	37.8	36.2	140.0	40.0	39.0	36.2	flash	
2026-09-02T18:22:30	0.762	23	30.1667	80.0	46.0	39.2	36.2	200.0	54.0	40.2	36.3	flash	
2026-09-02T18:23:00	0.497	15	30.1667	20.0	30.0	40.2	36.3	120.0	40.0	40.2	36.3	flash	
2026-09-02T18:23:30	0.497	15	30.1667	60.0	30.0	38.8	36.3	120.0	36.0	41.4	36.4	flash	
2026-09-02T18:24:00	0.630	19	30.1667	60.0	38.0	35.6	36.3	80.0	48.0	39.2	36.5	flash	
2026-09-02T18:24:30	0.729	22	30.1667	60.0	44.0	36.6	36.6	160.0	44.0	36.8	36.6	flash	
2026-09-02T18:25:00	0.464	14	30.1667	40.0	28.0	36.6	36.3	100.0	54.0	36.6	36.6	flash	
2026-09-02T18:25:30	0.412	12	29.1611	0.0	26.0	36.4	36.3	40.0	32.0	37.2	36.3	flash	
2026-09-02T18:26:00	0.696	21	30.1667	20.0	42.0	34.4	36.2	160.0	44.0	37.6	36.4	flash	
2026-09-02T18:26:30	0.497	15	30.1667	20.0	30.0	34.6	36.4	140.0	46.0	34.8	36.4	flash	
2026-09-02T18:27:00	0.365	11	30.1667	0.0	22.0	33.4	36.2	120.0	32.0	34.6	36.4	flash	
2026-09-02T18:27:30	0.729	22	30.1667	20.0	44.0	33.2	36.3	140.0	48.0	33.8	36.4	flash	
2026-09-02T18:28:00	0.796	24	30.1667	60.0	48.0	35.0	36.5	120.0	58.0	35.6	36.5	flash	
2026-09-02T18:28:30	0.480	14	29.1611	40.0	32.0	35.0	36.4	80.0	48.0	36.0	36.5	flash	
2026-09-02T18:29:00	0.630	19	30.1667	60.0	38.0	34.8	36.4	100.0	38.0	35.2	36.5	flash	
2026-09-02T18:29:30	0.696	21	30.1667	20.0	42.0	34.8	36.2	200.0	52.0	36.6	36.4	flash	
2026-09-02T18:30:00	0.895	27	30.1667	140.0	54.0	37.4	36.5	140.0	54.0	37.4	36.5	flash	
2026-09-02T18:30:30	0.796	24	30.1667	100.0	48.0	39.6	36.8	160.0	62.0	39.6	36.8	flash	
2026-09-02T18:31:00	0.331	10	30.1667	0.0	20.0	37.4	36.6	80.0	44.0	39.8	36.8	flash	
2026-09-02T18:31:30	0.720	21	29.1611	20.0	42.0	38.6	36.6	120.0	42.0	39.4	36.8	flash	
2026-09-02T18:32:00	0.663	20	30.1667	100.0	40.0	40.4	36.8	100.0	52.0	40.6	36.9	flash	
2026-09-02T18:32:30	0.762	23	30.1667	0.0	46.0	40.6	36.7	160.0	56.0	41.8	36.8	flash	
2026-09-02T18:33:00	0.663	20	30.1667	20.0	40.0	40.2	36.7	100.0	54.0	41.4	36.8	flash	
2026-09-02T18:33:30	0.994	30	30.1667	40.0	60.0	43.0	37.0	160.0	60.0	43.0	37.0	flash	
2026-09-02T18:34:00	0.398	12	30.1667	60.0	24.0	41.6	36.8	60.0	60.0	43.0	37.0	flash	
2026-09-02T18:34:30	0.789	23	29.1611	40.0	52.0	42.0	36.9	240.0	52.0	42.6	36.9	flash	
2026-09-02T18:35:00	0.365	11	30.1667	20.0	22.0	39.2	36.9	80.0	52.0	42.4	37.0	flash	
2026-09-02T18:35:30	0.464	14	30.1667	20.0	28.0	37.2	36.8	140.0	32.0	39.6	37.1	flash	
2026-09-02T18:36:00	0.762	23	30.1667	20.0	46.0	39.4	36.9	100.0	48.0	39.4	37.0	flash	
2026-09-02T18:36:30	0.431	13	30.1667	0.0	26.0	37.8	36.8	80.0	50.0	39.8	37.1	flash	
2026-09-02T18:37:00	0.630	19	30.1667	20.0	38.0	37.6	36.9	100.0	38.0	39.0	37.1	flash	
2026-09-02T18:37:30	0.652	19	29.1611	20.0	38.0	36.8	36.9	120.0	48.0	39.2	37.0	flash	
2026-09-02T18:38:00	0.862	26	30.1667	20.0	52.0	38.0	37.1	200.0	60.0	38.8	37.1	flash	
2026-09-02T18:38:30	0.365	11	30.1667	0.0	22.0	34.4	36.8	100.0	52.0	38.2	37.1	flash	
2026-09-02T18:39:00	0.862	26	30.1667	0.0	52.0	37.6	36.9	280.0	58.0	37.6	37.1	flash	
2026-09-02T18:39:30	1.160	35	30.1667	80.0	70.0	39.4	37.5	180.0	70.0	40.2	37.5	flash	
2026-09-02T18:40:00	0.597	18	30.1667	60.0	36.0	40.8	37.6	100.0	76.0	41.0	37.7	flash	
2026-09-02T18:40:30	0.926	27	29.1611	20.0	54.0	43.6	37.8	100.0	60.0	43.6	37.8	flash	
2026-09-02T18:41:00	0.497	15	30.1667	20.0	30.0	41.8	37.6	100.0	54.0	43.6	37.8	flash	
2026-09-02T18:41:30	0.464	14	30.1667	100.0	28.0	42.0	37.4	100.0	42.0	43.0	37.7	flash	
2026-09-02T18:42:00	0.762	23	30.1667	40.0	46.0	42.8	37.5	160.0	52.0	42.8	37.5	flash	
2026-09-02T18:42:30	0.762	23	30.1667	40.0	46.0	43.6	37.8	160.0	74.0	44.4	37.8	flash	
2026-09-02T18:43:00	0.696	21	30.1667	40.0	42.0	42.6	37.8	120.0	42.0	44.0	37.9	flash	
2026-09-02T18:43:30	0.549	16	29.1611	200.0	34.0	43.6	37.7	200.0	46.0	43.6	37.7	flash	
2026-09-02T18:44:00	0.597	18	30.1667	20.0	36.0	42.0	37.8	100.0	54.0	44.4	37.8	flash	
2026-09-02T18:44:30	0.265	8	30.1667	20.0	16.0	37.0	37.6	40.0	36.0	42.2	37.8	flash	
2026-09-02T18:45:00	0.862	26	30.1667	200.0	52.0	38.2	37.8	200.0	52.0	38.2	37.8	flash	
2026-09-02T18:45:30	0.530	16	30.1667	0.0	32.0	36.0	37.8	140.0	56.0	38.6	37.8	flash	
2026-09-02T18:46:00	0.497	15	30.1667	40.0	30.0	36.0	37.9	100.0	48.0	37.6	37.9	flash	
2026-09-02T18:46:30	0.412	12	29.1611	20.0	24.0	36.2	37.8	100.0	30.0	36.4	37.9	flash	
2026-09-02T18:47:00	0.398	12	30.1667	40.0	24.0	33.6	37.6	60.0	34.0	36.6	37.8	flash	
2026-09-02T18:47:30	0.762	23	30.1667	120.0	46.0	33.4	37.8	120.0	46.0	33.8	37.8	flash	
2026-09-02T18:48:00	0.564	17	30.1667	60.0	34.0	32.8	37.9	140.0	44.0	33.8	37.9	flash	
2026-09-02T18:48:30	0.398	12	30.1667	0.0	24.0	31.8	37.5	80.0	40.0	33.8	37.9	flash	
2026-09-02T18:49:00	0.365	11	30.1667	0.0	22.0	30.4	37.5	100.0	38.0	32.0	37.7	flash	
2026-09-02T18:49:30	0.720	21	29.1611	40.0	42.0	33.0	37.5	120.0	42.0	33.0	37.6	flash	
2026-09-02T18:50:00	0.431	13	30.1667	80.0	26.0	31.0	37.5	80.0	42.0	33.2	37.5	flash	
2026-09-02T18:50:30	0.729	22	30.1667	40.0	44.0	31.6	37.5	120.0	48.0	32.6	37.7	flash	
2026-09-02T18:51:00	0.762	23	30.1667	0.0	46.0	33.2	37.7	240.0	52.0	33.6	37.9	flash	
2026-09-02T18:51:30	0.663	20	30.1667	80.0	40.0	34.8	37.7	100.0	58.0	34.8	37.8	flash	
2026-09-02T18:52:00	0.597	18	30.1667	20.0	36.0	36.0	37.7	100.0	44.0	36.4	37.8	flash	
2026-09-02T18:52:30	0.343	10	29.1611	20.0	20.0	34.4	37.3	60.0	40.0	35.6	37.8	flash	
2026-09-02T18:53:00	0.497	15	30.1667	0.0	30.0	33.0	37.2	80.0	32.0	34.2	37.3	flash	
2026-09-02T18:53:30	0.796	24	30.1667	40.0	48.0	35.4	37.4	200.0	50.0	35.4	37.4	flash	
2026-09-02T18:54:00	0.365	11	30.1667	20.0	22.0	35.4	37.0	100.0	50.0	35.6	37.4	flash	
2026-09-02T18:54:30	0.994	30	30.1667	80.0	60.0	37.2	37.1	140.0	62.0	37.6	37.1	flash	
2026-09-02T18:55:00	0.961	29	30.1667	20.0	58.0	40.4	37.4	140.0	64.0	41.0	37.4	flash	
2026-09-02T18:55:30	0.652	19	29.1611	40.0	38.0	39.8	37.5	100.0	60.0	40.6	37.5	flash	
2026-09-02T18:56:00	0.431	13	30.1667	0.0	26.0	37.8	37.5	100.0	40.0	40.6	37.6	flash	
2026-09-02T18:56:30	0.199	6	30.1667	20.0	12.0	35.6	37.1	40.0	30.0	38.2	37.5	flash	
2026-09-02T18:57:00	0.564	17	30.1667	0.0	34.0	34.8	37.1	140.0	38.0	36.4	37.2	flash	
2026-09-02T18:57:30	0.762	23	30.1667	40.0	46.0	37.4	37.2	200.0	46.0	37.4	37.2	flash	
2026-09-02T18:58:00	0.464	14	30.1667	20.0	28.0	37.2	37.3	100.0	56.0	38.2	37.3	flash	
2026-09-02T18:58:30	0.514	15	29.1611	0.0	30.0	35.4	37.4	100.0	36.0	37.6	37.4	flash	
2026-09-02T18:59:00	0.895	27	30.1667	60.0	54.0	38.8	37.2	180.0	54.0	38.8	37.4	flash	
2026-09-02T18:59:30	0.464	14	30.1667	20.0	28.0	35.4	37.1	60.0	58.0	38.6	37.2	flash	
2026-09-02T19:00:00	0.331	10	30.1667	0.0	20.0	31.6	36.9	120.0	28.0	35.6	37.1	flash	
2026-09-02T19:00:30	0.762	23	30.1667	100.0	46.0	32.4	37.0	120.0	46.0	32.4	37.0	flash	
2026-09-02T19:01:00	0.630	19	30.1667	60.0	38.0	33.6	36.8	180.0	46.0	33.6	37.0	flash	
2026-09-02T19:01:30	0.617	18	29.1611	0.0	38.0	36.0	36.7	120.0	54.0	36.4	36.9	flash	
2026-09-02T19:02:00	0.431	13	30.1667	20.0	26.0	35.2	36.5	120.0	36.0	36.4	36.6	flash	
2026-09-02T19:02:30	0.564	17	30.1667	60.0	34.0	34.0	36.4	100.0	36.0	36.6	36.5	flash	
2026-09-02T19:03:00	0.696	21	30.1667	60.0	42.0	35.4	36.4	100.0	48.0	35.6	36.5	flash	
2026-09-02T19:03:30	0.497	15	30.1667	20.0	30.0	35.4	36.6	80.0	40.0	35.6	36.6	flash	
2026-09-02T19:04:00	0.663	20	30.1667	0.0	40.0	34.0	36.7	180.0	52.0	36.6	36.9	flash	
2026-09-02T19:04:30	0.617	18	29.1611	60.0	36.0	34.8	36.7	100.0	48.0	35.0	37.0	flash	
2026-09-02T19:05:00	0.663	20	30.1667	140.0	40.0	36.8	36.6	140.0	40.0	36.8	36.8	flash	
2026-09-02T19:05:30	0.663	20	30.1667	80.0	40.0	37.0	36.7	120.0	54.0	37.4	36.7	flash	
2026-09-02T19:06:00	0.431	13	30.1667	0.0	26.0	35.2	36.8	100.0	44.0	36.8	36.8	flash	
2026-09-02T19:06:30	0.729	22	30.1667	40.0	44.0	35.8	36.9	100.0	48.0	36.4	36.9	flash	
2026-09-02T19:07:00	0.762	23	30.1667	0.0	46.0	37.8	36.9	120.0	50.0	38.4	36.9	flash	
2026-09-02T19:07:30	0.377	11	29.1611	0.0	22.0	37.2	36.8	80.0	46.0	38.4	37.0	flash	
2026-09-02T19:08:00	0.630	19	30.1667	80.0	38.0	36.2	37.0	160.0	38.0	36.8	37.0	flash	
2026-09-02T19:08:30	0.762	23	30.1667	20.0	46.0	37.8	37.0	140.0	66.0	38.8	37.3	flash	
2026-09-02T19:09:00	0.398	12	30.1667	20.0	24.0	36.2	36.6	140.0	46.0	38.8	37.0	flash	
2026-09-02T19:09:30	0.696	21	30.1667	180.0	42.0	36.8	36.6	180.0	42.0	37.0	36.6	flash	
2026-09-02T19:10:00	0.696	21	30.1667	80.0	42.0	37.0	36.8	160.0	54.0	37.6	36.8	flash	
2026-09-02T19:10:30	1.063	31	29.1611	40.0	66.0	39.8	37.1	200.0	76.0	40.0	37.2	flash	
2026-09-02T19:11:00	0.464	14	30.1667	60.0	28.0	39.4	36.8	80.0	62.0	39.6	37.1	flash	
2026-09-02T19:11:30	1.061	32	30.1667	0.0	64.0	41.4	37.2	160.0	72.0	42.6	37.2	flash	
2026-09-02T19:12:00	0.431	13	30.1667	20.0	26.0	39.4	37.1	60.0	66.0	41.8	37.2	flash	
2026-09-02T19:12:30	0.497	15	30.1667	40.0	30.0	40.2	36.9	100.0	32.0	40.2	37.0	flash	
2026-09-02T19:13:00	0.994	30	30.1667	100.0	60.0	42.4	37.2	180.0	60.0	42.6	37.2	flash	
2026-09-02T19:13:30	0.789	23	29.1611	0.0	50.0	42.4	37.4	200.0	68.0	42.6	37.4	flash	
2026-09-02T19:14:00	1.028	31	30.1667	140.0	62.0	46.2	37.6	240.0	82.0	46.2	37.6	flash	
2026-09-02T19:14:30	0.928	28	30.1667	120.0	56.0	48.0	37.8	200.0	68.0	49.2	37.8	flash	
2026-09-02T19:15:00	0.796	24	30.1667	60.0	48.0	48.6	38.0	120.0	64.0	49.2	38.0	flash	
2026-09-02T19:15:30	0.564	17	30.1667	80.0	34.0	45.4	38.0	120.0	50.0	48.4	38.0	flash	
2026-09-02T19:16:00	0.762	23	30.1667	180.0	46.0	47.2	38.1	240.0	50.0	47.2	38.1	flash	
2026-09-02T19:16:30	0.754	22	29.1611	60.0	44.0	45.2	38.2	160.0	62.0	47.2	38.2	flash	
2026-09-02T19:17:00	0.696	21	30.1667	20.0	42.0	46.8	38.4	80.0	64.0	47.0	38.5	flash	
2026-09-02T19:17:30	0.530	16	30.1667	0.0	32.0	47.2	38.3	120.0	46.0	49.0	38.6	flash	
2026-09-02T19:18:00	0.497	15	30.1667	0.0	30.0	44.4	38.2	140.0	38.0	48.4	38.3	flash	
2026-09-02T19:18:30	0.464	14	30.1667	0.0	28.0	42.2	38.1	200.0	40.0	45.0	38.2	flash	
2026-09-02T19:19:00	0.464	14	30.1667	0.0	28.0	38.8	38.0	140.0	46.0	42.6	38.2	flash	
2026-09-02T19:19:30	1.097	32	29.1611	40.0	64.0	39.8	38.2	260.0	64.0	41.8	38.2	flash	
2026-09-02T19:20:00	0.895	27	30.1667	0.0	54.0	40.2	38.3	140.0	88.0	42.2	38.4	flash	
2026-09-02T19:20:30	0.630	19	30.1667	20.0	38.0	41.0	38.2	140.0	56.0	42.4	38.3	flash	
2026-09-02T19:21:00	0.331	10	30.1667	0.0	20.0	38.0	38.1	140.0	38.0	40.8	38.2	flash	
2026-09-02T19:21:30	0.862	26	30.1667	0.0	52.0	38.8	38.2	140.0	52.0	40.4	38.3	flash	
2026-09-02T19:22:00	0.365	11	30.1667	0.0	22.0	36.8	38.1	80.0	52.0	38.8	38.2	flash	
2026-09-02T19:22:30	0.652	19	29.1611	60.0	38.0	37.4	38.0	140.0	38.0	38.0	38.2	flash	
2026-09-02T19:23:00	0.365	11	30.1667	20.0	22.0	36.6	37.8	140.0	38.0	37.4	38.0	flash	
2026-09-02T19:23:30	0.597	18	30.1667	40.0	36.0	37.4	37.6	120.0	36.0	37.6	37.8	flash	
2026-09-02T19:24:00	1.028	31	30.1667	180.0	62.0	40.8	38.0	200.0	66.0	40.8	38.0	flash	
2026-09-02T19:24:30	0.331	10	30.1667	0.0	20.0	36.4	37.7	120.0	68.0	41.0	38.0	flash	
2026-09-02T19:25:00	0.796	24	30.1667	80.0	48.0	35.8	37.9	120.0	48.0	37.0	37.9	flash	
2026-09-02T19:25:30	0.617	18	29.1611	40.0	40.0	35.8	38.0	120.0	54.0	37.0	38.0	flash	
2026-09-02T19:26:00	0.663	20	30.1667	40.0	40.0	37.6	38.0	100.0	46.0	37.6	38.1	flash	
2026-09-02T19:26:30	0.298	9	30.1667	0.0	18.0	34.2	37.9	80.0	40.0	37.6	38.0	flash	
2026-09-02T19:27:00	0.564	17	30.1667	20.0	34.0	35.4	37.8	100.0	34.0	35.4	37.9	flash	
2026-09-02T19:27:30	0.597	18	30.1667	20.0	36.0	35.2	37.8	80.0	44.0	35.8	37.9	flash	
2026-09-02T19:28:00	0.398	12	30.1667	0.0	24.0	35.4	37.5	80.0	34.0	35.8	37.9	flash	
2026-09-02T19:28:30	0.514	15	29.1611	0.0	30.0	34.8	37.6	120.0	42.0	37.2	37.7	flash	
2026-09-02T19:29:00	0.630	19	30.1667	60.0	38.0	32.4	37.5	100.0	38.0	35.8	37.7	flash	
2026-09-02T19:29:30	0.597	18	30.1667	40.0	36.0	34.0	37.2	120.0	52.0	34.2	37.6	flash	
2026-09-02T19:30:00	1.094	33	30.1667	20.0	66.0	36.2	37.4	200.0	70.0	37.0	37.5	flash	
2026-09-02T19:30:30	0.265	8	30.1667	0.0	16.0	33.8	37.1	60.0	70.0	36.2	37.5	flash	
2026-09-02T19:31:00	0.464	14	30.1667	0.0	28.0	32.6	37.0	140.0	28.0	34.4	37.2	flash	
2026-09-02T19:31:30	0.893	26	29.1222	0.0	52.0	36.0	37.3	220.0	58.0	36.0	37.4	flash	
2026-09-02T19:32:00	0.700	21	30	20.0	42.0	36.8	37.3	220.0	54.0	37.2	37.3	flash	
2026-09-02T19:32:30	0.833	25	30	100.0	50.0	38.2	37.3	140.0	70.0	38.6	37.3	flash	
2026-09-02T19:33:00	1.333	40	30	60.0	80.0	43.8	37.7	280.0	90.0	43.8	37.7	flash	
2026-09-02T19:33:30	2.267	68	30	280.0	136.0	54.4	38.8	300.0	136.0	54.4	38.8	flash	
2026-09-02T19:34:00	1.333	40	30	20.0	80.0	59.2	39.2	380.0	150.0	59.8	39.2	flash	
2026-09-02T19:34:30	2.530	76	30.0389	220.0	152.0	70.4	40.5	360.0	152.0	70.6	40.5	flash	
2026-09-02T19:35:00	0.365	11	30.1667	60.0	22.0	65.8	40.3	120.0	132.0	71.2	40.6	flash	
2026-09-02T19:35:30	1.061	32	30.1667	60.0	64.0	70.6	40.5	320.0	66.0	70.6	40.6	flash	
2026-09-02T19:36:00	0.663	20	30.1667	60.0	40.0	71.8	40.6	180.0	78.0	72.8	40.7	flash	
2026-09-02T19:36:30	0.762	23	30.1667	80.0	46.0	71.2	40.8	140.0	46.0	71.8	40.8	flash	
2026-09-02T19:37:00	0.564	17	30.1667	140.0	34.0	70.4	40.9	180.0	56.0	72.4	41.0	flash	
2026-09-02T19:37:30	0.240	7	29.1611	60.0	16.0	66.8	40.7	60.0	28.0	70.0	40.9	flash	
2026-09-02T19:38:00	0.696	21	30.1667	0.0	42.0	63.0	40.7	160.0	48.0	67.4	40.9	flash	
2026-09-02T19:38:30	0.398	12	30.1667	0.0	24.0	51.8	40.7	140.0	38.0	63.0	40.7	flash	
2026-09-02T19:39:00	0.729	22	30.1667	20.0	44.0	48.2	40.9	120.0	56.0	52.0	40.9	flash	
2026-09-02T19:39:30	0.630	19	30.1667	0.0	38.0	36.8	40.9	120.0	58.0	46.8	41.1	flash	
2026-09-02T19:40:00	0.862	26	30.1667	20.0	52.0	39.8	41.1	140.0	52.0	40.2	41.2	flash	
2026-09-02T19:40:30	0.583	17	29.1611	20.0	36.0	36.8	41.0	100.0	58.0	40.2	41.2	flash	
2026-09-02T19:41:00	0.365	11	30.1667	0.0	22.0	35.4	40.8	80.0	36.0	36.8	41.1	flash	
2026-09-02T19:41:30	1.028	31	30.1667	0.0	62.0	37.2	41.1	220.0	62.0	38.2	41.1	flash	
2026-09-02T19:42:00	1.094	33	30.1667	140.0	66.0	40.0	41.3	180.0	86.0	40.0	41.3	flash	
2026-09-02T19:42:30	1.525	46	30.1667	300.0	92.0	47.6	42.0	320.0	102.0	48.0	42.0	flash	
2026-09-02T19:43:00	0.331	10	30.1667	0.0	20.0	45.4	41.9	180.0	82.0	47.8	42.1	flash	
2026-09-02T19:43:30	0.583	17	29.1611	40.0	34.0	46.4	41.8	120.0	34.0	47.0	42.0	flash	
2026-09-02T19:44:00	0.762	23	30.1667	140.0	46.0	46.8	42.1	140.0	46.0	47.0	42.1	flash	
2026-09-02T19:44:30	0.497	15	30.1667	20.0	30.0	45.8	41.7	120.0	54.0	46.6	42.0	flash	
2026-09-02T19:45:00	0.663	20	30.1667	100.0	40.0	44.8	41.6	120.0	40.0	45.8	41.7	flash	
2026-09-02T19:45:30	0.564	17	30.1667	0.0	34.0	44.6	41.5	100.0	60.0	45.4	41.7	flash	
2026-09-02T19:46:00	0.298	9	30.1667	40.0	18.0	44.2	41.4	60.0	38.0	44.6	41.5	flash	
2026-09-02T19:46:30	0.343	10	29.1611	0.0	20.0	40.0	41.5	80.0	26.0	44.0	41.6	flash	
2026-09-02T19:47:00	0.696	21	30.1667	180.0	42.0	38.8	41.6	180.0	42.0	40.0	41.6	flash	
2026-09-02T19:47:30	0.729	22	30.1667	80.0	44.0	33.0	41.6	200.0	58.0	38.0	41.7	flash	
2026-09-02T19:48:00	0.663	20	30.1667	20.0	40.0	34.8	41.7	80.0	54.0	34.8	41.8	flash	
2026-09-02T19:48:30	0.398	12	30.1667	20.0	24.0	33.8	41.6	100.0	38.0	35.4	41.7	flash	
2026-09-02T19:49:00	0.564	17	30.1667	60.0	34.0	32.6	41.4	100.0	34.0	34.4	41.7	flash	
2026-09-02T19:49:30	0.892	26	29.1611	100.0	54.0	35.0	41.7	160.0	54.0	35.0	41.7	flash	
2026-09-02T19:50:00	0.365	11	30.1667	0.0	22.0	33.4	41.7	100.0	62.0	36.2	41.8	flash	
2026-09-02T19:50:30	0.530	16	30.1667	20.0	32.0	32.8	41.6	80.0	32.0	33.8	41.7	flash	
2026-09-02T19:51:00	0.530	16	30.1667	40.0	32.0	34.2	41.5	100.0	38.0	34.6	41.7	flash	
2026-09-02T19:51:30	0.862	26	30.1667	0.0	52.0	37.4	41.7	200.0	56.0	37.4	41.7	flash	
2026-09-02T19:52:00	0.564	17	30.1667	40.0	34.0	36.6	41.7	180.0	50.0	38.0	41.8	flash	
2026-09-02T19:52:30	0.549	16	29.1611	20.0	34.0	35.4	41.8	140.0	58.0	37.8	41.9	flash	
2026-09-02T19:53:00	0.564	17	30.1667	0.0	34.0	35.0	41.6	120.0	36.0	35.8	41.8	flash	
2026-09-02T19:53:30	0.564	17	30.1667	0.0	34.0	35.8	41.7	140.0	42.0	36.2	41.8	flash	
2026-09-02T19:54:00	0.663	20	30.1667	20.0	40.0	36.6	41.7	120.0	44.0	37.4	41.8	flash	
2026-09-02T19:54:30	0.530	16	30.1667	180.0	32.0	34.4	41.6	180.0	46.0	37.4	41.8	flash	
2026-09-02T19:55:00	0.564	17	30.1667	20.0	34.0	35.6	41.6	180.0	50.0	35.8	41.7	flash	
2026-09-02T19:55:30	0.720	21	29.1611	20.0	42.0	36.6	41.7	140.0	52.0	37.6	41.7	flash	
2026-09-02T19:56:00	0.497	15	30.1667	40.0	30.0	36.4	41.6	100.0	44.0	37.6	41.7	flash	
2026-09-02T19:56:30	0.298	9	30.1667	20.0	18.0	33.0	41.4	100.0	32.0	36.6	41.6	flash	
2026-09-02T19:57:00	0.762	23	30.1667	0.0	46.0	34.4	41.4	120.0	48.0	34.8	41.4	flash	
2026-09-02T19:57:30	1.392	42	30.1667	240.0	84.0	39.4	42.0	240.0	84.0	39.4	42.0	flash	
2026-09-02T19:58:00	1.956	59	30.1667	120.0	118.0	47.8	42.8	420.0	146.0	47.8	42.8	flash	
2026-09-02T19:58:30	1.459	44	30.1667	0.0	88.0	53.2	43.2	440.0	136.0	53.4	43.2	flash	
2026-09-02T19:59:00	1.724	50	29	20.0	100.0	59.4	44.0	360.0	122.0	59.4	44.0	flash	
2026-09-02T19:59:30	1.300	39	30	20.0	78.0	64.0	44.4	320.0	114.0	65.4	44.5	flash	
2026-09-02T20:00:00	0.767	23	30	0.0	46.0	65.0	44.4	220.0	80.0	66.2	44.6	flash	
2026-09-02T20:00:30	1.433	43	30	20.0	86.0	69.4	44.6	460.0	112.0	70.6	45.0	flash	
2026-09-02T20:01:00	2.100	63	30	440.0	126.0	79.2	45.6	500.0	128.0	79.4	45.7	flash	
2026-09-02T20:01:30	1.900	57	30	100.0	114.0	88.6	46.1	460.0	168.0	88.6	46.2	flash	
2026-09-02T20:02:00	2.022	61	30.1611	20.0	122.0	96.2	47.1	380.0	132.0	96.8	47.1	flash	
2026-09-02T20:02:30	2.320	70	30.1667	40.0	140.0	102.6	48.2	600.0	146.0	105.4	48.2	flash	
2026-09-02T20:03:00	1.591	48	30.1667	0.0	96.0	100.6	48.6	320.0	168.0	105.2	48.7	flash	
2026-09-02T20:03:30	0.298	9	30.1667	20.0	18.0	92.6	48.2	60.0	84.0	99.6	48.6	flash	
2026-09-02T20:04:00	1.160	35	30.1667	0.0	70.0	89.6	48.3	280.0	72.0	92.8	48.5	flash	
2026-09-02T20:04:30	0.597	18	30.1667	60.0	36.0	85.4	48.1	100.0	70.0	89.8	48.3	flash	
2026-09-02T20:05:00	0.549	16	29.1611	0.0	32.0	84.0	48.0	80.0	42.0	85.8	48.2	flash	
2026-09-02T20:05:30	0.729	22	30.1667	20.0	44.0	79.8	48.1	140.0	44.0	81.8	48.2	flash	
2026-09-02T20:06:00	0.431	13	30.1667	60.0	26.0	69.8	47.9	140.0	44.0	79.8	48.1	flash	
2026-09-02T20:06:30	0.895	27	30.1667	20.0	54.0	63.8	48.0	200.0	68.0	70.4	48.2	flash	
2026-09-02T20:07:00	0.564	17	30.1667	0.0	34.0	55.0	47.9	120.0	58.0	64.0	48.0	flash	
2026-09-02T20:07:30	0.895	27	30.1667	20.0	54.0	46.4	48.1	140.0	54.0	55.2	48.1	flash	
2026-09-02T20:08:00	0.652	19	29.1611	0.0	38.0	40.6	48.2	160.0	56.0	45.4	48.2	flash	
2026-09-02T20:08:30	0.597	18	30.1667	0.0	36.0	42.4	48.3	160.0	60.0	42.6	48.3	flash	
2026-09-02T20:09:00	0.829	25	30.1667	40.0	50.0	40.4	48.5	100.0	50.0	42.8	48.5	flash	
2026-09-02T20:09:30	0.762	23	30.1667	20.0	46.0	41.4	48.3	200.0	64.0	42.2	48.7	flash	
2026-09-02T20:10:00	1.094	33	30.1667	100.0	66.0	44.8	48.4	200.0	66.0	44.8	48.4	flash	
2026-09-02T20:10:30	0.564	17	30.1667	40.0	34.0	43.8	48.4	120.0	62.0	44.8	48.4	flash	
2026-09-02T20:11:00	0.926	27	29.1611	120.0	54.0	46.8	48.7	140.0	54.0	47.0	48.7	flash	
2026-09-02T20:11:30	0.331	10	30.1667	0.0	20.0	43.2	48.4	60.0	58.0	46.8	48.8	flash	
2026-09-02T20:12:00	0.663	20	30.1667	0.0	40.0	43.8	48.6	160.0	40.0	44.2	48.6	flash	
2026-09-02T20:12:30	0.994	30	30.1667	40.0	60.0	44.4	48.8	140.0	62.0	45.6	48.9	flash	
2026-09-02T20:13:00	0.696	21	30.1667	40.0	42.0	44.8	49.0	160.0	62.0	46.4	49.0	flash	
2026-09-02T20:13:30	0.762	23	30.1667	40.0	46.0	45.8	49.1	200.0	56.0	47.2	49.2	flash	
2026-09-02T20:14:00	0.514	15	29.1611	0.0	32.0	43.8	48.8	120.0	48.0	46.6	49.3	flash	
2026-09-02T20:14:30	0.696	21	30.1667	0.0	42.0	43.4	49.0	200.0	44.0	45.4	49.0	flash	
2026-09-02T20:15:00	0.530	16	30.1667	0.0	32.0	40.4	48.9	160.0	42.0	43.6	49.1	flash	
2026-09-02T20:15:30	0.630	19	30.1667	0.0	38.0	40.4	48.9	160.0	42.0	42.0	49.0	flash	
2026-09-02T20:16:00	0.464	14	30.1667	20.0	28.0	37.8	48.7	100.0	46.0	41.4	48.9	flash	
2026-09-02T20:16:30	0.597	18	30.1667	0.0	36.0	39.4	48.9	120.0	38.0	40.0	48.9	flash	
2026-09-02T20:17:00	0.720	21	29.1611	0.0	42.0	39.6	49.0	160.0	42.0	40.2	49.1	flash	
2026-09-02T20:17:30	0.431	13	30.1667	0.0	26.0	36.4	48.9	100.0	42.0	39.6	49.0	flash	
2026-09-02T20:18:00	0.829	25	30.1667	40.0	50.0	37.2	49.2	140.0	50.0	37.2	49.2	flash	
2026-09-02T20:18:30	0.597	18	30.1667	0.0	36.0	36.2	49.2	140.0	60.0	37.4	49.2	flash	
2026-09-02T20:19:00	0.597	18	30.1667	40.0	36.0	36.6	49.2	180.0	56.0	37.4	49.4	flash	
2026-09-02T20:19:30	0.928	28	30.1667	180.0	56.0	38.0	49.4	180.0	56.0	38.0	49.4	flash	
2026-09-02T20:20:00	0.309	9	29.1611	60.0	24.0	36.6	48.9	160.0	62.0	38.8	49.4	flash	
2026-09-02T20:20:30	0.829	25	30.1667	160.0	50.0	37.8	49.3	220.0	50.0	38.6	49.3	flash	
2026-09-02T20:21:00	0.166	5	30.1667	0.0	10.0	36.2	49.1	160.0	50.0	37.8	49.3	flash	
2026-09-02T20:21:30	0.729	22	30.1667	60.0	44.0	36.8	49.0	140.0	44.0	36.8	49.1	flash	
2026-09-02T20:22:00	0.597	18	30.1667	0.0	36.0	36.2	48.9	140.0	58.0	38.2	49.2	flash	
2026-09-02T20:22:30	0.232	7	30.1667	20.0	14.0	35.0	48.6	80.0	36.0	36.4	48.9	flash	
2026-09-02T20:23:00	0.994	29	29.1611	80.0	60.0	36.0	48.4	140.0	60.0	36.6	48.8	flash	
2026-09-02T20:23:30	0.762	23	30.1667	0.0	46.0	36.8	47.5	140.0	68.0	37.8	48.4	flash	
2026-09-02T20:24:00	0.564	17	30.1667	20.0	34.0	36.8	47.0	200.0	48.0	37.0	47.5	flash	
2026-09-02T20:24:30	0.530	16	30.1667	80.0	32.0	34.8	45.8	160.0	36.0	36.8	46.8	flash	
2026-09-02T20:25:00	0.431	13	30.1667	20.0	26.0	35.0	45.8	100.0	42.0	35.4	45.9	flash	
2026-09-02T20:25:30	0.431	13	30.1667	0.0	26.0	32.6	45.5	80.0	34.0	35.6	45.9	flash	
2026-09-02T20:26:00	0.206	6	29.1611	0.0	12.0	32.8	45.2	40.0	24.0	33.0	45.3	flash	
2026-09-02T20:26:30	0.762	23	30.1667	20.0	46.0	33.2	45.2	120.0	46.0	33.6	45.3	flash	
2026-09-02T20:27:00	0.630	19	30.1667	0.0	38.0	33.2	45.2	120.0	56.0	33.4	45.4	flash	
2026-09-02T20:27:30	0.630	19	30.1667	60.0	38.0	35.8	45.5	100.0	38.0	35.8	45.5	flash	
2026-09-02T20:28:00	0.630	19	30.1667	20.0	38.0	33.6	45.4	160.0	44.0	35.6	45.5	flash	
2026-09-02T20:28:30	0.630	19	30.1667	60.0	38.0	32.8	45.6	120.0	52.0	33.8	45.6	flash	
2026-09-02T20:29:00	0.413	12	29.05	0.0	24.0	32.0	45.4	80.0	44.0	33.8	45.6	flash	
2026-09-02T20:29:30	0.767	23	30	40.0	46.0	33.4	45.4	200.0	46.0	34.6	45.4	flash	
2026-09-02T20:30:00	0.567	17	30	20.0	34.0	34.0	45.3	100.0	50.0	34.2	45.5	flash	
2026-09-02T20:30:30	0.367	11	30	20.0	22.0	33.6	45.1	80.0	34.0	34.0	45.3	flash	
2026-09-02T20:31:00	0.567	17	30	0.0	34.0	35.8	45.3	200.0	44.0	36.2	45.3	flash	
2026-09-02T20:31:30	0.600	18	30	80.0	36.0	34.8	45.0	160.0	56.0	38.2	45.4	flash	
2026-09-02T20:32:00	0.897	27	30.1111	100.0	54.0	36.4	45.0	140.0	54.0	36.4	45.1	flash	
2026-09-02T20:32:30	0.530	16	30.1667	20.0	32.0	36.2	44.3	140.0	64.0	37.6	44.9	flash	
2026-09-02T20:33:00	0.630	19	30.1667	20.0	38.0	36.0	44.5	100.0	42.0	37.2	44.5	flash	
2026-09-02T20:33:30	0.597	18	30.1667	80.0	36.0	35.6	44.5	100.0	38.0	36.0	44.5	flash	
2026-09-02T20:34:00	0.696	21	30.1667	20.0	42.0	37.4	44.4	140.0	56.0	37.4	44.7	flash	
2026-09-02T20:34:30	0.928	28	30.1667	20.0	56.0	38.4	44.7	160.0	60.0	39.2	44.7	flash	
2026-09-02T20:35:00	0.752	22	29.2667	100.0	44.0	39.4	44.8	220.0	58.0	39.4	44.8	flash	
2026-09-02T20:35:30	0.923	28	30.3333	80.0	56.0	42.8	45.0	180.0	80.0	42.8	45.0	flash	
2026-09-02T20:36:00	0.692	21	30.3333	0.0	42.0	43.6	45.2	140.0	58.0	44.4	45.3	flash	
2026-09-02T20:36:30	0.307	9	29.3222	0.0	18.0	41.8	45.2	60.0	40.0	43.6	45.2	flash	
2026-09-02T20:37:00	0.495	15	30.3333	120.0	30.0	39.4	45.1	120.0	30.0	41.8	45.2	flash	
2026-09-02T20:37:30	0.692	21	30.3333	80.0	42.0	40.4	45.0	120.0	48.0	40.4	45.1	flash	
2026-09-02T20:38:00	0.343	10	29.1333	0.0	26.0	38.6	44.9	160.0	52.0	41.0	45.1	flash	
2026-09-02T20:38:30	0.533	16	30	60.0	32.0	39.0	44.9	140.0	32.0	39.4	44.9	flash	
2026-09-02T20:39:00	0.367	11	30	80.0	22.0	36.2	44.8	80.0	36.0	38.6	44.9	flash	
2026-09-02T20:39:30	0.533	16	30	20.0	32.0	33.8	44.6	100.0	38.0	36.6	44.9	flash	
2026-09-02T20:40:00	0.767	23	30	60.0	46.0	34.6	44.8	120.0	56.0	37.2	44.9	flash	
2026-09-02T20:40:30	0.700	21	30	20.0	42.0	32.6	44.9	140.0	46.0	34.4	45.1	flash	
2026-09-02T20:41:00	0.698	21	30.0944	60.0	42.0	32.6	45.0	120.0	44.0	33.0	45.1	flash	
2026-09-02T20:41:30	0.431	13	30.1667	0.0	26.0	33.4	44.8	120.0	54.0	34.4	45.1	flash	
2026-09-02T20:42:00	0.464	14	30.1667	40.0	28.0	34.2	44.7	100.0	28.0	34.4	44.8	flash	
2026-09-02T20:42:30	0.398	12	30.1667	0.0	24.0	32.0	44.6	160.0	42.0	33.8	44.7	flash	
2026-09-02T20:43:00	0.530	16	30.1667	60.0	32.0	32.6	44.6	80.0	38.0	32.6	44.8	flash	
2026-09-02T20:43:30	0.961	29	30.1667	0.0	58.0	35.2	44.9	200.0	64.0	36.0	44.9	flash	
2026-09-02T20:44:00	0.549	16	29.1611	40.0	32.0	36.2	44.8	160.0	68.0	36.8	44.9	flash	
2026-09-02T20:44:30	0.431	13	30.1667	20.0	26.0	35.6	44.7	100.0	34.0	36.6	44.9	flash	
2026-09-02T20:45:00	0.663	20	30.1667	100.0	40.0	35.0	44.8	100.0	40.0	35.0	44.8	flash	
2026-09-02T20:45:30	0.630	19	30.1667	20.0	38.0	34.6	44.7	120.0	56.0	36.4	44.9	flash	
2026-09-02T20:46:00	0.365	11	30.1667	20.0	22.0	32.6	44.7	80.0	36.0	34.8	44.7	flash	
2026-09-02T20:46:30	0.331	10	30.1667	0.0	20.0	32.0	44.7	100.0	30.0	33.2	44.8	flash	
2026-09-02T20:47:00	0.549	16	29.1611	0.0	32.0	32.6	44.5	100.0	32.0	33.4	44.7	flash	
2026-09-02T20:47:30	0.530	16	30.1667	0.0	32.0	33.2	44.1	120.0	42.0	33.6	44.6	flash	
2026-09-02T20:48:00	0.762	23	30.1667	0.0	46.0	34.8	43.4	140.0	58.0	35.4	44.2	flash	
2026-09-02T20:48:30	0.696	21	30.1667	0.0	42.0	33.0	42.8	140.0	46.0	35.8	43.4	flash	
2026-09-02T20:49:00	0.630	19	30.1667	0.0	38.0	33.6	42.2	200.0	48.0	34.6	42.8	flash	
2026-09-02T20:49:30	0.696	21	30.1667	20.0	42.0	35.2	41.9	140.0	60.0	35.6	42.3	flash	
2026-09-02T20:50:00	0.514	15	29.1611	20.0	30.0	34.4	41.7	100.0	48.0	36.2	42.0	flash	
2026-09-02T20:50:30	0.331	10	30.1667	180.0	20.0	32.4	41.0	180.0	30.0	34.2	41.5	flash	
2026-09-02T20:51:00	0.729	22	30.1667	80.0	44.0	34.8	40.2	200.0	54.0	34.8	41.1	flash	
2026-09-02T20:51:30	0.564	17	30.1667	0.0	34.0	36.0	39.4	160.0	60.0	36.2	40.2	flash	
2026-09-02T20:52:00	0.895	27	30.1667	20.0	54.0	38.2	38.7	140.0	54.0	38.2	39.4	flash	
2026-09-02T20:52:30	0.497	15	30.1667	120.0	30.0	38.0	37.6	120.0	56.0	38.2	38.7	flash	
2026-09-02T20:53:00	0.549	16	29.1611	60.0	44.0	36.6	37.0	140.0	44.0	37.6	37.5	flash	
2026-09-02T20:53:30	0.530	16	30.1667	20.0	32.0	35.6	37.1	80.0	44.0	37.0	37.2	flash	
2026-09-02T20:54:00	0.663	20	30.1667	120.0	40.0	35.8	36.8	120.0	40.0	36.4	37.1	flash	
2026-09-02T20:54:30	0.762	23	30.1667	20.0	46.0	36.2	36.9	160.0	58.0	36.4	37.0	flash	
2026-09-02T20:55:00	0.431	13	30.1667	20.0	26.0	35.8	36.9	120.0	52.0	37.0	37.0	flash	
2026-09-02T20:55:30	0.564	17	30.1667	0.0	34.0	37.2	36.8	120.0	46.0	39.0	37.0	flash	
2026-09-02T20:56:00	0.583	17	29.1611	100.0	34.0	37.0	36.9	140.0	34.0	37.2	36.9	flash	
2026-09-02T20:56:30	0.597	18	30.1667	80.0	36.0	36.4	36.7	120.0	48.0	36.8	37.0	flash	
2026-09-02T20:57:00	0.663	20	30.1667	60.0	40.0	35.0	36.7	140.0	46.0	37.4	36.8	flash	
2026-09-02T20:57:30	0.663	20	30.1667	40.0	40.0	37.2	36.6	280.0	42.0	37.2	36.7	flash	
2026-09-02T20:58:00	0.630	19	30.1667	220.0	38.0	36.6	36.6	220.0	46.0	36.8	36.6	flash	
2026-09-02T20:58:30	0.597	18	30.1667	80.0	36.0	37.0	36.6	140.0	54.0	37.0	36.6	flash	
2026-09-02T20:59:00	0.583	17	29.1611	0.0	34.0	37.4	36.4	120.0	50.0	38.8	36.7	flash	
2026-09-02T20:59:30	0.829	25	30.1667	20.0	50.0	36.8	36.5	140.0	52.0	38.0	36.6	flash	
2026-09-02T21:00:00	0.796	24	30.1667	0.0	48.0	39.0	36.3	220.0	52.0	39.8	36.5	flash	
2026-09-02T21:00:30	0.365	11	30.1667	0.0	22.0	37.8	36.2	100.0	52.0	39.2	36.4	flash	
2026-09-02T21:01:00	0.597	18	30.1667	0.0	36.0	38.0	36.0	240.0	40.0	40.4	36.2	flash	
2026-09-02T21:01:30	0.862	26	30.1667	40.0	52.0	39.6	36.3	180.0	52.0	40.4	36.3	flash	
2026-09-02T21:02:00	0.583	17	29.1611	0.0	36.0	39.4	36.3	80.0	58.0	39.8	36.3	flash	
2026-09-02T21:02:30	0.961	29	30.1667	100.0	58.0	41.0	36.3	140.0	58.0	42.8	36.3	flash	
2026-09-02T21:03:00	0.497	15	30.1667	0.0	30.0	40.0	36.1	140.0	70.0	42.4	36.3	flash	
2026-09-02T21:03:30	0.895	27	30.1667	160.0	54.0	41.8	36.2	160.0	54.0	42.2	36.2	flash	
2026-09-02T21:04:00	0.232	7	30.1667	20.0	14.0	39.8	36.0	80.0	54.0	41.8	36.2	flash	
2026-09-02T21:04:30	0.597	18	30.1667	60.0	36.0	38.4	36.0	160.0	36.0	39.8	36.0	flash	
2026-09-02T21:05:00	0.652	19	29.1611	0.0	40.0	37.4	36.0	200.0	48.0	39.8	36.2	flash	
2026-09-02T21:05:30	0.729	22	30.1667	40.0	44.0	39.6	36.1	120.0	48.0	39.6	36.2	flash	
2026-09-02T21:06:00	0.530	16	30.1667	20.0	32.0	39.2	36.2	120.0	48.0	40.4	36.2	flash	
2026-09-02T21:06:30	0.630	19	30.1667	0.0	38.0	38.0	36.2	100.0	42.0	39.8	36.2	flash	
2026-09-02T21:07:00	0.564	17	30.1667	20.0	34.0	37.8	36.1	120.0	42.0	38.4	36.2	flash	
2026-09-02T21:07:30	0.464	14	30.1667	20.0	28.0	34.8	36.1	220.0	32.0	37.8	36.2	flash	
2026-09-02T21:08:00	0.583	17	29.1611	20.0	34.0	35.2	36.0	220.0	54.0	35.6	36.2	flash	
2026-09-02T21:08:30	0.597	18	30.1667	0.0	36.0	33.8	35.9	120.0	38.0	35.4	36.0	flash	
2026-09-02T21:09:00	0.961	29	30.1667	20.0	58.0	37.8	36.2	120.0	60.0	37.8	36.2	flash	
2026-09-02T21:09:30	0.398	12	30.1667	0.0	24.0	36.8	35.9	80.0	58.0	38.8	36.3	flash	
2026-09-02T21:10:00	0.597	18	30.1667	20.0	36.0	36.4	36.0	140.0	40.0	36.8	36.1	flash	
2026-09-02T21:10:30	0.365	11	30.1667	20.0	22.0	34.2	35.7	160.0	36.0	36.4	36.0	flash	
2026-09-02T21:11:00	0.994	29	29.1611	20.0	58.0	37.0	36.2	160.0	68.0	37.4	36.2	flash	
2026-09-02T21:11:30	0.663	20	30.1667	60.0	40.0	37.0	36.2	80.0	66.0	38.0	36.4	flash	
2026-09-02T21:12:00	0.497	15	30.1667	40.0	30.0	36.8	36.1	100.0	38.0	37.8	36.2	flash	
2026-09-02T21:12:30	1.127	34	30.1667	20.0	68.0	40.6	36.7	140.0	70.0	41.2	36.7	flash	
2026-09-02T21:13:00	0.729	22	30.1667	80.0	44.0	41.6	36.5	100.0	66.0	41.8	36.7	flash	
2026-09-02T21:13:30	0.696	21	30.1667	20.0	42.0	42.2	36.5	160.0	58.0	43.8	36.5	flash	
2026-09-02T21:14:00	0.515	15	29.1278	60.0	30.0	39.6	36.5	100.0	40.0	42.2	36.5	flash	
2026-09-02T21:14:30	0.333	10	30	0.0	20.0	39.0	36.3	80.0	40.0	39.8	36.5	flash	
2026-09-02T21:15:00	0.233	7	30	20.0	14.0	37.0	36.2	80.0	20.0	39.8	36.3	flash	
2026-09-02T21:15:30	0.633	19	30	0.0	38.0	38.4	36.3	100.0	40.0	40.2	36.4	flash	
2026-09-02T21:16:00	0.700	21	30	20.0	42.0	36.8	36.6	120.0	42.0	39.0	36.6	flash	
2026-09-02T21:16:30	0.700	21	30	140.0	42.0	37.6	36.6	140.0	42.0	37.6	36.7	flash	
2026-09-02T21:17:00	0.166	5	30.0333	20.0	10.0	35.2	36.3	160.0	44.0	37.2	36.6	flash	
2026-09-02T21:17:30	0.762	23	30.1667	140.0	46.0	33.0	36.4	180.0	46.0	35.8	36.5	flash	
2026-09-02T21:18:00	0.431	13	30.1667	0.0	26.0	31.2	36.3	140.0	50.0	33.2	36.4	flash	
2026-09-02T21:18:30	0.663	20	30.1667	0.0	40.0	30.8	36.3	120.0	40.0	31.2	36.4	flash	
2026-09-02T21:19:00	0.530	16	30.1667	20.0	32.0	31.0	36.4	160.0	42.0	32.2	36.4	flash	
2026-09-02T21:19:30	0.762	23	30.1667	40.0	46.0	33.6	36.4	140.0	50.0	33.8	36.5	flash	
2026-09-02T21:20:00	0.788	23	29.1889	80.0	48.0	36.8	36.5	180.0	56.0	36.8	36.5	flash	
2026-09-02T21:20:30	0.890	27	30.3333	0.0	54.0	38.4	36.8	180.0	62.0	38.4	36.9	flash	
2026-09-02T21:21:00	1.055	32	30.3333	40.0	64.0	40.6	37.1	200.0	78.0	40.6	37.1	flash	
2026-09-02T21:21:30	0.614	18	29.3222	20.0	36.0	40.0	37.1	140.0	66.0	42.0	37.2	flash	
2026-09-02T21:22:00	0.462	14	30.3333	80.0	28.0	41.8	36.8	80.0	40.0	41.8	37.1	flash	
2026-09-02T21:22:30	0.593	18	30.3333	60.0	36.0	40.8	36.9	160.0	40.0	42.2	36.9	flash	
2026-09-02T21:23:00	0.785	23	29.2889	20.0	50.0	42.8	37.0	120.0	68.0	43.2	37.0	flash	
2026-09-02T21:23:30	0.933	28	30	40.0	56.0	44.4	37.2	160.0	56.0	44.4	37.3	flash	
2026-09-02T21:24:00	0.467	14	30	0.0	28.0	44.0	37.0	180.0	56.0	45.0	37.2	flash	
2026-09-02T21:24:30	0.667	20	30	20.0	40.0	43.6	36.9	220.0	48.0	45.0	37.0	flash	
2026-09-02T21:25:00	0.533	16	30	20.0	32.0	42.2	36.8	120.0	48.0	43.6	37.0	flash	
2026-09-02T21:25:30	0.467	14	30	40.0	28.0	39.4	36.5	100.0	36.0	43.2	36.7	flash	
2026-09-02T21:26:00	0.633	19	30.0167	0.0	38.0	36.8	36.4	160.0	42.0	39.4	36.5	flash	
2026-09-02T21:26:30	0.762	23	30.1667	60.0	46.0	37.8	36.7	140.0	46.0	37.8	36.7	flash	
2026-09-02T21:27:00	0.796	24	30.1667	20.0	48.0	40.0	37.0	100.0	62.0	40.6	37.0	flash	
2026-09-02T21:27:30	0.829	25	30.1667	80.0	50.0	41.6	37.0	120.0	50.0	42.6	37.1	flash	
2026-09-02T21:28:00	0.597	18	30.1667	0.0	36.0	40.2	37.1	140.0	54.0	42.0	37.1	flash	
2026-09-02T21:28:30	0.630	19	30.1667	0.0	38.0	38.4	37.2	180.0	46.0	40.2	37.3	flash	
2026-09-02T21:29:00	0.309	9	29.1611	40.0	18.0	37.4	37.1	80.0	38.0	39.0	37.2	flash	
2026-09-02T21:29:30	0.862	26	30.1667	20.0	52.0	38.6	37.3	220.0	54.0	41.2	37.5	flash	
2026-09-02T21:30:00	0.663	20	30.1667	0.0	40.0	39.4	37.3	180.0	56.0	40.2	37.3	flash	
2026-09-02T21:30:30	0.365	11	30.1667	40.0	22.0	38.8	37.1	60.0	40.0	39.6	37.3	flash	
2026-09-02T21:31:00	0.762	23	30.1667	40.0	46.0	39.6	37.1	160.0	46.0	39.6	37.2	flash	
2026-09-02T21:31:30	0.232	7	30.1667	0.0	14.0	36.4	37.0	100.0	40.0	39.6	37.1	flash	
2026-09-02T21:32:00	0.446	13	29.1611	60.0	26.0	34.2	37.0	140.0	26.0	36.4	37.1	flash	
2026-09-02T21:32:30	0.365	11	30.1667	40.0	22.0	32.2	37.0	60.0	38.0	34.2	37.0	flash	
2026-09-02T21:33:00	0.696	21	30.1667	0.0	42.0	32.0	37.1	160.0	48.0	33.2	37.2	flash	
2026-09-02T21:33:30	0.398	12	30.1667	0.0	24.0	30.6	36.7	100.0	48.0	33.0	37.2	flash	
2026-09-02T21:34:00	0.630	19	30.1667	20.0	38.0	32.6	36.8	140.0	38.0	32.8	36.8	flash	
2026-09-02T21:34:30	0.497	15	30.1667	20.0	30.0	30.4	36.8	180.0	46.0	32.6	36.8	flash	
2026-09-02T21:35:00	0.398	4	10.0556	20.0	38.0	30.4	36.7	40.0	38.0	30.8	36.8	flash	
2026-09-02T22:59:30	1.657	5	3.01667									flash	
2026-09-02T23:00:00	1.094	33	30.1667	180.0	66.0			180.0	70.0			flash	
2026-09-02T23:00:30	0.762	23	30.1667	40.0	46.0			220.0	74.0			flash	
2026-09-02T23:01:00	0.762	23	30.1667	0.0	46.0			160.0	64.0			flash	
2026-09-02T23:01:30	0.530	16	30.1667	0.0	32.0			120.0	54.0			flash	
2026-09-02T23:02:00	0.564	17	30.1667	60.0	34.0			160.0	38.0			flash	
2026-09-02T23:02:30	0.617	18	29.1611	0.0	42.0			120.0	54.0			flash	
2026-09-02T23:03:00	0.696	21	30.1667	40.0	42.0			140.0	50.0			flash	
2026-09-02T23:03:30	0.265	8	30.1667	0.0	16.0			60.0	42.0			flash	
2026-09-02T23:04:00	0.663	20	30.1667	0.0	40.0			160.0	44.0			flash	
2026-09-02T23:04:30	0.994	30	30.1667	100.0	60.0	41.8		180.0	60.0	42.4		flash	
2026-09-02T23:05:00	0.530	16	30.1667	0.0	32.0	38.4		120.0	58.0	42.6		flash	
2026-09-02T23:05:30	0.652	19	29.1611	0.0	38.0	37.8		120.0	40.0	38.4		flash	
2026-09-02T23:06:00	0.530	16	30.1667	20.0	32.0	36.2		100.0	46.0	38.0		flash	
2026-09-02T23:06:30	0.298	9	30.1667	0.0	18.0	34.8		100.0	30.0	36.2		flash	
2026-09-02T23:07:00	0.530	16	30.1667	60.0	32.0	35.2		120.0	34.0	36.6		flash	
2026-09-02T23:07:30	0.762	23	30.1667	40.0	46.0	35.6		120.0	50.0	35.6		flash	
2026-09-02T23:08:00	0.597	18	30.1667	20.0	36.0	35.0		160.0	48.0	36.6		flash	
2026-09-02T23:08:30	1.097	32	29.1611	120.0	64.0	39.8		200.0	66.0	39.8		flash	
2026-09-02T23:09:00	0.796	24	30.1667	0.0	48.0	40.6		180.0	78.0	41.2		flash	
2026-09-02T23:09:30	0.663	20	30.1667	200.0	40.0	38.6		200.0	48.0	40.6		flash	
2026-09-02T23:10:00	0.530	16	30.1667	20.0	32.0	38.6		140.0	56.0	40.0		flash	
2026-09-02T23:10:30	0.398	12	30.1667	0.0	24.0	37.2		140.0	34.0	40.4		flash	
2026-09-02T23:11:00	0.497	15	30.1667	20.0	30.0	37.0		100.0	30.0	37.8		flash	
2026-09-02T23:11:30	0.663	20	30.1667	20.0	40.0	39.2		140.0	42.0	39.2		flash	
2026-09-02T23:12:00	0.412	12	29.1611	40.0	24.0	38.8		60.0	50.0	39.6		flash	
2026-09-02T23:12:30	0.630	19	30.1667	0.0	38.0	37.6		200.0	44.0	38.4		flash	
2026-09-02T23:13:00	0.895	27	30.1667	40.0	54.0	39.4		120.0	62.0	39.4		flash	
2026-09-02T23:13:30	0.464	14	30.1667	20.0	28.0	35.8		120.0	52.0	39.4		flash	
2026-09-02T23:14:00	0.796	24	30.1667	20.0	48.0	35.8		160.0	48.0	36.8		flash	
2026-09-02T23:14:30	0.497	15	30.1667	0.0	30.0	34.8		120.0	56.0	37.2		flash	
2026-09-02T23:15:00	0.274	8	29.1611	0.0	16.0	33.4		80.0	30.0	34.8		flash	
2026-09-02T23:15:30	0.365	11	30.1667	0.0	22.0	33.0		80.0	22.0	33.4		flash	
2026-09-02T23:16:00	0.431	13	30.1667	0.0	26.0	32.8		120.0	38.0	34.0		flash	
2026-09-02T23:16:30	0.928	28	30.1667	40.0	56.0	34.2		220.0	56.0	34.4		flash	
2026-09-02T23:17:00	0.530	16	30.1667	60.0	32.0	35.0		80.0	62.0	35.0		flash	
2026-09-02T23:17:30	0.696	21	30.1667	20.0	42.0	35.4		160.0	54.0	38.0		flash	
2026-09-02T23:18:00	0.309	9	29.1611	40.0	18.0	31.8		120.0	40.0	35.2		flash	
2026-09-02T23:18:30	0.663	20	30.1667	40.0	40.0	33.0		140.0	46.0	33.2		flash	
2026-09-02T23:19:00	0.928	28	30.1667	40.0	56.0	33.8		140.0	62.0	35.0		flash	
2026-09-02T23:19:30	0.564	17	30.1667	0.0	34.0	34.2		140.0	58.0	34.6		flash	
2026-09-02T23:20:00	0.663	20	30.1667	20.0	40.0	36.6		100.0	48.0	36.6		flash	
2026-09-02T23:20:30	0.530	16	30.1667	0.0	32.0	37.6		160.0	58.0	38.6		flash	
2026-09-02T23:21:00	0.823	24	29.1611	80.0	48.0	39.8		140.0	48.0	39.8		flash	
2026-09-02T23:21:30	0.663	20	30.1667	120.0	40.0	38.2		120.0	52.0	40.4		flash	
2026-09-02T23:22:00	0.928	28	30.1667	100.0	56.0	41.2		120.0	58.0	41.2		flash	
2026-09-02T23:22:30	0.762	23	30.1667	20.0	46.0	41.0		140.0	68.0	41.2		flash	
2026-09-02T23:23:00	0.497	15	30.1667	0.0	30.0	42.2		100.0	42.0	43.6		flash	
2026-09-02T23:23:30	0.663	20	30.1667	40.0	40.0	42.2		140.0	40.0	43.2		flash	
2026-09-02T23:24:00	0.549	16	29.1611	120.0	32.0	40.2		120.0	44.0	41.8		flash	
2026-09-02T23:24:30	0.331	10	30.1667	0.0	20.0	38.4		160.0	44.0	40.4		flash	
2026-09-02T23:25:00	1.028	31	30.1667	100.0	62.0	40.6		180.0	62.0	40.8		flash	
2026-09-02T23:25:30	0.895	27	30.1667	40.0	54.0	42.8		180.0	64.0	42.8		flash	
2026-09-02T23:26:00	0.663	20	30.1667	20.0	40.0	42.0		140.0	62.0	43.2		flash	
2026-09-02T23:26:30	0.895	27	30.1667	0.0	54.0	43.4		160.0	56.0	44.6		flash	
2026-09-02T23:27:00	0.652	19	29.1611	80.0	38.0	42.4		80.0	58.0	43.8		flash	
2026-09-02T23:27:30	0.497	15	30.1667	0.0	30.0	40.0		140.0	44.0	41.8		flash	
2026-09-02T23:28:00	0.829	25	30.1667	20.0	50.0	42.0		140.0	50.0	42.0		flash	
2026-09-02T23:28:30	0.497	15	30.1667	0.0	30.0	41.0		100.0	54.0	43.6		flash	
2026-09-02T23:29:00	0.630	19	30.1667	120.0	38.0	41.6		260.0	38.0	42.6		flash	
2026-09-02T23:29:30	0.696	21	30.1667	20.0	42.0	43.8		140.0	62.0	43.8		flash	
2026-09-02T23:30:00	0.602	18	29.9007	120.0	38.0	41.2		200.0	50.0	43.2		flash	
2026-09-02T23:30:30	0.804	24	29.8343	0.0	48.0	40.6		220.0	68.0	42.2		flash	
2026-09-02T23:31:00	0.369	11	29.8343	40.0	22.0	39.0		140.0	48.0	40.6		flash	
2026-09-02T23:31:30	0.603	18	29.8343	20.0	36.0	37.0		120.0	44.0	40.0		flash	
2026-09-02T23:32:00	0.335	10	29.8343	0.0	20.0	35.2		60.0	40.0	37.6		flash	
2026-09-02T23:32:30	0.168	5	29.8343	20.0	10.0	33.2		40.0	20.0	35.4		flash	
2026-09-02T23:33:00	0.496	15	30.2169	20.0	30.0	31.4		80.0	30.0	33.8		flash	
2026-09-02T23:33:30	0.429	13	30.3333	20.0	26.0	30.8		80.0	34.0	31.4		flash	
2026-09-02T23:34:00	1.022	31	30.3333	60.0	62.0	33.2		160.0	62.0	35.4		flash	
2026-09-02T23:34:30	0.682	20	29.3222	20.0	42.0	33.2		100.0	58.0	34.2		flash	
2026-09-02T23:35:00	0.956	29	30.3333	40.0	58.0	35.2		220.0	60.0	36.8		flash	
2026-09-02T23:35:30	0.758	23	30.3333	40.0	46.0	35.0		180.0	70.0	36.4		flash	
2026-09-02T23:36:00	0.445	13	29.2056	0.0	28.0	35.4		120.0	44.0	36.2		flash	
2026-09-02T23:36:30	0.928	28	30.1667	60.0	56.0	37.4		120.0	58.0	37.4		flash	
2026-09-02T23:37:00	0.796	24	30.1667	0.0	48.0	40.2		160.0	66.0	40.2		flash	
2026-09-02T23:37:30	0.431	13	30.1667	0.0	26.0	41.8		120.0	42.0	42.0		flash	
2026-09-02T23:38:00	0.431	13	30.1667	20.0	26.0	41.4		100.0	28.0	42.0		flash	
2026-09-02T23:38:30	0.431	13	30.1667	20.0	26.0	41.4		100.0	44.0	41.8		flash	
2026-09-02T23:39:00	0.723	21	29.05	0.0	42.0	39.6		240.0	44.0	40.8		flash	
2026-09-02T23:39:30	0.500	15	30	40.0	30.0	38.4		100.0	46.0	39.6		flash	
2026-09-02T23:40:00	0.233	7	30	20.0	14.0	34.2		60.0	32.0	39.4		flash	
2026-09-02T23:40:30	0.767	23	30	80.0	46.0	34.2		140.0	48.0	35.2		flash	
2026-09-02T23:41:00	0.833	25	30	120.0	50.0	36.4		120.0	60.0	36.4		flash	
2026-09-02T23:41:30	0.333	10	30	0.0	20.0	33.2		120.0	56.0	37.2		flash	
2026-09-02T23:42:00	0.697	21	30.1111	20.0	42.0	32.2		140.0	42.0	32.8		flash	
2026-09-02T23:42:30	0.564	17	30.1667	20.0	34.0	33.0		120.0	50.0	33.4		flash	
2026-09-02T23:43:00	0.895	27	30.1667	0.0	54.0	35.8		200.0	56.0	36.2		flash	
2026-09-02T23:43:30	0.729	22	30.1667	20.0	44.0	37.6		120.0	52.0	37.8		flash	
2026-09-02T23:44:00	0.497	15	30.1667	20.0	30.0	36.4		100.0	44.0	38.6		flash	
2026-09-02T23:44:30	0.464	14	30.1667	40.0	28.0	36.2		80.0	36.0	37.0		flash	
2026-09-02T23:45:00	0.789	23	29.1611	40.0	46.0	39.4		120.0	54.0	39.6		flash	
2026-09-02T23:45:30	0.398	12	30.1667	20.0	24.0	37.2		60.0	48.0	39.2		flash	
2026-09-02T23:46:00	0.464	14	30.1667	40.0	28.0	35.0		120.0	36.0	37.6		flash	
2026-09-02T23:46:30	0.762	23	30.1667	40.0	46.0	37.6		180.0	46.0	38.0		flash	
2026-09-02T23:47:00	0.497	15	30.1667	40.0	30.0	36.4		80.0	56.0	38.4		flash	
2026-09-02T23:47:30	0.729	22	30.1667	40.0	44.0	37.4		140.0	48.0	38.4		flash	
2026-09-02T23:48:00	0.446	13	29.1611	20.0	26.0	34.6		160.0	40.0	37.6		flash	
2026-09-02T23:48:30	0.829	25	30.1667	60.0	50.0	35.2		160.0	52.0	36.0		flash	
2026-09-02T23:49:00	0.431	13	30.1667	40.0	26.0	34.8		60.0	54.0	35.8		flash	
2026-09-02T23:49:30	0.365	11	30.1667	0.0	22.0	34.2	37.3	80.0	28.0	35.0	37.4	flash	
2026-09-02T23:50:00	0.696	21	30.1667	20.0	42.0	33.8	37.1	140.0	42.0	35.2	37.5	flash	
2026-09-02T23:50:30	0.365	11	30.1667	20.0	22.0	33.6	36.9	80.0	42.0	34.6	37.1	flash	
2026-09-02T23:51:00	1.063	31	29.1611	20.0	62.0	37.2	37.0	220.0	64.0	37.2	37.0	flash	
2026-09-02T23:51:30	1.392	42	30.1667	20.0	84.0	41.0	37.5	340.0	86.0	41.0	37.5	flash	
2026-09-02T23:52:00	1.757	53	30.1667	100.0	106.0	48.6	38.3	480.0	124.0	48.6	38.3	flash	
2026-09-02T23:52:30	0.365	11	30.1667	0.0	22.0	46.2	38.1	160.0	102.0	48.6	38.3	flash	
2026-09-02T23:53:00	2.022	61	30.1667	0.0	122.0	55.8	38.9	320.0	126.0	56.0	39.2	flash	
2026-09-02T23:53:30	1.028	31	30.1667	0.0	62.0	57.0	39.4	400.0	112.0	57.6	39.4	flash	
2026-09-02T23:54:00	0.720	21	29.1611	0.0	42.0	58.6	39.4	320.0	80.0	59.4	39.6	flash	
2026-09-02T23:54:30	1.160	35	30.1667	20.0	70.0	63.4	39.5	160.0	70.0	63.4	39.6	flash	
2026-09-02T23:55:00	0.431	13	30.1667	40.0	26.0	61.8	39.4	80.0	76.0	64.0	39.6	flash	
2026-09-02T23:55:30	0.895	27	30.1667	20.0	54.0	65.0	39.6	240.0	60.0	65.2	39.8	flash	
2026-09-02T23:56:00	0.729	22	30.1667	60.0	44.0	63.2	39.7	120.0	48.0	67.2	39.8	flash	
2026-09-02T23:56:30	0.166	5	30.1667	0.0	10.0	55.8	39.6	80.0	44.0	63.0	39.8	flash	
2026-09-02T23:57:00	0.754	22	29.1611	0.0	44.0	50.6	39.8	160.0	44.0	57.2	39.9	flash	
2026-09-02T23:57:30	0.663	20	30.1667	120.0	40.0	51.4	39.7	160.0	44.0	51.4	39.8	flash	
2026-09-02T23:58:00	0.530	16	30.1667	20.0	32.0	42.4	39.7	120.0	48.0	51.4	39.7	flash	
2026-09-02T23:58:30	0.497	15	30.1667	20.0	30.0	39.2	39.3	80.0	42.0	42.6	39.7	flash	
2026-09-02T23:59:00	0.597	18	30.1667	60.0	36.0	38.6	39.2	160.0	38.0	39.4	39.3	flash	
2026-09-02T23:59:30	0.530	16	30.1667	40.0	32.0	34.8	39.1	80.0	46.0	38.8	39.3	flash	
2026-09-03T00:00:00	0.583	17	29.1611	40.0	38.0	36.0	39.2	120.0	38.0	36.0	39.2	flash	
2026-09-03T00:00:30	0.829	25	30.1667	120.0	50.0	35.2	39.4	200.0	52.0	35.8	39.4	flash	
2026-09-03T00:01:00	0.630	19	30.1667	0.0	38.0	34.6	39.5	140.0	56.0	36.2	39.6	flash	
2026-09-03T00:01:30	0.597	18	30.1667	0.0	36.0	37.2	39.4	140.0	42.0	37.2	39.7	flash	
2026-09-03T00:02:00	0.663	20	30.1667	80.0	40.0	36.8	39.6	180.0	40.0	37.2	39.6	flash	
2026-09-03T00:02:30	0.630	19	30.1667	160.0	38.0	36.6	39.6	160.0	48.0	37.2	39.7	flash	
2026-09-03T00:03:00	0.789	23	29.1611	0.0	50.0	38.2	39.5	180.0	66.0	39.0	39.7	flash	
2026-09-03T00:03:30	0.530	16	30.1667	20.0	32.0	38.4	39.6	80.0	46.0	38.4	39.6	flash	
2026-09-03T00:04:00	0.232	7	30.1667	0.0	14.0	36.6	39.2	80.0	34.0	38.8	39.6	flash	
2026-09-03T00:04:30	0.994	30	30.1667	0.0	60.0	39.2	39.5	200.0	62.0	39.4	39.5	flash	
2026-09-03T00:05:00	0.497	15	30.1667	20.0	30.0	38.4	39.7	140.0	60.0	40.0	39.7	flash	
2026-09-03T00:05:30	0.663	20	30.1667	20.0	40.0	37.4	39.8	220.0	46.0	40.0	40.0	flash	
2026-09-03T00:06:00	0.309	9	29.1611	0.0	18.0	35.4	39.8	80.0	44.0	37.6	39.9	flash	
2026-09-03T00:06:30	0.298	9	30.1667	20.0	18.0	33.6	39.4	80.0	18.0	35.4	39.8	flash	
2026-09-03T00:07:00	0.630	19	30.1667	0.0	38.0	33.4	39.5	120.0	44.0	35.2	39.5	flash	
2026-09-03T00:07:30	0.729	22	30.1667	20.0	44.0	34.4	39.5	120.0	46.0	35.4	39.5	flash	
2026-09-03T00:08:00	0.829	25	30.1667	60.0	50.0	34.4	39.8	120.0	54.0	34.4	39.8	flash	
2026-09-03T00:08:30	0.895	27	30.1667	100.0	54.0	36.6	39.9	100.0	58.0	36.6	40.0	flash	
2026-09-03T00:09:00	0.412	12	29.1	20.0	26.0	37.6	39.6	140.0	56.0	37.6	39.9	flash	
2026-09-03T00:09:30	0.467	14	30	0.0	28.0	34.4	39.5	120.0	42.0	37.6	39.6	flash	
2026-09-03T00:10:00	0.867	26	30	180.0	52.0	36.6	39.7	220.0	52.0	36.6	39.7	flash	
2026-09-03T00:10:30	0.733	22	30	40.0	44.0	37.0	39.8	260.0	80.0	38.0	39.8	flash	
2026-09-03T00:11:00	0.667	20	30	60.0	40.0	39.2	39.8	120.0	44.0	39.2	39.8	flash	
2026-09-03T00:11:30	0.600	18	30	0.0	36.0	41.0	39.8	140.0	46.0	41.8	39.9	flash	
2026-09-03T00:12:00	0.798	24	30.0611	0.0	48.0	42.0	39.7	180.0	50.0	42.6	39.8	flash	
2026-09-03T00:12:30	0.829	25	30.1667	40.0	50.0	42.6	39.6	180.0	52.0	43.2	39.7	flash	
2026-09-03T00:13:00	0.663	20	30.1667	40.0	40.0	41.6	39.7	180.0	58.0	43.0	39.7	flash	
2026-09-03T00:13:30	0.762	23	30.1667	80.0	46.0	41.0	39.8	120.0	58.0	42.2	39.9	flash	
2026-09-03T00:14:00	0.663	20	30.1667	40.0	40.0	42.4	39.9	100.0	52.0	43.4	40.0	flash	
2026-09-03T00:14:30	0.464	14	30.1667	20.0	28.0	42.4	39.9	100.0	40.0	42.4	39.9	flash	
2026-09-03T00:15:00	0.377	11	29.1611	0.0	22.0	39.4	39.5	100.0	40.0	42.4	39.9	flash	
2026-09-03T00:15:30	0.729	22	30.1667	20.0	44.0	39.4	39.5	120.0	44.0	39.8	39.6	flash	
2026-09-03T00:16:00	0.564	17	30.1667	0.0	34.0	38.8	39.4	140.0	46.0	39.6	39.5	flash	
2026-09-03T00:16:30	0.961	29	30.1667	60.0	58.0	41.0	39.4	180.0	62.0	41.0	39.5	flash	
2026-09-03T00:17:00	1.525	46	30.1667	180.0	92.0	45.4	40.0	320.0	92.0	45.4	40.0	flash	
2026-09-03T00:17:30	1.624	49	30.1667	200.0	98.0	50.2	40.6	480.0	118.0	50.2	40.6	flash	
2026-09-03T00:18:00	2.195	64	29.1611	260.0	128.0	59.2	41.4	320.0	146.0	59.2	41.4	flash	
2026-09-03T00:18:30	0.597	18	30.1667	0.0	36.0	58.6	41.5	200.0	130.0	60.2	41.5	flash	
2026-09-03T00:19:00	1.061	32	30.1667	0.0	64.0	60.8	41.7	340.0	68.0	61.6	42.0	flash	
2026-09-03T00:19:30	0.497	15	30.1667	80.0	30.0	60.6	41.6	80.0	64.0	61.4	41.8	flash	
2026-09-03T00:20:00	0.895	27	30.1667	20.0	54.0	63.8	41.8	140.0	60.0	63.8	42.0	flash	
2026-09-03T00:20:30	0.564	17	30.1667	20.0	34.0	62.8	41.7	100.0	54.0	64.2	41.9	flash	
2026-09-03T00:21:00	0.892	26	29.1611	20.0	52.0	64.6	42.0	160.0	54.0	65.2	42.0	flash	
2026-09-03T00:21:30	0.497	15	30.1667	0.0	30.0	61.8	41.9	120.0	56.0	65.2	42.0	flash	
2026-09-03T00:22:00	0.431	13	30.1667	0.0	26.0	55.2	42.0	100.0	36.0	62.2	42.0	flash	
2026-09-03T00:22:30	0.564	17	30.1667	40.0	34.0	48.8	42.2	80.0	34.0	55.6	42.2	flash	
2026-09-03T00:23:00	0.564	17	30.1667	40.0	34.0	39.4	42.2	120.0	36.0	49.0	42.3	flash	
2026-09-03T00:23:30	0.597	18	30.1667	0.0	36.0	39.4	42.3	280.0	60.0	40.2	42.4	flash	
2026-09-03T00:24:00	0.446	13	29.1611	40.0	26.0	35.6	42.0	100.0	50.0	40.0	42.3	flash	
2026-09-03T00:24:30	0.961	29	30.1667	0.0	58.0	39.0	42.2	220.0	62.0	39.2	42.2	flash	
2026-09-03T00:25:00	0.729	22	30.1667	80.0	44.0	37.4	42.0	140.0	60.0	38.4	42.3	flash	
2026-09-03T00:25:30	0.464	14	30.1667	80.0	28.0	36.8	41.9	140.0	44.0	37.6	42.0	flash	
2026-09-03T00:26:00	0.365	11	30.1667	20.0	22.0	33.8	41.8	180.0	38.0	37.0	41.9	flash	
2026-09-03T00:26:30	0.398	12	30.1667	20.0	24.0	33.2	41.5	100.0	30.0	34.0	41.8	flash	
2026-09-03T00:27:00	0.686	20	29.1611	40.0	40.0	34.6	41.4	140.0	46.0	34.6	41.5	flash	
2026-09-03T00:27:30	0.729	22	30.1667	0.0	44.0	35.8	41.6	200.0	54.0	36.8	41.6	flash	
2026-09-03T00:28:00	1.061	32	30.1667	60.0	64.0	38.6	42.0	180.0	64.0	39.2	42.0	flash	
2026-09-03T00:28:30	0.696	21	30.1667	120.0	42.0	39.2	42.1	140.0	64.0	40.0	42.1	flash	
2026-09-03T00:29:00	0.829	25	30.1667	140.0	50.0	41.6	42.2	140.0	58.0	41.6	42.3	flash	
2026-09-03T00:29:30	0.564	17	30.1667	60.0	34.0	39.2	42.2	80.0	52.0	42.4	42.3	flash	
2026-09-03T00:30:00	0.412	12	29.1611	0.0	24.0	37.6	42.3	160.0	38.0	39.6	42.4	flash	
2026-09-03T00:30:30	0.497	15	30.1667	20.0	30.0	37.4	42.2	120.0	30.0	38.8	42.4	flash	
2026-09-03T00:31:00	0.464	14	30.1667	80.0	28.0	38.0	42.0	80.0	34.0	38.6	42.2	flash	
2026-09-03T00:31:30	0.265	8	30.1667	40.0	16.0	37.2	41.9	80.0	26.0	38.2	42.0	flash	
2026-09-03T00:32:00	0.895	27	30.1667	0.0	54.0	38.6	42.0	140.0	58.0	39.0	42.1	flash	
2026-09-03T00:32:30	0.497	15	30.1667	20.0	30.0	37.2	42.0	120.0	54.0	39.0	42.2	flash	
2026-09-03T00:33:00	0.549	16	29.1611	60.0	32.0	34.0	41.8	100.0	38.0	37.8	42.0	flash	
2026-09-03T00:33:30	0.696	21	30.1667	180.0	42.0	34.2	41.8	180.0	44.0	35.0	41.9	flash	
2026-09-03T00:34:00	0.298	9	30.1667	0.0	18.0	31.0	41.6	120.0	42.0	34.0	41.8	flash	
2026-09-03T00:34:30	1.061	32	30.1667	100.0	64.0	33.8	42.0	180.0	64.0	34.2	42.0	flash	
2026-09-03T00:35:00	0.895	27	30.1667	120.0	54.0	36.8	42.1	220.0	72.0	36.8	42.1	flash	
2026-09-03T00:35:30	0.331	10	30.1667	40.0	20.0	35.8	42.0	80.0	56.0	37.0	42.1	flash	
2026-09-03T00:36:00	0.754	22	29.1611	80.0	48.0	38.2	42.2	80.0	48.0	38.2	42.2	flash	
2026-09-03T00:36:30	0.365	11	30.1667	0.0	22.0	38.0	42.0	100.0	46.0	38.4	42.3	flash	
2026-09-03T00:37:00	0.630	19	30.1667	100.0	38.0	36.4	42.1	160.0	38.0	38.0	42.1	flash	
2026-09-03T00:37:30	0.762	23	30.1667	100.0	46.0	38.0	42.1	140.0	52.0	38.0	42.1	flash	
2026-09-03T00:38:00	0.497	15	30.1667	0.0	30.0	37.8	42.1	120.0	52.0	38.6	42.1	flash	
2026-09-03T00:38:30	0.762	23	30.1667	20.0	46.0	38.2	42.1	200.0	50.0	40.0	42.2	flash	
2026-09-03T00:39:00	0.514	15	29.1611	80.0	32.0	39.4	42.1	120.0	48.0	39.6	42.1	flash	
2026-09-03T00:39:30	0.895	27	30.1667	60.0	54.0	38.4	42.4	120.0	56.0	41.2	42.4	flash	
2026-09-03T00:40:00	0.696	21	30.1667	80.0	42.0	37.2	42.4	100.0	54.0	38.8	42.5	flash	
2026-09-03T00:40:30	0.564	17	30.1667	120.0	34.0	39.0	42.5	120.0	48.0	39.0	42.5	flash	
2026-09-03T00:41:00	0.663	20	30.1667	40.0	40.0	38.2	42.3	200.0	54.0	40.0	42.8	flash	
2026-09-03T00:41:30	0.497	15	30.1667	20.0	30.0	39.0	41.8	100.0	38.0	39.0	42.3	flash	
2026-09-03T00:42:00	0.926	27	29.1611	40.0	54.0	40.6	41.4	140.0	56.0	41.8	41.8	flash	
2026-09-03T00:42:30	0.564	17	30.1667	100.0	34.0	39.8	41.4	100.0	60.0	41.8	41.4	flash	
2026-09-03T00:43:00	0.564	17	30.1667	20.0	34.0	39.8	40.5	140.0	42.0	40.2	41.4	flash	
2026-09-03T00:43:30	0.597	18	30.1667	80.0	36.0	39.0	40.2	100.0	44.0	40.6	40.5	flash	
2026-09-03T00:44:00	0.530	16	30.1667	60.0	32.0	39.0	40.1	100.0	40.0	40.2	40.3	flash	
2026-09-03T00:44:30	0.497	15	30.1667	0.0	30.0	36.6	39.7	80.0	40.0	39.2	40.2	flash	
2026-09-03T00:45:00	0.652	19	29.1611	20.0	38.0	36.6	39.9	240.0	42.0	37.4	39.9	flash	
2026-09-03T00:45:30	0.533	16	30	40.0	32.0	36.2	39.6	140.0	50.0	37.2	39.9	flash	
2026-09-03T00:46:00	0.567	17	30	100.0	34.0	35.6	39.5	120.0	44.0	37.2	39.7	flash	
2026-09-03T00:46:30	1.233	37	30	100.0	74.0	39.8	40.2	240.0	74.0	39.8	40.2	flash	
2026-09-03T00:47:00	1.267	38	30	0.0	76.0	42.0	40.5	440.0	88.0	42.4	40.5	flash	
2026-09-03T00:47:30	1.533	46	30	20.0	92.0	47.8	41.0	420.0	130.0	48.6	41.2	flash	
2026-09-03T00:48:00	1.133	34	30	300.0	68.0	51.2	41.4	300.0	118.0	51.2	41.4	flash	
2026-09-03T00:48:30	0.729	22	30.1667	20.0	44.0	52.0	41.5	320.0	74.0	52.8	41.6	flash	
2026-09-03T00:49:00	0.630	19	30.1667	40.0	38.0	52.8	41.6	100.0	54.0	53.6	41.7	flash	
2026-09-03T00:49:30	0.994	30	30.1667	100.0	60.0	55.6	41.9	180.0	60.0	55.6	41.9	flash	
2026-09-03T00:50:00	0.365	11	30.1667	0.0	22.0	54.0	41.7	120.0	64.0	57.4	41.9	flash	
2026-09-03T00:50:30	0.431	13	30.1667	0.0	26.0	53.4	41.5	100.0	30.0	55.2	41.7	flash	
2026-09-03T00:51:00	0.365	11	30.1667	0.0	22.0	52.2	41.3	100.0	26.0	53.4	41.5	flash	
2026-09-03T00:51:30	0.720	21	29.1611	40.0	42.0	49.0	41.4	160.0	42.0	52.2	41.4	flash	
2026-09-03T00:52:00	0.630	19	30.1667	20.0	38.0	45.2	41.3	120.0	48.0	49.2	41.5	flash	
2026-09-03T00:52:30	0.398	12	30.1667	0.0	24.0	38.4	41.2	100.0	48.0	46.0	41.4	flash	
2026-09-03T00:53:00	0.464	14	30.1667	40.0	28.0	34.4	41.0	120.0	28.0	38.4	41.2	flash	
2026-09-03T00:53:30	0.331	10	30.1667	20.0	20.0	32.0	40.9	60.0	30.0	34.4	41.0	flash	
2026-09-03T00:54:00	0.530	16	30.1667	40.0	32.0	31.4	41.1	80.0	32.0	31.6	41.1	flash	
2026-09-03T00:54:30	0.514	15	29.1611	0.0	32.0	28.6	40.8	120.0	48.0	31.4	41.0	flash	
2026-09-03T00:55:00	0.431	13	30.1667	40.0	26.0	28.8	40.7	80.0	36.0	28.8	40.8	flash	
2026-09-03T00:55:30	0.862	26	30.1667	0.0	52.0	31.4	40.9	180.0	56.0	31.4	40.9	flash	
2026-09-03T00:56:00	0.696	21	30.1667	0.0	42.0	33.4	41.1	140.0	58.0	33.8	41.1	flash	
2026-09-03T00:56:30	0.530	16	30.1667	100.0	32.0	32.4	41.2	100.0	46.0	34.0	41.2	flash	
2026-09-03T00:57:00	0.630	19	30.1667	20.0	38.0	32.4	41.2	120.0	46.0	33.2	41.3	flash	
2026-09-03T00:57:30	0.377	11	29.1611	100.0	22.0	32.2	41.0	120.0	36.0	32.2	41.2	flash	
2026-09-03T00:58:00	0.663	20	30.1667	0.0	40.0	33.4	40.9	160.0	54.0	34.6	41.1	flash	
2026-09-03T00:58:30	0.497	15	30.1667	0.0	30.0	34.4	40.7	160.0	48.0	35.2	41.0	flash	
2026-09-03T00:59:00	0.696	21	30.1667	0.0	42.0	35.6	40.9	120.0	42.0	36.0	40.9	flash	
2026-09-03T00:59:30	0.365	11	30.1667	100.0	22.0	34.6	40.8	100.0	36.0	35.4	40.9	flash	
2026-09-03T01:00:00	0.497	15	30.1667	0.0	30.0	35.0	40.6	140.0	40.0	35.4	40.8	flash	
2026-09-03T01:00:30	0.343	10	29.1611	0.0	20.0	31.8	40.3	120.0	34.0	34.8	40.5	flash	
2026-09-03T01:01:00	0.564	17	30.1667	20.0	34.0	31.0	40.3	140.0	38.0	33.4	40.4	flash	
2026-09-03T01:01:30	0.530	16	30.1667	140.0	32.0	31.4	40.2	160.0	36.0	31.6	40.3	flash	
2026-09-03T01:02:00	0.365	11	30.1667	0.0	22.0	29.4	40.0	120.0	38.0	31.4	40.3	flash	
2026-09-03T01:02:30	0.564	17	30.1667	0.0	34.0	30.6	39.8	100.0	42.0	31.8	40.1	flash	
2026-09-03T01:03:00	0.895	27	30.1667	40.0	54.0	32.0	40.0	200.0	54.0	32.4	40.1	flash	
2026-09-03T01:03:30	0.857	25	29.1611	220.0	50.0	34.0	40.1	220.0	54.0	34.0	40.1	flash	
2026-09-03T01:04:00	0.564	17	30.1667	140.0	34.0	33.2	40.0	240.0	54.0	34.4	40.0	flash	
2026-09-03T01:04:30	0.862	26	30.1667	80.0	52.0	36.2	40.2	160.0	64.0	37.2	40.2	flash	
2026-09-03T01:05:00	0.597	18	30.1667	80.0	36.0	36.8	40.3	100.0	50.0	36.8	40.3	flash	
2026-09-03T01:05:30	0.530	16	30.1667	100.0	32.0	38.0	40.2	100.0	42.0	38.0	40.3	flash	
2026-09-03T01:06:00	0.464	14	30.1667	20.0	28.0	37.4	40.1	180.0	36.0	38.0	40.2	flash	
2026-09-03T01:06:30	0.857	25	29.1611	0.0	52.0	39.2	40.1	160.0	66.0	41.0	40.2	flash	
2026-09-03T01:07:00	0.564	17	30.1667	0.0	34.0	40.4	39.5	120.0	58.0	41.0	40.1	flash	
2026-09-03T01:07:30	0.696	21	30.1667	60.0	42.0	41.2	38.9	120.0	42.0	41.2	39.6	flash	
2026-09-03T01:08:00	0.928	28	30.1667	100.0	56.0	41.4	38.2	180.0	56.0	41.4	38.9	flash	
2026-09-03T01:08:30	0.464	14	30.1667	0.0	28.0	39.2	38.1	120.0	66.0	42.2	38.2	flash	
2026-09-03T01:09:00	0.597	18	30.1667	40.0	36.0	39.4	37.8	140.0	36.0	40.4	38.1	flash	
2026-09-03T01:09:30	0.480	14	29.1611	40.0	30.0	37.0	37.9	100.0	36.0	39.2	37.9	flash	
2026-09-03T01:10:00	0.762	23	30.1667	60.0	46.0	38.0	37.7	140.0	46.0	39.0	37.9	flash	
2026-09-03T01:10:30	0.464	14	30.1667	0.0	28.0	37.8	37.7	100.0	46.0	38.8	37.8	flash	
2026-09-03T01:11:00	0.630	19	30.1667	20.0	38.0	38.8	37.5	180.0	50.0	40.8	37.8	flash	
2026-09-03T01:11:30	0.829	25	30.1667	40.0	50.0	38.6	37.7	140.0	50.0	39.0	37.7	flash	
2026-09-03T01:12:00	0.564	17	30.1667	0.0	34.0	38.6	37.8	140.0	68.0	40.0	37.9	flash	
2026-09-03T01:12:30	0.514	15	29.1611	0.0	30.0	37.4	37.8	140.0	30.0	39.4	37.9	flash	
2026-09-03T01:13:00	0.564	17	30.1667	20.0	34.0	35.4	37.8	80.0	44.0	38.2	37.9	flash	
2026-09-03T01:13:30	0.431	13	30.1667	0.0	26.0	35.0	37.7	120.0	48.0	37.0	38.0	flash	
2026-09-03T01:14:00	0.564	17	30.1667	20.0	34.0	35.0	37.8	100.0	34.0	35.6	37.8	flash	
2026-09-03T01:14:30	0.530	16	30.1667	120.0	32.0	35.2	37.5	120.0	36.0	35.2	37.7	flash	
2026-09-03T01:15:00	0.961	29	30.1667	60.0	58.0	36.4	37.6	220.0	64.0	37.8	37.8	flash	
2026-09-03T01:15:30	0.583	17	29.1611	20.0	38.0	37.0	37.7	140.0	70.0	38.4	37.9	flash	
2026-09-03T01:16:00	0.829	25	30.1667	20.0	50.0	38.2	38.0	140.0	50.0	38.2	38.0	flash	
2026-09-03T01:16:30	0.464	14	30.1667	20.0	28.0	36.0	38.0	80.0	62.0	39.2	38.1	flash	
2026-09-03T01:17:00	0.497	15	30.1667	20.0	30.0	35.6	37.9	80.0	36.0	36.0	38.0	flash	
2026-09-03T01:17:30	0.564	17	30.1667	0.0	34.0	36.0	37.8	140.0	38.0	36.8	37.9	flash	
2026-09-03T01:18:00	0.928	28	30.1667	80.0	56.0	38.2	37.7	140.0	56.0	38.2	37.8	flash	
2026-09-03T01:18:30	0.720	21	29.1611	0.0	44.0	39.8	37.8	100.0	64.0	39.8	37.9	flash	
2026-09-03T01:19:00	0.398	12	30.1667	40.0	24.0	38.8	37.5	120.0	44.0	40.4	37.8	flash	
2026-09-03T01:19:30	0.530	16	30.1667	120.0	32.0	39.4	37.5	140.0	34.0	39.8	37.5	flash	
2026-09-03T01:20:00	0.961	29	30.1667	80.0	58.0	39.2	37.8	140.0	62.0	39.8	37.8	flash	
2026-09-03T01:20:30	0.796	24	30.1667	0.0	48.0	40.2	38.0	120.0	64.0	40.4	38.0	flash	
2026-09-03T01:21:00	0.398	12	30.1667	80.0	24.0	37.6	37.9	80.0	54.0	41.0	38.0	flash	
2026-09-03T01:21:30	0.789	23	29.1611	20.0	50.0	39.4	38.2	120.0	54.0	39.6	38.3	flash	
2026-09-03T01:22:00	0.762	23	30.1667	60.0	46.0	41.0	38.2	140.0	58.0	41.2	38.3	flash	
2026-09-03T01:22:30	0.796	24	30.1667	20.0	48.0	42.4	38.3	120.0	52.0	42.6	38.4	flash	
2026-09-03T01:23:00	0.530	16	30.1667	60.0	32.0	40.2	38.3	100.0	48.0	42.6	38.4	flash	
2026-09-03T01:23:30	0.431	13	30.1667	60.0	26.0	38.4	38.2	80.0	40.0	40.4	38.4	flash	
2026-09-03T01:24:00	0.597	18	30.1667	40.0	36.0	39.6	38.4	140.0	38.0	39.8	38.4	flash	
2026-09-03T01:24:30	0.412	12	29.1611	80.0	24.0	38.8	38.0	100.0	36.0	39.8	38.4	flash	
2026-09-03T01:25:00	0.497	15	30.1667	0.0	30.0	36.6	37.7	80.0	40.0	39.2	38.0	flash	
2026-09-03T01:25:30	0.796	24	30.1667	0.0	48.0	36.0	38.0	280.0	48.0	36.0	38.1	flash	
2026-09-03T01:26:00	0.564	17	30.1667	20.0	34.0	37.4	37.9	120.0	74.0	37.8	38.1	flash	
2026-09-03T01:26:30	0.630	19	30.1667	0.0	38.0	36.2	38.1	140.0	40.0	37.8	38.1	flash	
2026-09-03T01:27:00	0.497	15	30.1667	40.0	30.0	34.6	38.0	100.0	38.0	36.0	38.2	flash	
2026-09-03T01:27:30	0.960	28	29.1611	60.0	58.0	35.4	38.1	200.0	58.0	35.6	38.2	flash	
2026-09-03T01:28:00	0.829	25	30.1667	40.0	50.0	37.4	38.3	220.0	66.0	37.8	38.3	flash	
2026-09-03T01:28:30	0.796	24	30.1667	20.0	48.0	39.6	38.3	140.0	72.0	39.8	38.5	flash	
2026-09-03T01:29:00	0.497	15	30.1667	100.0	30.0	38.8	38.3	100.0	46.0	39.8	38.4	flash	
2026-09-03T01:29:30	0.829	25	30.1667	0.0	50.0	41.4	38.3	160.0	60.0	42.2	38.4	flash	
2026-09-03T01:30:00	0.497	15	30.1667	0.0	30.0	41.4	38.1	120.0	58.0	42.2	38.4	flash	
2026-09-03T01:30:30	0.482	14	29.0722	0.0	28.0	39.4	38.1	100.0	34.0	43.2	38.2	flash	
2026-09-03T01:31:00	0.633	19	30	20.0	38.0	40.0	38.1	140.0	38.0	40.0	38.1	flash	
2026-09-03T01:31:30	0.900	27	30	40.0	54.0	41.4	38.3	200.0	64.0	41.4	38.3	flash	
2026-09-03T01:32:00	0.367	11	30	40.0	22.0	40.8	38.0	100.0	54.0	41.4	38.3	flash	
2026-09-03T01:32:30	0.500	15	30	60.0	30.0	38.2	37.9	100.0	30.0	40.6	38.0	flash	
2026-09-03T01:33:00	0.833	25	30	140.0	50.0	38.0	38.1	140.0	50.0	39.8	38.1	flash	
2026-09-03T01:33:30	0.698	21	30.0889	60.0	42.0	37.6	38.2	140.0	60.0	38.6	38.2	flash	
2026-09-03T01:34:00	0.696	21	30.1667	200.0	42.0	39.2	38.3	200.0	42.0	39.2	38.3	flash	
2026-09-03T01:34:30	0.796	24	30.1667	20.0	48.0	38.4	38.4	180.0	70.0	39.6	38.5	flash	
2026-09-03T01:35:00	0.497	15	30.1667	40.0	30.0	38.4	38.4	160.0	48.0	38.6	38.6	flash	
2026-09-03T01:35:30	0.331	10	30.1667	0.0	20.0	37.6	38.2	80.0	40.0	38.6	38.4	flash	
2026-09-03T01:36:00	0.365	11	30.1667	60.0	22.0	36.0	38.1	60.0	24.0	37.8	38.2	flash	
2026-09-03T01:36:30	0.754	22	29.1611	0.0	46.0	35.0	37.8	160.0	50.0	36.8	38.3	flash	
2026-09-03T01:37:00	0.729	22	30.1667	20.0	44.0	37.2	37.5	160.0	54.0	37.4	37.9	flash	
2026-09-03T01:37:30	0.331	10	30.1667	20.0	20.0	36.2	36.8	60.0	52.0	38.0	37.5	flash	
2026-09-03T01:38:00	0.862	26	30.1667	60.0	52.0	36.4	36.6	220.0	54.0	37.4	36.9	flash	
2026-09-03T01:38:30	0.564	17	30.1667	20.0	34.0	35.6	36.5	160.0	54.0	36.2	36.7	flash	
2026-09-03T01:39:00	0.928	28	30.1667	20.0	56.0	37.0	36.7	140.0	72.0	39.2	36.7	flash	
2026-09-03T01:39:30	0.343	10	29.1611	20.0	20.0	34.4	36.3	100.0	60.0	37.2	36.7	flash	
2026-09-03T01:40:00	0.265	8	30.1667	20.0	16.0	32.8	36.2	100.0	24.0	35.2	36.3	flash	
2026-09-03T01:40:30	0.232	7	30.1667	0.0	14.0	32.2	36.1	80.0	18.0	32.8	36.3	flash	
2026-09-03T01:41:00	0.729	22	30.1667	60.0	44.0	34.6	36.3	160.0	44.0	34.6	36.3	flash	
2026-09-03T01:41:30	0.431	13	30.1667	0.0	26.0	32.6	36.2	100.0	62.0	35.2	36.5	flash	
2026-09-03T01:42:00	0.762	23	30.1667	40.0	46.0	32.8	36.3	160.0	46.0	34.8	36.4	flash	
2026-09-03T01:42:30	0.412	12	29.1611	0.0	24.0	33.2	36.3	120.0	48.0	33.4	36.3	flash	
2026-09-03T01:43:00	0.497	15	30.1667	0.0	30.0	31.0	36.3	80.0	38.0	33.4	36.4	flash	
2026-09-03T01:43:30	0.530	16	30.1667	20.0	32.0	31.0	36.4	100.0	32.0	32.0	36.4	flash	
2026-09-03T01:44:00	0.928	28	30.1667	20.0	56.0	30.8	36.7	120.0	62.0	31.8	36.7	flash	
2026-09-03T01:44:30	0.663	20	30.1667	40.0	40.0	32.8	36.7	120.0	58.0	33.4	36.8	flash	
2026-09-03T01:45:00	0.331	10	30.1667	0.0	20.0	33.2	36.7	80.0	40.0	33.4	36.7	flash	
2026-09-03T01:45:30	0.926	27	29.1611	20.0	54.0	37.2	36.7	180.0	54.0	37.2	36.8	flash	
2026-09-03T01:46:00	0.762	23	30.1667	140.0	46.0	37.8	36.7	300.0	60.0	38.6	36.8	flash	
2026-09-03T01:46:30	0.630	19	30.1667	140.0	38.0	38.6	36.8	160.0	54.0	38.6	36.9	flash	
2026-09-03T01:47:00	0.398	12	30.1667	0.0	24.0	36.4	36.7	100.0	46.0	39.4	36.9	flash	
2026-09-03T01:47:30	0.564	17	30.1667	0.0	34.0	37.4	36.8	120.0	34.0	38.0	36.9	flash	
2026-09-03T01:48:00	0.398	12	30.1667	20.0	24.0	36.8	36.6	100.0	46.0	38.8	36.9	flash	
2026-09-03T01:48:30	0.171	5	29.1611	0.0	10.0	34.8	36.4	40.0	22.0	37.0	36.6	flash	
2026-09-03T01:49:00	0.199	6	30.1667	0.0	12.0	30.2	36.1	60.0	16.0	34.6	36.4	flash	
2026-09-03T01:49:30	0.796	24	30.1667	20.0	48.0	31.0	36.4	180.0	48.0	31.8	36.5	flash	
2026-09-03T01:50:00	0.431	13	30.1667	0.0	26.0	31.6	36.3	100.0	48.0	32.4	36.4	flash	
2026-09-03T01:50:30	0.663	20	30.1667	0.0	40.0	30.2	36.5	180.0	40.0	32.0	36.5	flash	
2026-09-03T01:51:00	0.829	25	30.1667	60.0	50.0	30.6	36.7	100.0	60.0	32.8	36.7	flash	
2026-09-03T01:51:30	0.343	10	29.1611	0.0	22.0	28.8	36.6	80.0	54.0	31.0	36.7	flash	
2026-09-03T01:52:00	0.630	19	30.1667	20.0	38.0	30.2	36.7	140.0	42.0	30.2	36.8	flash	
2026-09-03T01:52:30	0.663	20	30.1667	80.0	40.0	30.8	36.8	140.0	40.0	30.8	36.8	flash	
2026-09-03T01:53:00	0.796	24	30.1667	0.0	48.0	33.2	36.7	120.0	66.0	33.4	36.9	flash	
2026-09-03T01:53:30	0.630	19	30.1667	20.0	38.0	36.0	36.6	140.0	50.0	36.0	36.8	flash	
2026-09-03T01:54:00	0.398	12	30.1667	80.0	24.0	37.2	36.5	80.0	44.0	37.2	36.7	flash	
2026-09-03T01:54:30	0.447	13	29.1111	20.0	26.0	35.0	36.3	120.0	34.0	37.2	36.5	flash	
2026-09-03T01:55:00	0.600	18	30	0.0	36.0	36.0	36.3	180.0	50.0	38.0	36.5	flash	
2026-09-03T01:55:30	0.567	17	30	60.0	34.0	35.4	36.3	180.0	36.0	36.4	36.4	flash	
2026-09-03T01:56:00	0.400	12	30	40.0	24.0	33.0	36.3	160.0	44.0	35.4	36.4	flash	
2026-09-03T01:56:30	0.567	17	30	20.0	34.0	34.2	36.1	180.0	42.0	34.6	36.3	flash	
2026-09-03T01:57:00	0.767	23	30	80.0	46.0	35.2	36.2	180.0	46.0	35.2	36.2	flash	
2026-09-03T01:57:30	0.632	19	30.05	100.0	38.0	35.2	36.2	160.0	62.0	36.6	36.3	flash	
2026-09-03T01:58:00	0.729	22	30.1667	20.0	44.0	34.4	36.1	180.0	54.0	35.2	36.3	flash	
2026-09-03T01:58:30	0.829	25	30.1667	60.0	50.0	35.6	36.3	100.0	60.0	35.8	36.3	flash	
2026-09-03T01:59:00	0.530	16	30.1667	40.0	32.0	36.4	36.2	120.0	50.0	37.2	36.3	flash	
2026-09-03T01:59:30	1.061	32	30.1667	60.0	64.0	40.2	36.6	180.0	64.0	40.2	36.6	flash	
2026-09-03T02:00:00	0.398	12	30.1667	20.0	24.0	39.0	36.4	140.0	64.0	40.6	36.6	flash	
2026-09-03T02:00:30	0.652	19	29.1611	0.0	40.0	39.4	36.5	160.0	40.0	41.0	36.5	flash	
2026-09-03T02:01:00	0.829	25	30.1667	40.0	50.0	42.0	36.6	160.0	66.0	42.2	36.6	flash	
2026-09-03T02:01:30	0.464	14	30.1667	20.0	28.0	41.4	36.4	120.0	50.0	42.6	36.6	flash	
2026-09-03T02:02:00	0.696	21	30.1667	40.0	42.0	41.0	36.4	200.0	44.0	42.0	36.4	flash	
2026-09-03T02:02:30	0.729	22	30.1667	20.0	44.0	41.6	36.6	140.0	66.0	43.0	36.6	flash	
2026-09-03T02:03:00	0.199	6	30.1667	0.0	12.0	38.4	36.4	60.0	44.0	42.0	36.6	flash	
2026-09-03T02:03:30	0.343	10	29.1611	60.0	20.0	35.4	36.3	60.0	20.0	38.6	36.4	flash	
2026-09-03T02:04:00	0.663	20	30.1667	100.0	40.0	36.4	36.4	100.0	42.0	36.6	36.4	flash	
2026-09-03T02:04:30	0.431	13	30.1667	0.0	26.0	32.8	36.4	100.0	46.0	36.6	36.4	flash	
2026-09-03T02:05:00	0.431	13	30.1667	40.0	26.0	32.8	36.0	100.0	26.0	32.8	36.3	flash	
2026-09-03T02:05:30	0.663	20	30.1667	20.0	40.0	32.8	36.0	140.0	42.0	33.2	36.0	flash	
2026-09-03T02:06:00	1.094	33	30.1667	160.0	66.0	34.4	36.2	220.0	66.0	34.4	36.2	flash	
2026-09-03T02:06:30	0.274	8	29.1611	0.0	24.0	33.2	36.1	100.0	66.0	35.0	36.2	flash	
2026-09-03T02:07:00	0.597	18	30.1667	20.0	36.0	32.6	36.1	140.0	36.0	35.8	36.2	flash	
2026-09-03T02:07:30	0.796	24	30.1667	20.0	48.0	33.2	36.3	140.0	50.0	34.4	36.4	flash	
2026-09-03T02:08:00	0.895	27	30.1667	60.0	54.0	37.2	36.3	200.0	54.0	37.2	36.3	flash	
2026-09-03T02:08:30	0.133	4	30.1667	20.0	8.0	36.0	35.9	20.0	52.0	37.2	36.3	flash	
2026-09-03T02:09:00	0.762	23	30.1667	20.0	46.0	36.6	36.1	160.0	46.0	37.4	36.2	flash	
2026-09-03T02:09:30	0.446	13	29.1611	0.0	26.0	36.6	36.1	100.0	52.0	37.6	36.3	flash	
2026-09-03T02:10:00	0.928	28	30.1667	0.0	56.0	39.8	36.1	140.0	56.0	40.0	36.2	flash	
2026-09-03T02:10:30	0.630	19	30.1667	40.0	38.0	39.6	36.0	160.0	54.0	41.4	36.1	flash	
2026-09-03T02:11:00	0.166	5	30.1667	20.0	10.0	34.6	35.9	20.0	36.0	39.4	36.0	flash	
2026-09-03T02:11:30	0.696	21	30.1667	0.0	42.0	36.4	35.8	220.0	44.0	36.6	36.0	flash	
2026-09-03T02:12:00	0.630	19	30.1667	100.0	38.0	36.6	35.7	100.0	46.0	37.0	35.9	flash	
2026-09-03T02:12:30	0.343	10	29.1611	20.0	24.0	33.8	35.4	100.0	34.0	36.2	35.7	flash	
2026-09-03T02:13:00	0.729	22	30.1667	20.0	44.0	33.0	35.6	180.0	54.0	35.6	35.7	flash	
2026-09-03T02:13:30	0.762	23	30.1667	0.0	46.0	36.6	35.8	120.0	54.0	36.8	35.8	flash	
2026-09-03T02:14:00	1.028	31	30.1667	40.0	62.0	38.2	36.0	200.0	66.0	39.8	36.1	flash	
2026-09-03T02:14:30	0.862	26	30.1667	80.0	52.0	40.8	36.3	140.0	52.0	40.8	36.3	flash	
2026-09-03T02:15:00	0.630	19	30.1667	80.0	38.0	39.0	36.4	120.0	54.0	40.6	36.4	flash	
2026-09-03T02:15:30	0.686	20	29.1611	100.0	40.0	39.4	36.3	100.0	46.0	39.4	36.5	flash	
2026-09-03T02:16:00	0.365	11	30.1667	20.0	22.0	40.4	36.2	80.0	42.0	40.6	36.3	flash	
2026-09-03T02:16:30	0.928	28	30.1667	0.0	56.0	41.8	36.3	220.0	60.0	41.8	36.3	flash	
2026-09-03T02:17:00	0.630	19	30.1667	20.0	38.0	42.2	36.4	100.0	62.0	42.6	36.5	flash	
2026-09-03T02:17:30	0.796	24	30.1667	80.0	48.0	44.6	36.3	160.0	48.0	44.6	36.5	flash	
2026-09-03T02:18:00	0.663	20	30.1667	20.0	40.0	44.2	36.2	140.0	56.0	45.8	36.5	flash	
2026-09-03T02:18:30	0.377	11	29.1611	80.0	22.0	41.8	36.0	80.0	46.0	44.8	36.2	flash	
2026-09-03T02:19:00	0.696	21	30.1667	0.0	42.0	40.0	36.2	180.0	50.0	42.4	36.2	flash	
2026-09-03T02:19:30	0.928	28	30.1667	60.0	56.0	40.4	36.2	120.0	56.0	41.6	36.3	flash	
2026-09-03T02:20:00	0.564	17	30.1667	20.0	34.0	39.8	36.2	120.0	54.0	42.0	36.3	flash	
2026-09-03T02:20:30	0.696	21	30.1667	20.0	42.0	40.0	36.3	140.0	44.0	41.6	36.3	flash	
2026-09-03T02:21:00	0.597	18	30.1667	0.0	36.0	41.4	36.3	200.0	54.0	42.2	36.5	flash	
2026-09-03T02:21:30	0.652	19	29.1611	20.0	38.0	39.6	36.2	100.0	48.0	42.2	36.4	flash	
2026-09-03T02:22:00	0.464	14	30.1667	20.0	28.0	38.8	36.2	120.0	38.0	39.6	36.3	flash	
2026-09-03T02:22:30	0.829	25	30.1667	20.0	50.0	39.0	36.4	260.0	50.0	41.0	36.5	flash	
2026-09-03T02:23:00	0.663	20	30.1667	20.0	40.0	38.8	36.3	100.0	62.0	40.4	36.5	flash	
2026-09-03T02:23:30	0.464	14	30.1667	20.0	28.0	39.4	36.2	140.0	44.0	40.0	36.3	flash	
2026-09-03T02:24:00	0.895	27	30.1667	40.0	54.0	40.6	36.3	180.0	54.0	40.6	36.5	flash	
2026-09-03T02:24:30	0.446	13	29.1611	0.0	28.0	37.8	36.1	80.0	62.0	40.4	36.3	flash	
2026-09-03T02:25:00	0.895	27	30.1667	240.0	54.0	39.6	36.3	280.0	54.0	39.8	36.3	flash	
2026-09-03T02:25:30	0.497	15	30.1667	20.0	30.0	38.4	36.4	140.0	60.0	40.4	36.4	flash	
2026-09-03T02:26:00	0.564	17	30.1667	0.0	34.0	38.2	36.6	220.0	38.0	38.6	36.6	flash	
2026-09-03T02:26:30	0.298	9	30.1667	20.0	18.0	36.2	36.3	100.0	38.0	38.2	36.5	flash	
2026-09-03T02:27:00	0.729	22	30.1667	60.0	44.0	37.8	36.3	160.0	46.0	37.8	36.3	flash	
2026-09-03T02:27:30	0.331	10	30.1667	60.0	20.0	34.8	36.3	60.0	48.0	38.2	36.3	flash	
2026-09-03T02:28:00	0.514	15	29.1611	20.0	36.0	33.8	36.1	100.0	38.0	36.0	36.4	flash	
2026-09-03T02:28:30	0.597	18	30.1667	0.0	36.0	34.6	36.1	180.0	38.0	35.2	36.3	flash	
2026-09-03T02:29:00	0.796	24	30.1667	60.0	48.0	34.2	36.0	200.0	50.0	35.0	36.2	flash	
2026-09-03T02:29:30	0.298	9	30.1667	0.0	18.0	33.2	36.0	100.0	48.0	34.0	36.0	flash	
2026-09-03T02:30:00	0.497	15	30.1667	60.0	30.0	30.8	36.1	100.0	34.0	33.8	36.1	flash	
2026-09-03T02:30:30	0.298	9	30.1667	0.0	18.0	29.6	36.2	120.0	36.0	30.8	36.2	flash	
2026-09-03T02:31:00	0.892	26	29.1611	140.0	52.0	31.4	36.3	240.0	52.0	31.6	36.3	flash	
2026-09-03T02:31:30	0.497	15	30.1667	40.0	30.0	32.8	36.3	120.0	64.0	33.4	36.3	flash	
2026-09-03T02:32:00	0.729	22	30.1667	60.0	44.0	32.6	36.3	200.0	46.0	34.6	36.4	flash	
2026-09-03T02:32:30	0.597	18	30.1667	60.0	36.0	34.8	36.4	80.0	54.0	34.8	36.4	flash	
2026-09-03T02:33:00	0.829	25	30.1667	0.0	50.0	36.2	36.6	140.0	58.0	36.4	36.6	flash	
2026-09-03T02:33:30	0.663	20	30.1667	20.0	40.0	36.6	36.7	100.0	56.0	36.8	36.7	flash	
2026-09-03T02:34:00	0.446	13	29.1611	0.0	26.0	34.4	36.4	180.0	44.0	36.6	36.7	flash	
2026-09-03T02:34:30	0.696	21	30.1667	40.0	42.0	36.8	36.4	160.0	44.0	37.4	36.5	flash	
2026-09-03T02:35:00	0.497	15	30.1667	20.0	30.0	37.2	36.5	140.0	50.0	38.0	36.5	flash	
2026-09-03T02:35:30	0.762	23	30.1667	40.0	46.0	39.6	36.4	140.0	46.0	39.6	36.6	flash	
2026-09-03T02:36:00	0.564	17	30.1667	0.0	34.0	37.8	36.3	80.0	54.0	40.4	36.6	flash	
2026-09-03T02:36:30	0.398	12	30.1667	180.0	24.0	37.2	36.1	180.0	38.0	37.8	36.3	flash	
2026-09-03T02:37:00	0.960	28	29.1611	100.0	56.0	38.4	36.5	140.0	70.0	38.6	36.5	flash	
2026-09-03T02:37:30	0.663	20	30.1667	100.0	40.0	39.2	36.5	140.0	58.0	39.2	36.5	flash	
2026-09-03T02:38:00	0.530	16	30.1667	0.0	32.0	37.0	36.6	100.0	48.0	38.8	36.6	flash	
2026-09-03T02:38:30	0.928	28	30.1667	0.0	56.0	38.6	37.1	180.0	60.0	39.2	37.1	flash	
2026-09-03T02:39:00	0.696	21	30.1667	0.0	42.0	40.2	37.4	120.0	74.0	40.8	37.4	flash	
2026-09-03T02:39:30	0.398	12	30.1667	0.0	24.0	38.4	37.1	120.0	36.0	40.6	37.4	flash	
2026-09-03T02:40:00	0.686	20	29.1611	40.0	40.0	39.4	37.3	100.0	40.0	39.4	37.3	flash	
2026-09-03T02:40:30	0.729	22	30.1667	60.0	44.0	39.2	37.3	140.0	56.0	41.0	37.5	flash	
2026-09-03T02:41:00	0.829	25	30.1667	40.0	50.0	40.8	37.3	160.0	52.0	41.2	37.4	flash	
2026-09-03T02:41:30	0.464	14	30.1667	20.0	28.0	41.2	37.4	100.0	50.0	42.8	37.4	flash	
2026-09-03T02:42:00	0.365	11	30.1667	0.0	22.0	37.8	37.2	80.0	30.0	41.2	37.4	flash	
2026-09-03T02:42:30	0.398	12	30.1667	40.0	24.0	36.2	37.1	100.0	38.0	39.2	37.4	flash	
2026-09-03T02:43:00	0.446	13	29.1611	60.0	28.0	35.6	36.8	120.0	28.0	36.2	37.0	flash	
2026-09-03T02:43:30	0.762	23	30.1667	40.0	46.0	34.6	36.9	180.0	48.0	35.6	37.0	flash	
2026-09-03T02:44:00	0.530	16	30.1667	40.0	32.0	33.6	37.0	80.0	60.0	34.6	37.1	flash	
2026-09-03T02:44:30	0.729	22	30.1667	40.0	44.0	35.6	37.2	160.0	48.0	35.6	37.2	flash	
2026-09-03T02:45:00	0.564	17	30.1667	0.0	34.0	35.0	37.2	80.0	44.0	35.6	37.2	flash	
2026-09-03T02:45:30	0.398	12	30.1667	20.0	24.0	33.0	37.1	60.0	44.0	35.2	37.3	flash	
2026-09-03T02:46:00	0.720	21	29.1611	40.0	44.0	32.4	37.2	120.0	44.0	33.8	37.3	flash	
2026-09-03T02:46:30	0.762	23	30.1667	20.0	46.0	34.2	37.4	240.0	66.0	35.6	37.5	flash	
2026-09-03T02:47:00	0.630	19	30.1667	0.0	38.0	35.6	37.3	180.0	50.0	36.0	37.6	flash	
2026-09-03T02:47:30	0.663	20	30.1667	120.0	40.0	37.4	37.3	120.0	46.0	37.4	37.3	flash	
2026-09-03T02:48:00	0.365	11	30.1667	100.0	22.0	36.8	37.1	140.0	42.0	37.8	37.3	flash	
2026-09-03T02:48:30	0.829	25	30.1667	20.0	50.0	37.2	37.1	140.0	60.0	39.4	37.2	flash	
2026-09-03T02:49:00	0.583	17	29.1611	40.0	34.0	37.4	37.1	100.0	54.0	37.6	37.1	flash	
2026-09-03T02:49:30	0.564	17	30.1667	40.0	34.0	36.4	36.8	100.0	44.0	37.8	37.1	flash	
2026-09-03T02:50:00	0.331	10	30.1667	0.0	20.0	35.0	36.8	60.0	40.0	38.0	36.9	flash	
2026-09-03T02:50:30	0.597	18	30.1667	0.0	36.0	36.4	36.7	100.0	36.0	36.4	36.9	flash	
2026-09-03T02:51:00	0.398	12	30.1667	0.0	24.0	34.4	36.5	80.0	36.0	36.2	36.7	flash	
2026-09-03T02:51:30	0.829	25	30.1667	40.0	50.0	34.8	36.7	140.0	50.0	34.8	36.8	flash	
2026-09-03T02:52:00	0.823	24	29.1611	60.0	48.0	35.8	36.8	160.0	52.0	35.8	36.9	flash	
2026-09-03T02:52:30	0.597	18	30.1667	40.0	36.0	36.6	36.7	60.0	62.0	36.8	36.8	flash	
2026-09-03T02:53:00	0.829	25	30.1667	0.0	50.0	38.2	37.1	200.0	54.0	39.4	37.1	flash	
2026-09-03T02:53:30	0.464	14	30.1667	20.0	28.0	36.0	37.1	160.0	72.0	39.8	37.3	flash	
2026-09-03T02:54:00	0.464	14	30.1667	0.0	28.0	35.4	37.0	80.0	32.0	37.4	37.2	flash	
2026-09-03T02:54:30	0.663	20	30.1667	40.0	40.0	36.0	37.2	100.0	40.0	37.2	37.2	flash	
2026-09-03T02:55:00	0.652	19	29.1611	20.0	42.0	37.8	37.3	160.0	42.0	37.8	37.3	flash	
2026-09-03T02:55:30	0.464	14	30.1667	40.0	28.0	37.0	37.2	140.0	42.0	38.0	37.3	flash	
2026-09-03T02:56:00	0.729	22	30.1667	80.0	44.0	39.0	37.0	140.0	44.0	39.0	37.2	flash	
2026-09-03T02:56:30	0.928	28	30.1667	40.0	56.0	39.6	37.3	180.0	60.0	40.4	37.3	flash	
2026-09-03T02:57:00	0.398	12	30.1667	20.0	24.0	37.2	37.2	80.0	56.0	39.6	37.3	flash	
2026-09-03T02:57:30	0.564	17	30.1667	60.0	34.0	37.0	37.1	120.0	36.0	37.2	37.2	flash	
2026-09-03T02:58:00	0.514	15	29.1611	0.0	34.0	35.0	36.9	120.0	46.0	38.2	37.2	flash	
2026-09-03T02:58:30	0.696	21	30.1667	20.0	42.0	36.4	37.2	120.0	42.0	36.6	37.2	flash	
2026-09-03T02:59:00	0.696	21	30.1667	20.0	42.0	37.8	37.1	200.0	44.0	37.8	37.2	flash	
2026-09-03T02:59:30	0.630	19	30.1667	40.0	38.0	38.0	37.3	100.0	52.0	38.0	37.3	flash	
2026-09-03T03:00:00	0.796	24	30.1667	40.0	48.0	38.6	37.2	180.0	56.0	38.8	37.3	flash	
2026-09-03T03:00:30	0.630	19	30.1667	0.0	38.0	39.6	37.2	100.0	56.0	40.6	37.2	flash	
2026-09-03T03:01:00	0.652	19	29.1611	140.0	38.0	39.2	37.5	160.0	38.0	39.6	37.5	flash	
2026-09-03T03:01:30	0.365	11	30.1667	0.0	22.0	36.0	37.3	80.0	50.0	39.8	37.5	flash	
2026-09-03T03:02:00	0.630	19	30.1667	60.0	38.0	37.2	37.3	120.0	38.0	37.2	37.3	flash	
2026-09-03T03:02:30	0.862	26	30.1667	40.0	52.0	39.2	37.6	200.0	62.0	39.6	37.6	flash	
2026-09-03T03:03:00	0.530	16	30.1667	20.0	32.0	39.0	37.5	100.0	56.0	39.8	37.7	flash	
2026-09-03T03:03:30	0.762	23	30.1667	20.0	46.0	39.4	37.5	200.0	50.0	40.8	37.6	flash	
2026-09-03T03:04:00	0.585	17	29.0667	40.0	36.0	38.6	37.2	100.0	46.0	40.4	37.4	flash	
2026-09-03T03:04:30	0.867	26	30	80.0	52.0	40.2	37.2	180.0	56.0	40.4	37.3	flash	
2026-09-03T03:05:00	0.400	12	30	60.0	24.0	37.6	37.0	100.0	52.0	40.2	37.2	flash	
2026-09-03T03:05:30	0.400	12	30	0.0	24.0	36.2	36.9	100.0	34.0	38.2	37.1	flash	
2026-09-03T03:06:00	0.700	21	30	40.0	42.0	36.8	37.1	120.0	42.0	38.0	37.1	flash	
2026-09-03T03:06:30	0.967	29	30	100.0	58.0	40.2	37.1	160.0	70.0	40.2	37.2	flash	
2026-09-03T03:07:00	0.729	22	30.1889	20.0	44.0	41.2	37.2	160.0	58.0	41.8	37.2	flash	
2026-09-03T03:07:30	0.758	23	30.3333	60.0	46.0	40.2	37.2	160.0	58.0	41.4	37.3	flash	
2026-09-03T03:08:00	0.462	14	30.3333	40.0	28.0	39.8	37.0	100.0	48.0	40.6	37.2	flash	
2026-09-03T03:08:30	0.648	19	29.3222	20.0	40.0	39.2	37.2	160.0	50.0	40.0	37.2	flash	
2026-09-03T03:09:00	0.593	18	30.3333	20.0	36.0	39.2	37.1	120.0	46.0	40.0	37.1	flash	
2026-09-03T03:09:30	0.692	21	30.3333	80.0	42.0	38.2	37.0	160.0	48.0	40.4	37.2	flash	
2026-09-03T03:10:00	0.583	17	29.1556	20.0	34.0	39.2	37.0	120.0	44.0	39.8	37.0	flash	
2026-09-03T03:10:30	0.400	12	30	20.0	24.0	39.2	36.8	80.0	42.0	39.6	37.1	flash	
2026-09-03T03:11:00	0.667	20	30	60.0	40.0	39.0	36.8	260.0	40.0	40.6	36.9	flash	
2026-09-03T03:11:30	0.333	10	30	0.0	20.0	35.2	36.7	40.0	46.0	38.8	36.9	flash	
2026-09-03T03:12:00	0.400	12	30	20.0	24.0	33.2	36.6	100.0	30.0	35.8	36.7	flash	
2026-09-03T03:12:30	0.467	14	30	40.0	28.0	31.4	36.4	100.0	30.0	33.6	36.7	flash	
2026-09-03T03:13:00	0.465	14	30.0833	20.0	28.0	31.6	36.3	120.0	36.0	32.6	36.5	flash	
2026-09-03T03:13:30	0.630	19	30.1667	80.0	38.0	31.4	36.4	100.0	38.0	31.8	36.4	flash	
2026-09-03T03:14:00	0.630	19	30.1667	0.0	38.0	31.8	36.2	140.0	50.0	32.2	36.4	flash	
2026-09-03T03:14:30	0.696	21	30.1667	120.0	42.0	31.6	36.4	180.0	44.0	32.0	36.4	flash	
2026-09-03T03:15:00	0.398	12	30.1667	140.0	24.0	30.6	36.1	140.0	42.0	31.6	36.4	flash	
2026-09-03T03:15:30	0.431	13	30.1667	20.0	26.0	30.8	36.0	160.0	38.0	31.0	36.1	flash	
2026-09-03T03:16:00	0.343	10	29.1611	0.0	20.0	28.8	35.9	80.0	36.0	31.6	36.2	flash	
2026-09-03T03:16:30	0.597	18	30.1667	160.0	36.0	30.4	36.1	160.0	36.0	30.4	36.1	flash	
2026-09-03T03:17:00	0.431	13	30.1667	120.0	26.0	30.6	35.9	120.0	38.0	30.6	36.2	flash	
2026-09-03T03:17:30	0.696	21	30.1667	120.0	42.0	32.0	36.2	200.0	52.0	32.4	36.2	flash	
2026-09-03T03:18:00	0.729	22	30.1667	80.0	44.0	33.6	36.3	120.0	56.0	33.6	36.3	flash	
2026-09-03T03:18:30	0.729	22	30.1667	40.0	44.0	34.2	36.3	140.0	48.0	34.6	36.3	flash	
2026-09-03T03:19:00	0.583	17	29.1611	60.0	34.0	33.8	36.2	200.0	62.0	35.6	36.3	flash	
2026-09-03T03:19:30	0.530	16	30.1667	40.0	32.0	33.8	36.3	120.0	42.0	34.4	36.4	flash	
2026-09-03T03:20:00	0.796	24	30.1667	100.0	48.0	35.2	36.6	140.0	48.0	36.4	36.6	flash	
2026-09-03T03:20:30	0.564	17	30.1667	100.0	34.0	36.0	36.7	140.0	48.0	36.6	36.7	flash	
2026-09-03T03:21:00	0.331	10	30.1667	20.0	20.0	36.0	36.4	100.0	42.0	37.0	36.8	flash	
2026-09-03T03:21:30	0.464	14	30.1667	100.0	28.0	35.2	36.3	100.0	30.0	36.0	36.4	flash	
2026-09-03T03:22:00	0.960	28	29.1611	0.0	56.0	39.2	36.5	220.0	68.0	39.4	36.5	flash	
2026-09-03T03:22:30	0.431	13	30.1667	20.0	26.0	36.6	36.4	140.0	58.0	39.0	36.5	flash	
2026-09-03T03:23:00	0.762	23	30.1667	160.0	46.0	36.8	36.3	200.0	46.0	36.8	36.4	flash	
2026-09-03T03:23:30	0.762	23	30.1667	80.0	46.0	37.0	36.4	180.0	66.0	39.0	36.4	flash	
2026-09-03T03:24:00	0.597	18	30.1667	0.0	36.0	37.2	36.5	120.0	52.0	37.8	36.5	flash	
2026-09-03T03:24:30	0.729	22	30.1667	60.0	44.0	38.4	36.5	120.0	50.0	39.0	36.6	flash	
2026-09-03T03:25:00	0.549	16	29.1611	60.0	34.0	37.0	36.5	140.0	44.0	38.4	36.5	flash	
2026-09-03T03:25:30	0.862	26	30.1667	60.0	52.0	39.2	36.6	100.0	60.0	39.6	36.7	flash	
2026-09-03T03:26:00	0.232	7	30.1667	20.0	14.0	38.2	36.4	60.0	52.0	38.6	36.6	flash	
2026-09-03T03:26:30	0.663	20	30.1667	20.0	40.0	39.2	36.5	100.0	42.0	40.2	36.7	flash	
2026-09-03T03:27:00	0.398	12	30.1667	60.0	24.0	36.0	36.2	100.0	42.0	39.4	36.6	flash	
2026-09-03T03:27:30	0.530	16	30.1667	0.0	32.0	36.6	36.1	120.0	46.0	37.8	36.3	flash	
2026-09-03T03:28:00	0.583	17	29.1611	40.0	34.0	36.2	36.2	120.0	38.0	38.2	36.2	flash	
2026-09-03T03:28:30	0.464	14	30.1667	120.0	28.0	33.8	35.9	120.0	42.0	36.4	36.2	flash	
2026-09-03T03:29:00	0.265	8	30.1667	20.0	16.0	31.6	35.6	140.0	36.0	34.4	35.9	flash	
2026-09-03T03:29:30	0.729	22	30.1667	0.0	44.0	31.8	35.8	180.0	46.0	33.2	35.8	flash	
2026-09-03T03:30:00	0.796	24	30.1667	20.0	48.0	33.2	35.9	100.0	48.0	33.8	35.9	flash	
2026-09-03T03:30:30	0.597	18	30.1667	20.0	36.0	31.6	35.8	240.0	60.0	34.0	36.0	flash	
2026-09-03T03:31:00	0.274	8	29.1611	0.0	18.0	31.8	35.5	60.0	38.0	32.2	35.8	flash	
2026-09-03T03:31:30	0.829	25	30.1667	60.0	50.0	32.8	35.7	140.0	50.0	32.8	35.7	flash	
2026-09-03T03:32:00	0.431	13	30.1667	0.0	26.0	33.0	35.7	120.0	50.0	34.0	35.8	flash	
2026-09-03T03:32:30	0.796	24	30.1667	140.0	48.0	34.6	36.0	140.0	48.0	34.6	36.0	flash	
2026-09-03T03:33:00	0.298	9	30.1667	40.0	18.0	33.0	35.9	100.0	54.0	35.2	36.1	flash	
2026-09-03T03:33:30	0.729	22	30.1667	20.0	44.0	34.6	35.9	140.0	46.0	35.6	36.1	flash	
2026-09-03T03:34:00	0.549	16	29.1611	0.0	34.0	36.2	35.9	100.0	52.0	36.6	36.0	flash	
2026-09-03T03:34:30	0.597	18	30.1667	100.0	36.0	35.4	35.8	180.0	36.0	36.4	35.9	flash	
2026-09-03T03:35:00	0.829	25	30.1667	0.0	50.0	35.6	36.0	140.0	70.0	37.2	36.0	flash	
2026-09-03T03:35:30	1.227	37	30.1667	40.0	74.0	39.6	36.5	220.0	74.0	39.6	36.5	flash	
2026-09-03T03:36:00	0.497	15	30.1667	0.0	30.0	40.8	36.3	80.0	74.0	41.2	36.5	flash	
2026-09-03T03:36:30	0.497	15	30.1667	0.0	30.0	38.8	36.2	100.0	34.0	41.0	36.4	flash	
2026-09-03T03:37:00	0.823	24	29.1611	20.0	48.0	41.0	36.3	160.0	64.0	42.8	36.5	flash	
2026-09-03T03:37:30	0.464	14	30.1667	20.0	28.0	39.0	36.3	100.0	48.0	41.2	36.3	flash	
2026-09-03T03:38:00	0.365	11	30.1667	60.0	22.0	39.4	36.2	80.0	30.0	39.4	36.2	flash	
2026-09-03T03:38:30	0.961	29	30.1667	0.0	58.0	41.0	36.2	180.0	68.0	42.4	36.4	flash	
2026-09-03T03:39:00	0.431	13	30.1667	0.0	26.0	40.2	36.2	100.0	64.0	41.4	36.4	flash	
2026-09-03T03:39:30	0.564	17	30.1667	60.0	34.0	40.0	36.2	120.0	34.0	40.6	36.2	flash	
2026-09-03T03:40:00	0.617	18	29.1611	0.0	40.0	38.6	36.3	160.0	58.0	41.4	36.3	flash	
2026-09-03T03:40:30	0.331	10	30.1667	20.0	20.0	33.2	36.2	140.0	46.0	40.0	36.5	flash	
2026-09-03T03:41:00	0.630	19	30.1667	20.0	38.0	34.0	36.3	180.0	40.0	34.4	36.3	flash	
2026-09-03T03:41:30	0.663	20	30.1667	20.0	40.0	35.0	36.2	120.0	42.0	35.6	36.4	flash	
2026-09-03T03:42:00	0.464	14	30.1667	80.0	28.0	33.0	36.0	120.0	48.0	35.2	36.3	flash	
2026-09-03T03:42:30	1.061	32	30.1667	40.0	64.0	36.6	36.3	140.0	72.0	36.8	36.3	flash	
2026-09-03T03:43:00	0.584	17	29.1333	0.0	34.0	38.2	36.1	100.0	66.0	39.4	36.4	flash	
2026-09-03T03:43:30	0.533	16	30	0.0	32.0	35.2	36.2	160.0	34.0	37.8	36.2	flash	
2026-09-03T03:44:00	0.533	16	30	20.0	32.0	35.8	36.2	200.0	36.0	35.8	36.2	flash	
2026-09-03T03:44:30	0.633	19	30	0.0	38.0	36.6	36.2	120.0	58.0	38.0	36.2	flash	
2026-09-03T03:45:00	0.800	24	30	100.0	48.0	37.4	36.3	140.0	52.0	37.6	36.4	flash	
2026-09-03T03:45:30	0.367	11	30	160.0	22.0	37.8	36.2	160.0	48.0	37.8	36.3	flash	
2026-09-03T03:46:00	0.899	27	30.0278	140.0	54.0	39.2	36.3	200.0	62.0	39.2	36.3	flash	
2026-09-03T03:46:30	0.331	10	30.1667	0.0	20.0	37.2	36.0	100.0	58.0	39.8	36.4	flash	
2026-09-03T03:47:00	0.464	14	30.1667	120.0	28.0	38.0	36.0	120.0	28.0	38.0	36.0	flash	
2026-09-03T03:47:30	1.127	34	30.1667	160.0	68.0	37.6	36.4	240.0	68.0	37.6	36.4	flash	
2026-09-03T03:48:00	0.630	19	30.1667	40.0	38.0	38.0	36.4	120.0	72.0	38.2	36.4	flash	
2026-09-03T03:48:30	0.365	11	30.1667	0.0	22.0	37.0	36.2	80.0	38.0	38.8	36.4	flash	
2026-09-03T03:49:00	0.034	1	29.1611	0.0	2.0	34.0	35.8	20.0	24.0	37.2	36.2	flash	
2026-09-03T03:49:30	0.530	16	30.1667	40.0	32.0	33.4	35.8	120.0	32.0	35.0	35.9	flash	
2026-09-03T03:50:00	0.729	22	30.1667	160.0	44.0	33.0	35.7	200.0	48.0	33.4	35.8	flash	
2026-09-03T03:50:30	0.597	18	30.1667	20.0	36.0	34.4	35.7	80.0	60.0	36.0	35.8	flash	
2026-09-03T03:51:00	0.729	22	30.1667	0.0	44.0	33.4	35.8	180.0	56.0	37.0	36.0	flash	
2026-09-03T03:51:30	0.398	12	30.1667	80.0	24.0	33.8	35.8	80.0	38.0	33.8	35.8	flash	
2026-09-03T03:52:00	0.343	10	29.1611	0.0	28.0	33.4	35.6	100.0	32.0	34.8	35.8	flash	
2026-09-03T03:52:30	0.530	16	30.1667	20.0	32.0	29.8	35.4	120.0	32.0	33.2	35.6	flash	
2026-09-03T03:53:00	0.564	17	30.1667	20.0	34.0	29.2	35.4	80.0	38.0	29.8	35.4	flash	
2026-09-03T03:53:30	0.497	15	30.1667	20.0	30.0	29.8	35.3	180.0	48.0	31.0	35.4	flash	
2026-09-03T03:54:00	0.597	18	30.1667	0.0	36.0	33.2	35.3	120.0	44.0	33.2	35.4	flash	
2026-09-03T03:54:30	0.663	20	30.1667	20.0	40.0	34.0	35.2	180.0	40.0	34.4	35.4	flash	
2026-09-03T03:55:00	0.514	15	29.1611	0.0	30.0	32.6	35.2	100.0	48.0	35.4	35.3	flash	
2026-09-03T03:55:30	0.994	30	30.1667	40.0	60.0	35.0	35.6	200.0	62.0	35.2	35.6	flash	
2026-09-03T03:56:00	0.630	19	30.1667	0.0	38.0	34.4	35.5	140.0	60.0	35.0	35.7	flash	
2026-09-03T03:56:30	0.431	13	30.1667	20.0	26.0	35.4	35.2	120.0	42.0	35.6	35.5	flash	
2026-09-03T03:57:00	0.928	28	30.1667	0.0	56.0	38.2	35.3	160.0	58.0	38.2	35.5	flash	
2026-09-03T03:57:30	0.398	12	30.1667	0.0	24.0	37.4	35.1	100.0	46.0	38.4	35.3	flash	
2026-09-03T03:58:00	1.166	34	29.1611	20.0	68.0	40.8	35.5	300.0	68.0	41.0	35.6	flash	
2026-09-03T03:58:30	0.398	12	30.1667	0.0	24.0	40.4	35.4	80.0	74.0	41.2	35.5	flash	
2026-09-03T03:59:00	0.829	25	30.1667	20.0	50.0	41.6	35.5	120.0	50.0	41.6	35.6	flash	
2026-09-03T03:59:30	0.597	18	30.1667	40.0	36.0	41.2	35.5	160.0	68.0	44.2	35.7	flash	
2026-09-03T04:00:00	0.597	18	30.1667	80.0	36.0	41.8	35.5	100.0	36.0	41.8	35.6	flash	
2026-09-03T04:00:30	0.331	10	30.1667	100.0	20.0	37.8	35.4	100.0	38.0	41.8	35.5	flash	
2026-09-03T04:01:00	0.823	24	29.1611	100.0	54.0	38.8	35.6	180.0	54.0	38.8	35.6	flash	
2026-09-03T04:01:30	0.530	16	30.1667	40.0	32.0	39.6	35.6	120.0	52.0	39.8	35.7	flash	
2026-09-03T04:02:00	0.365	11	30.1667	60.0	22.0	36.0	35.6	80.0	36.0	39.4	35.7	flash	
2026-09-03T04:02:30	0.464	14	30.1667	80.0	28.0	36.4	35.6	100.0	32.0	36.8	35.7	flash	
2026-09-03T04:03:00	0.564	17	30.1667	0.0	34.0	33.0	35.7	160.0	48.0	38.4	35.8	flash	
2026-09-03T04:03:30	0.630	19	30.1667	20.0	38.0	34.4	35.7	200.0	44.0	34.8	35.8	flash	
2026-09-03T04:04:00	0.365	11	30.1667	0.0	22.0	31.6	35.5	60.0	40.0	34.4	35.7	flash	
2026-09-03T04:04:30	0.446	13	29.1611	60.0	26.0	30.6	35.5	80.0	30.0	31.6	35.5	flash	
2026-09-03T04:05:00	0.431	13	30.1667	0.0	26.0	29.8	35.4	160.0	32.0	30.6	35.5	flash	
2026-09-03T04:05:30	0.497	15	30.1667	0.0	30.0	31.2	35.4	160.0	50.0	32.0	35.6	flash	
2026-09-03T04:06:00	0.729	22	30.1667	20.0	44.0	30.2	35.7	140.0	44.0	32.0	35.7	flash	
2026-09-03T04:06:30	0.630	19	30.1667	120.0	38.0	30.8	35.7	120.0	50.0	30.8	35.7	flash	
2026-09-03T04:07:00	0.530	16	30.1667	20.0	32.0	31.8	35.7	160.0	54.0	32.6	35.9	flash	
2026-09-03T04:07:30	0.926	27	29.1611	200.0	54.0	34.4	35.9	200.0	54.0	35.2	36.0	flash	
2026-09-03T04:08:00	0.464	14	30.1667	40.0	28.0	33.8	35.7	120.0	54.0	34.6	35.9	flash	
2026-09-03T04:08:30	0.895	27	30.1667	40.0	54.0	35.4	35.8	220.0	56.0	35.6	35.9	flash	
2026-09-03T04:09:00	0.696	21	30.1667	40.0	42.0	37.4	35.9	200.0	64.0	38.0	36.0	flash	
2026-09-03T04:09:30	0.895	27	30.1667	100.0	54.0	40.2	36.1	140.0	54.0	40.4	36.1	flash	
2026-09-03T04:10:00	0.497	15	30.1667	80.0	30.0	40.6	35.9	80.0	58.0	40.8	36.1	flash	
2026-09-03T04:10:30	0.514	15	29.1611	0.0	38.0	40.6	35.9	120.0	48.0	41.4	36.0	flash	
2026-09-03T04:11:00	0.796	24	30.1667	40.0	48.0	41.0	36.2	260.0	48.0	41.2	36.2	flash	
2026-09-03T04:11:30	0.630	19	30.1667	60.0	38.0	42.0	36.3	100.0	62.0	42.8	36.3	flash	
2026-09-03T04:12:00	0.530	16	30.1667	20.0	32.0	41.0	36.0	160.0	46.0	41.4	36.3	flash	
2026-09-03T04:12:30	0.762	23	30.1667	60.0	46.0	40.2	36.2	120.0	46.0	41.6	36.3	flash	
2026-09-03T04:13:00	0.431	13	30.1667	0.0	26.0	40.0	36.0	100.0	52.0	41.0	36.3	flash	
2026-09-03T04:13:30	0.823	24	29.1611	20.0	48.0	39.4	36.1	180.0	54.0	41.2	36.2	flash	
2026-09-03T04:14:00	0.564	17	30.1667	40.0	34.0	38.6	36.0	100.0	50.0	39.6	36.2	flash	
2026-09-03T04:14:30	0.464	14	30.1667	100.0	28.0	36.0	35.9	100.0	46.0	39.4	36.0	flash	
2026-09-03T04:15:00	0.961	29	30.1667	80.0	58.0	39.6	36.1	180.0	60.0	39.8	36.2	flash	
2026-09-03T04:15:30	0.331	10	30.1667	20.0	20.0	37.8	35.8	120.0	60.0	39.2	36.1	flash	
2026-09-03T04:16:00	0.663	20	30.1667	40.0	40.0	37.0	36.1	180.0	40.0	38.8	36.1	flash	
2026-09-03T04:16:30	0.720	21	29.1611	40.0	44.0	37.4	36.1	100.0	60.0	38.0	36.1	flash	
2026-09-03T04:17:00	0.398	12	30.1667	100.0	24.0	36.6	36.1	120.0	42.0	37.4	36.2	flash	
2026-09-03T04:17:30	0.796	24	30.1667	140.0	48.0	37.2	36.2	140.0	48.0	38.2	36.2	flash	
2026-09-03T04:18:00	0.464	14	30.1667	40.0	28.0	37.0	36.2	120.0	50.0	38.0	36.4	flash	
2026-09-03T04:18:30	0.630	19	30.1667	0.0	38.0	36.0	36.3	140.0	42.0	38.0	36.4	flash	
2026-09-03T04:19:00	0.497	15	30.1667	20.0	30.0	35.6	36.4	100.0	48.0	37.6	36.4	flash	
2026-09-03T04:19:30	0.892	26	29.1611	60.0	52.0	38.4	36.5	160.0	52.0	38.8	36.6	flash	
2026-09-03T04:20:00	0.796	24	30.1667	60.0	48.0	37.8	36.5	120.0	54.0	38.4	36.7	flash	
2026-09-03T04:20:30	0.597	18	30.1667	40.0	36.0	38.6	36.5	120.0	48.0	38.6	36.5	flash	
2026-09-03T04:21:00	0.298	9	30.1667	0.0	18.0	36.6	36.5	80.0	38.0	38.6	36.6	flash	
2026-09-03T04:21:30	0.630	19	30.1667	0.0	38.0	36.0	36.4	220.0	40.0	37.0	36.6	flash	
2026-09-03T04:22:00	0.564	17	30.1667	200.0	34.0	37.0	36.5	200.0	40.0	37.0	36.5	flash	
2026-09-03T04:22:30	0.723	21	29.0333	0.0	52.0	36.8	36.4	180.0	62.0	37.8	36.6	flash	
2026-09-03T04:23:00	0.367	11	30	20.0	22.0	35.8	36.5	80.0	42.0	36.4	36.5	flash	
2026-09-03T04:23:30	0.767	23	30	0.0	46.0	36.6	36.5	160.0	48.0	37.6	36.6	flash	
2026-09-03T04:24:00	0.233	7	30	60.0	14.0	35.0	36.3	60.0	40.0	36.8	36.5	flash	
2026-09-03T04:24:30	0.633	19	30	100.0	38.0	33.6	36.3	120.0	38.0	35.2	36.4	flash	
2026-09-03T04:25:00	0.533	16	30	40.0	32.0	32.6	36.1	180.0	46.0	34.4	36.4	flash	
2026-09-03T04:25:30	0.431	13	30.1278	0.0	26.0	31.4	35.7	80.0	36.0	33.4	36.2	flash	
2026-09-03T04:26:00	0.862	26	30.1667	40.0	52.0	34.4	35.9	100.0	52.0	34.4	35.9	flash	
2026-09-03T04:26:30	0.464	14	30.1667	20.0	28.0	33.4	35.9	100.0	56.0	35.6	36.0	flash	
2026-09-03T04:27:00	0.696	21	30.1667	80.0	42.0	35.2	35.8	220.0	42.0	35.8	35.9	flash	
2026-09-03T04:27:30	0.961	29	30.1667	100.0	58.0	35.8	36.1	140.0	74.0	36.2	36.1	flash	
2026-09-03T04:28:00	0.464	14	30.1667	0.0	28.0	36.4	36.2	240.0	56.0	37.6	36.3	flash	
2026-09-03T04:28:30	0.309	9	29.1611	20.0	18.0	33.6	35.8	100.0	40.0	35.8	36.2	flash	
2026-09-03T04:29:00	0.829	25	30.1667	80.0	50.0	37.2	36.0	140.0	50.0	37.2	36.0	flash	
2026-09-03T04:29:30	0.729	22	30.1667	40.0	44.0	37.8	36.1	120.0	50.0	38.8	36.2	flash	
2026-09-03T04:30:00	0.597	18	30.1667	20.0	36.0	38.2	36.1	180.0	56.0	39.6	36.2	flash	
2026-09-03T04:30:30	0.331	10	30.1667	20.0	20.0	37.6	36.1	80.0	40.0	38.6	36.1	flash	
2026-09-03T04:31:00	0.398	12	30.1667	0.0	24.0	34.8	36.0	80.0	26.0	37.6	36.1	flash	
2026-09-03T04:31:30	0.652	19	29.1611	20.0	38.0	36.0	35.9	120.0	38.0	36.0	36.1	flash	
2026-09-03T04:32:00	0.597	18	30.1667	20.0	36.0	35.4	36.1	120.0	40.0	38.0	36.1	flash	
2026-09-03T04:32:30	0.961	29	30.1667	20.0	58.0	35.8	36.0	240.0	60.0	36.6	36.1	flash	
2026-09-03T04:33:00	0.663	20	30.1667	0.0	40.0	36.4	36.0	100.0	64.0	36.8	36.0	flash	
2026-09-03T04:33:30	0.431	13	30.1667	40.0	26.0	37.2	36.0	120.0	44.0	37.2	36.1	flash	
2026-09-03T04:34:00	0.431	13	30.1667	0.0	26.0	34.8	35.9	140.0	36.0	37.2	36.1	flash	
2026-09-03T04:34:30	0.720	21	29.1611	20.0	42.0	34.6	35.9	160.0	48.0	36.2	36.1	flash	
2026-09-03T04:35:00	0.365	11	30.1667	0.0	22.0	33.4	35.7	60.0	42.0	34.8	35.9	flash	
2026-09-03T04:35:30	0.398	12	30.1667	0.0	24.0	33.6	35.7	120.0	30.0	33.8	35.9	flash	
2026-09-03T04:36:00	0.663	20	30.1667	100.0	40.0	35.2	35.6	140.0	40.0	35.2	35.7	flash	
2026-09-03T04:36:30	0.298	9	30.1667	0.0	18.0	33.2	35.5	80.0	46.0	35.2	35.6	flash	
2026-09-03T04:37:00	0.862	26	30.1667	20.0	52.0	34.8	35.8	160.0	52.0	35.6	35.9	flash	
2026-09-03T04:37:30	0.686	20	29.1611	20.0	42.0	33.0	35.5	140.0	54.0	36.6	35.9	flash	
2026-09-03T04:38:00	0.331	10	30.1667	40.0	20.0	31.0	35.3	60.0	42.0	33.6	35.6	flash	
2026-09-03T04:38:30	0.365	11	30.1667	40.0	22.0	30.6	35.3	80.0	32.0	31.8	35.5	flash	
2026-09-03T04:39:00	0.497	15	30.1667	0.0	30.0	31.0	35.6	140.0	34.0	31.6	35.6	flash	
2026-09-03T04:39:30	0.398	12	30.1667	60.0	24.0	29.2	35.5	120.0	32.0	31.2	35.5	flash	
2026-09-03T04:40:00	0.564	17	30.1667	0.0	34.0	30.4	35.4	80.0	40.0	30.4	35.7	flash	
2026-09-03T04:40:30	0.823	24	29.1611	20.0	48.0	32.8	35.5	160.0	52.0	33.2	35.6	flash	
2026-09-03T04:41:00	0.232	7	30.1667	20.0	14.0	30.2	35.2	60.0	54.0	33.4	35.5	flash	
2026-09-03T04:41:30	0.464	14	30.1667	0.0	28.0	31.2	35.4	160.0	32.0	31.4	35.4	flash	
2026-09-03T04:42:00	0.729	22	30.1667	20.0	44.0	30.6	35.5	180.0	54.0	31.2	35.5	flash	
2026-09-03T04:42:30	0.265	8	30.1667	20.0	16.0	28.0	35.4	60.0	44.0	30.4	35.5	flash	
2026-09-03T04:43:00	0.895	27	30.1667	60.0	54.0	31.4	35.6	180.0	54.0	31.4	35.6	flash	
2026-09-03T04:43:30	0.686	20	29.1611	0.0	40.0	33.4	35.7	100.0	60.0	33.6	35.7	flash	
2026-09-03T04:44:00	0.497	15	30.1667	120.0	30.0	33.2	35.6	120.0	44.0	34.2	35.7	flash	
2026-09-03T04:44:30	0.630	19	30.1667	180.0	38.0	34.8	35.6	180.0	44.0	34.8	35.6	flash	
2026-09-03T04:45:00	0.663	20	30.1667	60.0	40.0	35.2	35.7	160.0	54.0	35.8	35.7	flash	
2026-09-03T04:45:30	1.094	33	30.1667	80.0	66.0	37.0	35.7	180.0	68.0	37.4	35.8	flash	
2026-09-03T04:46:00	0.497	15	30.1667	0.0	30.0	38.6	35.7	160.0	66.0	39.0	35.8	flash	
2026-09-03T04:46:30	0.309	9	29.1611	20.0	18.0	37.6	35.6	60.0	36.0	39.0	35.7	flash	
2026-09-03T04:47:00	0.895	27	30.1667	100.0	54.0	38.6	35.6	200.0	54.0	39.0	35.6	flash	
2026-09-03T04:47:30	0.431	13	30.1667	0.0	26.0	39.6	35.6	60.0	54.0	40.0	35.7	flash	
2026-09-03T04:48:00	0.398	12	30.1667	0.0	24.0	36.6	35.1	100.0	30.0	39.8	35.7	flash	
2026-09-03T04:48:30	0.663	20	30.1667	60.0	40.0	36.6	35.3	140.0	40.0	36.8	35.3	flash	
2026-09-03T04:49:00	0.829	25	30.1667	0.0	50.0	38.6	35.3	120.0	56.0	39.8	35.4	flash	
2026-09-03T04:49:30	0.275	8	29.0778	60.0	16.0	36.6	35.1	60.0	50.0	39.0	35.3	flash	
2026-09-03T04:50:00	0.567	17	30	0.0	34.0	36.0	35.1	100.0	40.0	37.0	35.2	flash	
2026-09-03T04:50:30	0.733	22	30	80.0	44.0	33.6	35.4	160.0	44.0	36.0	35.4	flash	
2026-09-03T04:51:00	0.567	17	30	0.0	34.0	34.0	35.2	140.0	50.0	36.4	35.5	flash	
2026-09-03T04:51:30	0.400	12	30	80.0	24.0	34.6	35.1	80.0	38.0	35.2	35.3	flash	
2026-09-03T04:52:00	1.000	30	30	40.0	60.0	35.2	35.5	300.0	68.0	36.6	35.5	flash	
2026-09-03T04:52:30	0.432	13	30.0833	20.0	26.0	35.2	35.5	100.0	68.0	35.8	35.6	flash	
2026-09-03T04:53:00	0.762	23	30.1667	20.0	46.0	37.4	35.6	140.0	48.0	37.4	35.6	flash	
2026-09-03T04:53:30	0.663	20	30.1667	80.0	40.0	37.8	35.6	100.0	48.0	38.0	35.7	flash	
2026-09-03T04:54:00	0.265	8	30.1667	40.0	16.0	34.0	35.5	60.0	42.0	37.6	35.7	flash	
2026-09-03T04:54:30	0.994	30	30.1667	0.0	60.0	38.4	35.9	220.0	64.0	39.0	35.9	flash	
2026-09-03T04:55:00	0.298	9	30.1667	40.0	18.0	36.8	35.8	60.0	52.0	38.0	35.9	flash	
2026-09-03T04:55:30	0.103	3	29.1611	0.0	6.0	33.0	35.6	60.0	24.0	37.0	35.8	flash	
2026-09-03T04:56:00	1.260	38	30.1667	60.0	76.0	37.2	35.9	280.0	76.0	37.2	35.9	flash	
2026-09-03T04:56:30	0.796	24	30.1667	40.0	48.0	39.6	36.1	200.0	70.0	40.4	36.2	flash	
2026-09-03T04:57:00	0.365	11	30.1667	100.0	22.0	35.8	35.9	100.0	36.0	39.4	36.0	flash	
2026-09-03T04:57:30	0.696	21	30.1667	40.0	42.0	37.4	35.8	140.0	48.0	37.4	35.9	flash	
2026-09-03T04:58:00	0.530	16	30.1667	80.0	32.0	36.0	35.8	120.0	54.0	38.0	35.9	flash	
2026-09-03T04:58:30	0.583	17	29.1611	20.0	42.0	35.8	35.6	140.0	42.0	37.0	35.8	flash	
2026-09-03T04:59:00	1.061	32	30.1667	40.0	64.0	40.6	35.8	160.0	66.0	40.6	35.9	flash	
2026-09-03T04:59:30	0.431	13	30.1667	20.0	26.0	36.8	35.5	80.0	62.0	40.2	35.9	flash	
2026-09-03T05:00:00	0.431	13	30.1667	0.0	26.0	37.6	35.6	100.0	30.0	38.2	35.7	flash	
2026-09-03T05:00:30	0.829	25	30.1667	140.0	50.0	42.0	35.7	140.0	50.0	42.0	35.7	flash	
2026-09-03T05:01:00	0.696	21	30.1667	80.0	42.0	38.6	35.6	140.0	56.0	40.2	35.8	flash	
2026-09-03T05:01:30	0.480	14	29.1611	60.0	28.0	36.6	35.5	80.0	44.0	37.4	35.6	flash	
2026-09-03T05:02:00	0.497	15	30.1667	140.0	30.0	37.8	35.5	160.0	32.0	37.8	35.6	flash	
2026-09-03T05:02:30	0.729	22	30.1667	140.0	44.0	38.0	35.5	140.0	52.0	39.0	35.7	flash	
2026-09-03T05:03:00	0.928	28	30.1667	0.0	56.0	40.8	35.8	140.0	72.0	40.8	35.8	flash	
2026-09-03T05:03:30	0.464	14	30.1667	60.0	28.0	39.4	35.6	100.0	56.0	40.2	35.8	flash	
2026-09-03T05:04:00	0.862	26	30.1667	0.0	52.0	38.2	35.8	160.0	66.0	40.4	35.9	flash	
2026-09-03T05:04:30	0.412	12	29.1611	120.0	24.0	38.0	35.8	120.0	52.0	38.4	35.8	flash	
2026-09-03T05:05:00	1.094	33	30.1667	40.0	66.0	42.0	35.9	220.0	76.0	42.0	35.9	flash	
2026-09-03T05:05:30	0.597	18	30.1667	40.0	36.0	41.0	36.0	160.0	64.0	42.2	36.0	flash	
2026-09-03T05:06:00	0.530	16	30.1667	40.0	32.0	39.6	35.9	120.0	44.0	40.6	36.0	flash	
2026-09-03T05:06:30	0.630	19	30.1667	0.0	38.0	40.6	35.9	220.0	58.0	41.6	36.0	flash	
2026-09-03T05:07:00	0.331	10	30.1667	20.0	20.0	39.6	35.8	80.0	40.0	41.2	35.9	flash	
2026-09-03T05:07:30	0.686	20	29.1611	0.0	42.0	39.4	35.8	140.0	48.0	40.8	36.0	flash	
2026-09-03T05:08:00	0.464	14	30.1667	20.0	28.0	36.4	35.7	160.0	40.0	39.2	35.8	flash	
2026-09-03T05:08:30	0.398	12	30.1667	20.0	24.0	36.4	35.6	100.0	46.0	37.2	35.8	flash	
2026-09-03T05:09:00	0.365	11	30.1667	0.0	22.0	33.0	35.5	100.0	30.0	36.0	35.6	flash	
2026-09-03T05:09:30	1.326	40	30.1667	80.0	80.0	38.6	35.8	220.0	80.0	39.0	35.8	flash	
2026-09-03T05:10:00	0.365	11	30.1667	40.0	22.0	34.2	35.5	100.0	80.0	38.2	35.8	flash	
2026-09-03T05:10:30	0.412	12	29.1611	0.0	28.0	33.4	35.5	80.0	36.0	35.8	35.7	flash	
2026-09-03T05:11:00	0.862	26	30.1667	40.0	52.0	35.0	35.8	160.0	52.0	35.8	35.8	flash	
2026-09-03T05:11:30	0.398	12	30.1667	0.0	24.0	33.6	35.6	140.0	52.0	35.4	35.8	flash	
2026-09-03T05:12:00	0.729	22	30.1667	200.0	44.0	36.2	35.8	200.0	44.0	36.2	35.8	flash	
2026-09-03T05:12:30	0.564	17	30.1667	40.0	34.0	35.4	35.6	240.0	54.0	37.4	35.8	flash	
2026-09-03T05:13:00	0.298	9	30.1667	40.0	18.0	34.4	35.6	80.0	30.0	35.6	35.6	flash	
2026-09-03T05:13:30	0.720	21	29.1611	20.0	44.0	36.4	35.6	120.0	46.0	36.4	35.6	flash	
2026-09-03T05:14:00	0.464	14	30.1667	40.0	28.0	36.8	35.7	80.0	48.0	37.2	35.7	flash	
2026-09-03T05:14:30	0.696	21	30.1667	20.0	42.0	33.6	35.7	100.0	46.0	36.8	35.8	flash	
2026-09-03T05:15:00	0.464	14	30.1667	0.0	28.0	34.0	35.7	100.0	46.0	34.6	35.8	flash	
2026-09-03T05:15:30	0.696	21	30.1667	0.0	42.0	35.4	35.9	100.0	48.0	35.4	35.9	flash	
2026-09-03T05:16:00	0.298	9	30.1667	0.0	18.0	32.0	35.5	60.0	44.0	35.6	35.9	flash	
2026-09-03T05:16:30	0.961	28	29.1222	40.0	56.0	35.2	35.8	140.0	56.0	35.2	35.8	flash	
2026-09-03T05:17:00	0.667	20	30	0.0	40.0	36.0	35.8	140.0	60.0	36.8	36.0	flash	
2026-09-03T05:17:30	2.200	66	30	360.0	132.0	44.8	36.6	360.0	132.0	44.8	36.6	flash	
2026-09-03T05:18:00	1.167	35	30	0.0	70.0	50.0	36.9	260.0	140.0	50.4	36.9	flash	
2026-09-03T05:18:30	1.100	33	30	20.0	66.0	52.4	37.4	240.0	92.0	53.2	37.4	flash	
2026-09-03T05:19:00	1.333	40	30	20.0	80.0	57.8	37.7	540.0	122.0	58.2	37.9	flash	
2026-09-03T05:19:30	0.067	2	30.0389	20.0	4.0	53.6	37.3	20.0	78.0	57.4	37.7	flash	
2026-09-03T05:20:00	0.796	24	30.1667	20.0	48.0	55.6	37.5	280.0	48.0	56.8	37.6	flash	
2026-09-03T05:20:30	0.663	20	30.1667	100.0	40.0	55.4	37.6	200.0	42.0	56.2	37.7	flash	
2026-09-03T05:21:00	0.331	10	30.1667	0.0	20.0	55.6	37.6	100.0	46.0	56.2	37.7	flash	
2026-09-03T05:21:30	0.928	28	30.1667	100.0	56.0	55.6	37.8	220.0	56.0	57.0	37.8	flash	
2026-09-03T05:22:00	0.564	17	30.1667	40.0	34.0	55.0	37.8	160.0	58.0	56.2	37.8	flash	
2026-09-03T05:22:30	0.412	12	29.1611	20.0	24.0	44.2	37.4	100.0	36.0	55.0	37.7	flash	
2026-09-03T05:23:00	0.862	26	30.1667	140.0	52.0	42.4	37.5	160.0	52.0	43.8	37.5	flash	
2026-09-03T05:23:30	0.663	20	30.1667	40.0	40.0	39.8	37.7	140.0	62.0	43.2	37.7	flash	
2026-09-03T05:24:00	0.464	14	30.1667	140.0	28.0	34.6	37.7	140.0	40.0	39.6	37.8	flash	
2026-09-03T05:24:30	0.796	24	30.1667	80.0	48.0	39.0	37.8	160.0	60.0	39.0	37.8	flash	
2026-09-03T05:25:00	0.530	16	30.1667	20.0	32.0	37.4	37.9	140.0	46.0	38.2	37.9	flash	
2026-09-03T05:25:30	0.446	13	29.1611	40.0	26.0	36.0	37.9	140.0	32.0	37.8	37.9	flash	
2026-09-03T05:26:00	0.597	18	30.1667	20.0	36.0	37.6	37.8	100.0	42.0	37.6	38.0	flash	
2026-09-03T05:26:30	1.061	32	30.1667	0.0	64.0	38.4	38.3	220.0	66.0	40.6	38.3	flash	
2026-09-03T05:27:00	0.729	22	30.1667	60.0	44.0	39.4	38.2	200.0	66.0	40.8	38.3	flash	
2026-09-03T05:27:30	0.464	14	30.1667	0.0	28.0	39.8	38.1	120.0	52.0	41.0	38.3	flash	
2026-09-03T05:28:00	0.464	14	30.1667	100.0	28.0	37.4	38.2	100.0	30.0	40.6	38.2	flash	
2026-09-03T05:28:30	0.480	14	29.1611	20.0	32.0	36.2	38.3	140.0	42.0	38.2	38.3	flash	
2026-09-03T05:29:00	0.564	17	30.1667	20.0	34.0	37.2	38.3	180.0	40.0	38.2	38.4	flash	
2026-09-03T05:29:30	0.564	17	30.1667	20.0	34.0	35.4	38.4	100.0	52.0	37.4	38.5	flash	
2026-09-03T05:30:00	0.564	17	30.1667	40.0	34.0	35.6	38.4	80.0	38.0	36.2	38.5	flash	
2026-09-03T05:30:30	0.564	17	30.1667	60.0	34.0	36.4	38.2	160.0	36.0	36.4	38.4	flash	
2026-09-03T05:31:00	0.729	22	30.1667	20.0	44.0	37.2	38.5	120.0	52.0	37.2	38.6	flash	
2026-09-03T05:31:30	0.549	16	29.1611	40.0	32.0	34.0	38.6	120.0	50.0	37.4	38.6	flash	
2026-09-03T05:32:00	0.431	13	30.1667	40.0	26.0	32.2	38.4	120.0	34.0	34.4	38.7	flash	
2026-09-03T05:32:30	0.564	17	30.1667	80.0	34.0	32.8	38.6	100.0	38.0	32.8	38.6	flash	
2026-09-03T05:33:00	0.464	14	30.1667	0.0	28.0	33.2	38.3	100.0	50.0	34.0	38.6	flash	
2026-09-03T05:33:30	0.862	26	30.1667	0.0	52.0	35.2	38.4	140.0	54.0	35.4	38.4	flash	
2026-09-03T05:34:00	0.630	19	30.1667	20.0	38.0	35.6	38.5	180.0	64.0	37.8	38.7	flash	
2026-09-03T05:34:30	0.823	24	29.1611	20.0	50.0	37.2	38.6	140.0	50.0	37.8	38.8	flash	
2026-09-03T05:35:00	0.928	28	30.1667	0.0	56.0	39.2	38.8	260.0	62.0	39.6	38.8	flash	
2026-09-03T05:35:30	0.564	17	30.1667	20.0	34.0	39.4	38.5	180.0	58.0	40.2	38.8	flash	
2026-09-03T05:36:00	0.497	15	30.1667	40.0	30.0	37.8	38.5	160.0	48.0	40.6	38.6	flash	
2026-09-03T05:36:30	1.028	31	30.1667	20.0	62.0	40.8	38.9	240.0	64.0	42.0	38.9	flash	
2026-09-03T05:37:00	0.431	13	30.1667	20.0	26.0	40.8	38.6	100.0	62.0	41.0	38.9	flash	
2026-09-03T05:37:30	0.446	13	29.1611	20.0	26.0	40.4	38.6	80.0	44.0	42.2	38.7	flash	
2026-09-03T05:38:00	0.530	16	30.1667	20.0	32.0	40.4	38.7	100.0	32.0	40.4	38.7	flash	
2026-09-03T05:38:30	0.166	5	30.1667	0.0	10.0	36.2	38.4	40.0	34.0	40.6	38.7	flash	
2026-09-03T05:39:00	0.464	14	30.1667	20.0	28.0	35.4	38.2	100.0	28.0	36.2	38.4	flash	
2026-09-03T05:39:30	0.729	22	30.1667	20.0	44.0	34.8	38.5	180.0	52.0	35.6	38.5	flash	
2026-09-03T05:40:00	0.663	20	30.1667	80.0	40.0	33.2	38.5	100.0	44.0	34.8	38.5	flash	
2026-09-03T05:40:30	1.029	30	29.1611	120.0	64.0	36.0	38.7	160.0	66.0	36.0	38.7	flash	
2026-09-03T05:41:00	0.233	7	30	20.0	14.0	34.2	38.5	140.0	64.0	36.0	38.8	flash	
2026-09-03T05:41:30	0.300	9	30	60.0	18.0	29.8	38.4	60.0	18.0	34.6	38.5	flash	
2026-09-03T05:42:00	0.400	12	30	0.0	24.0	29.6	38.1	120.0	30.0	30.6	38.4	flash	
2026-09-03T05:42:30	0.400	12	30	100.0	24.0	29.4	38.1	100.0	30.0	29.8	38.1	flash	
2026-09-03T05:43:00	0.600	18	30	40.0	36.0	30.0	37.9	200.0	44.0	31.2	38.1	flash	
2026-09-03T05:43:30	0.600	18	30	0.0	36.0	32.4	37.9	100.0	40.0	32.4	38.0	flash	
2026-09-03T05:44:00	0.729	22	30.1667	40.0	44.0	34.0	38.2	240.0	46.0	34.4	38.2	flash	
2026-09-03T05:44:30	0.762	23	30.1667	20.0	46.0	34.2	38.0	220.0	70.0	36.2	38.3	flash	
2026-09-03T05:45:00	0.398	12	30.1667	20.0	24.0	33.0	38.1	100.0	44.0	34.2	38.1	flash	
2026-09-03T05:45:30	0.829	25	30.1667	20.0	50.0	31.6	38.5	140.0	52.0	33.2	38.5	flash	
2026-09-03T05:46:00	0.530	16	30.1667	0.0	32.0	33.4	38.1	120.0	54.0	33.6	38.4	flash	
2026-09-03T05:46:30	0.530	16	30.1667	0.0	32.0	34.8	37.9	140.0	42.0	35.6	38.1	flash	
2026-09-03T05:47:00	0.652	19	29.1611	20.0	38.0	36.2	38.1	120.0	38.0	36.4	38.2	flash	
2026-09-03T05:47:30	0.530	16	30.1667	0.0	32.0	37.0	38.0	140.0	46.0	38.0	38.2	flash	
2026-09-03T05:48:00	0.298	9	30.1667	0.0	18.0	35.2	37.9	80.0	44.0	37.2	38.0	flash	
2026-09-03T05:48:30	0.696	21	30.1667	20.0	42.0	35.8	37.9	180.0	42.0	35.8	38.0	flash	
2026-09-03T05:49:00	0.464	14	30.1667	80.0	28.0	34.2	37.6	80.0	50.0	36.2	37.9	flash	
2026-09-03T05:49:30	1.227	37	30.1667	40.0	74.0	37.0	38.1	160.0	82.0	37.0	38.1	flash	
2026-09-03T05:50:00	0.686	20	29.1611	180.0	40.0	38.8	38.2	180.0	70.0	38.8	38.2	flash	
2026-09-03T05:50:30	0.630	19	30.1667	120.0	38.0	37.6	38.1	200.0	50.0	39.0	38.3	flash	
2026-09-03T05:51:00	0.398	12	30.1667	20.0	24.0	36.6	37.9	180.0	40.0	37.6	38.1	flash	
2026-09-03T05:51:30	0.762	23	30.1667	60.0	46.0	38.0	38.1	120.0	50.0	38.0	38.2	flash	
2026-09-03T05:52:00	0.862	26	30.1667	80.0	52.0	39.4	38.3	100.0	52.0	39.6	38.4	flash	
2026-09-03T05:52:30	0.298	9	30.1667	0.0	18.0	38.0	38.0	100.0	58.0	40.6	38.4	flash	
2026-09-03T05:53:00	0.412	12	29.1611	0.0	24.0	38.6	37.7	60.0	24.0	38.8	38.0	flash	
2026-09-03T05:53:30	0.729	22	30.1667	20.0	44.0	38.8	37.9	180.0	46.0	41.6	38.0	flash	
2026-09-03T05:54:00	0.696	21	30.1667	20.0	42.0	40.8	37.8	180.0	52.0	41.4	37.9	flash	
2026-09-03T05:54:30	0.530	16	30.1667	20.0	32.0	36.0	37.9	120.0	42.0	40.2	38.0	flash	
2026-09-03T05:55:00	0.497	15	30.1667	0.0	30.0	35.0	37.5	200.0	44.0	36.8	37.9	flash	
2026-09-03T05:55:30	0.630	19	30.1667	60.0	38.0	35.0	37.5	120.0	46.0	36.2	37.7	flash	
2026-09-03T05:56:00	0.892	26	29.1611	40.0	54.0	37.8	37.7	140.0	58.0	38.2	37.8	flash	
2026-09-03T05:56:30	0.663	20	30.1667	60.0	40.0	37.2	37.7	180.0	52.0	37.8	37.9	flash	
2026-09-03T05:57:00	1.293	39	30.1667	0.0	78.0	40.0	38.3	200.0	88.0	41.6	38.4	flash	
2026-09-03T05:57:30	0.663	20	30.1667	20.0	40.0	42.0	38.3	220.0	84.0	42.0	38.5	flash	
2026-09-03T05:58:00	0.497	15	30.1667	0.0	30.0	42.6	38.3	80.0	40.0	42.8	38.5	flash	
2026-09-03T05:58:30	0.564	17	30.1667	20.0	34.0	41.6	38.4	140.0	46.0	43.4	38.5	flash	
2026-09-03T05:59:00	0.549	16	29.1611	80.0	32.0	40.6	38.5	120.0	36.0	42.0	38.5	flash	
2026-09-03T05:59:30	0.265	8	30.1667	0.0	16.0	39.0	38.0	60.0	34.0	41.0	38.6	flash	
2026-09-03T06:00:00	0.597	18	30.1667	80.0	36.0	39.6	38.1	140.0	36.0	41.0	38.1	flash	
2026-09-03T06:00:30	0.630	19	30.1667	60.0	38.0	39.8	38.2	100.0	48.0	40.6	38.2	flash	
2026-09-03T06:01:00	0.762	23	30.1667	0.0	46.0	39.0	38.1	140.0	62.0	41.0	38.3	flash	
2026-09-03T06:01:30	0.696	21	30.1667	160.0	42.0	39.2	38.3	160.0	46.0	39.6	38.3	flash	
2026-09-03T06:02:00	0.549	16	29.1611	0.0	38.0	34.6	38.3	120.0	58.0	39.6	38.4	flash	
2026-09-03T06:02:30	0.431	13	30.1667	0.0	26.0	33.2	38.1	100.0	42.0	35.6	38.2	flash	
2026-09-03T06:03:00	0.862	26	30.1667	40.0	52.0	35.4	38.5	140.0	52.0	35.4	38.5	flash	
2026-09-03T06:03:30	0.762	23	30.1667	20.0	46.0	36.6	38.5	120.0	70.0	37.0	38.7	flash	
2026-09-03T06:04:00	0.464	14	30.1667	60.0	28.0	36.2	38.5	60.0	42.0	36.6	38.5	flash	
2026-09-03T06:04:30	0.729	22	30.1667	40.0	44.0	39.0	38.5	140.0	48.0	39.0	38.6	flash	
2026-09-03T06:05:00	0.274	8	29.1611	0.0	16.0	37.0	38.4	60.0	38.0	39.6	38.6	flash	
2026-09-03T06:05:30	0.663	20	30.1667	40.0	40.0	37.6	38.4	160.0	40.0	38.6	38.5	flash	
2026-09-03T06:06:00	0.696	21	30.1667	0.0	42.0	36.8	38.6	120.0	46.0	37.6	38.6	flash	
2026-09-03T06:06:30	0.365	11	30.1667	20.0	22.0	35.4	38.3	60.0	42.0	37.0	38.6	flash	
2026-09-03T06:07:00	0.564	17	30.1667	20.0	34.0	35.0	38.2	180.0	34.0	35.2	38.3	flash	
2026-09-03T06:07:30	0.564	17	30.1667	0.0	34.0	35.8	37.2	120.0	52.0	36.0	38.2	flash	
2026-09-03T06:08:00	0.240	7	29.1611	0.0	14.0	32.4	36.7	80.0	42.0	36.4	37.2	flash	
2026-09-03T06:08:30	0.696	21	30.1667	0.0	42.0	31.6	36.4	140.0	42.0	33.0	36.8	flash	
2026-09-03T06:09:00	0.530	16	30.1667	20.0	32.0	32.4	35.9	140.0	48.0	33.2	36.4	flash	
2026-09-03T06:09:30	0.630	19	30.1667	60.0	38.0	31.4	36.3	100.0	38.0	32.0	36.3	flash	
2026-09-03T06:10:00	0.729	22	30.1667	0.0	44.0	34.2	36.2	240.0	58.0	34.4	36.3	flash	
2026-09-03T06:10:30	0.530	16	30.1667	80.0	32.0	33.4	36.2	120.0	48.0	34.2	36.3	flash	
2026-09-03T06:11:00	0.446	13	29.1611	0.0	30.0	31.8	36.2	140.0	40.0	34.2	36.2	flash	
2026-09-03T06:11:30	0.464	14	30.1667	20.0	28.0	32.6	35.9	160.0	36.0	33.4	36.3	flash	
2026-09-03T06:12:00	0.431	13	30.1667	0.0	26.0	31.8	35.9	80.0	32.0	33.4	36.0	flash	
2026-09-03T06:12:30	0.895	27	30.1667	180.0	54.0	33.6	36.2	180.0	54.0	33.6	36.2	flash	
2026-09-03T06:13:00	0.497	15	30.1667	20.0	30.0	35.2	35.9	200.0	60.0	35.2	36.2	flash	
2026-09-03T06:13:30	0.729	22	30.1667	140.0	44.0	35.4	36.0	140.0	44.0	35.4	36.0	flash	
2026-09-03T06:14:00	0.344	10	29.05	40.0	26.0	34.4	35.9	140.0	40.0	35.8	36.0	flash	
2026-09-03T06:14:30	0.533	16	30	0.0	32.0	34.0	35.7	100.0	40.0	35.6	35.9	flash	
2026-09-03T06:15:00	0.500	15	30	0.0	30.0	32.2	35.7	120.0	34.0	35.0	35.8	flash	
2026-09-03T06:15:30	0.667	20	30	40.0	40.0	33.4	35.9	120.0	40.0	33.4	35.9	flash	
2026-09-03T06:16:00	0.533	16	30	60.0	32.0	33.6	35.8	140.0	40.0	33.6	35.9	flash	
2026-09-03T06:16:30	0.500	15	30	40.0	30.0	33.8	35.5	100.0	38.0	33.8	35.8	flash	
2026-09-03T06:17:00	0.232	7	30.1111	0.0	14.0	32.6	35.2	60.0	36.0	33.8	35.5	flash	
2026-09-03T06:17:30	0.663	20	30.1667	20.0	40.0	32.6	35.3	220.0	40.0	35.2	35.4	flash	
2026-09-03T06:18:00	0.331	10	30.1667	0.0	20.0	30.2	35.3	60.0	40.0	31.4	35.4	flash	
2026-09-03T06:18:30	0.464	14	30.1667	60.0	28.0	29.2	35.2	120.0	30.0	30.2	35.3	flash	
2026-09-03T06:19:00	0.099	3	30.1667	0.0	6.0	27.2	34.9	40.0	30.0	28.8	35.3	flash	
2026-09-03T06:19:30	0.762	23	30.1667	20.0	46.0	28.6	35.1	200.0	46.0	28.6	35.1	flash	
2026-09-03T06:20:00	0.412	12	29.1611	0.0	24.0	28.0	35.0	60.0	50.0	29.2	35.1	flash	
2026-09-03T06:20:30	0.928	28	30.1667	100.0	56.0	29.6	35.2	120.0	56.0	29.8	35.3	flash	
2026-09-03T06:21:00	0.464	14	30.1667	60.0	28.0	29.2	35.0	80.0	60.0	30.8	35.3	flash	
2026-09-03T06:21:30	0.530	16	30.1667	0.0	32.0	29.4	35.0	80.0	38.0	30.6	35.1	flash	
2026-09-03T06:22:00	0.298	9	30.1667	0.0	18.0	29.8	34.9	60.0	32.0	29.8	35.1	flash	
2026-09-03T06:22:30	0.696	21	30.1667	20.0	42.0	30.0	35.0	120.0	42.0	30.2	35.2	flash	
2026-09-03T06:23:00	1.132	33	29.1611	80.0	66.0	34.6	35.4	240.0	66.0	34.6	35.4	flash	
2026-09-03T06:23:30	0.331	10	30.1667	20.0	20.0	34.0	35.1	120.0	66.0	34.8	35.4	flash	
2026-09-03T06:24:00	0.630	19	30.1667	20.0	38.0	37.0	35.1	80.0	44.0	37.0	35.1	flash	
2026-09-03T06:24:30	0.597	18	30.1667	20.0	36.0	36.0	35.0	120.0	42.0	38.4	35.1	flash	
2026-09-03T06:25:00	0.431	13	30.1667	40.0	26.0	36.2	34.7	60.0	36.0	36.4	35.0	flash	
2026-09-03T06:25:30	0.762	23	30.1667	20.0	46.0	35.2	34.8	180.0	50.0	37.6	34.9	flash	
2026-09-03T06:26:00	1.029	30	29.1611	0.0	60.0	38.4	35.1	140.0	70.0	39.0	35.1	flash	
2026-09-03T06:26:30	0.796	24	30.1667	40.0	48.0	40.0	34.9	180.0	60.0	40.0	35.2	flash	
2026-09-03T06:27:00	0.464	14	30.1667	0.0	28.0	41.0	35.0	80.0	50.0	41.4	35.1	flash	
2026-09-03T06:27:30	0.696	21	30.1667	60.0	42.0	41.0	35.1	120.0	42.0	41.0	35.1	flash	
2026-09-03T06:28:00	0.530	16	30.1667	100.0	32.0	37.6	35.1	100.0	44.0	41.2	35.1	flash	
2026-09-03T06:28:30	0.365	11	30.1667	40.0	22.0	37.8	35.2	120.0	34.0	38.2	35.2	flash	
2026-09-03T06:29:00	0.892	26	29.1611	80.0	52.0	39.4	35.5	140.0	52.0	39.4	35.5	flash	
2026-09-03T06:29:30	0.696	21	30.1667	20.0	42.0	39.8	35.5	120.0	62.0	40.6	35.6	flash	
2026-09-03T06:30:00	0.961	29	30.1667	20.0	58.0	43.2	35.7	220.0	62.0	43.6	35.8	flash	
2026-09-03T06:30:30	0.796	24	30.1667	60.0	48.0	43.2	35.5	160.0	62.0	43.6	35.6	flash	
2026-09-03T06:31:00	0.729	22	30.1667	80.0	44.0	41.6	35.8	120.0	58.0	44.2	35.8	flash	
2026-09-03T06:31:30	0.331	10	30.1667	0.0	20.0	38.8	35.8	100.0	40.0	41.8	35.9	flash	
2026-09-03T06:32:00	0.343	10	29.1611	0.0	20.0	38.0	35.8	80.0	28.0	39.8	35.9	flash	
2026-09-03T06:32:30	0.431	13	30.1667	20.0	26.0	36.4	35.8	100.0	28.0	39.2	35.9	flash	
2026-09-03T06:33:00	1.061	32	30.1667	40.0	64.0	40.6	36.1	180.0	64.0	40.8	36.1	flash	
2026-09-03T06:33:30	0.696	21	30.1667	100.0	42.0	41.6	36.2	120.0	64.0	41.6	36.2	flash	
2026-09-03T06:34:00	0.597	18	30.1667	60.0	36.0	40.0	36.1	140.0	50.0	42.0	36.2	flash	
2026-09-03T06:34:30	0.464	14	30.1667	20.0	28.0	38.6	35.9	140.0	44.0	41.0	36.2	flash	
2026-09-03T06:35:00	0.686	20	29.1611	40.0	40.0	36.8	36.1	120.0	42.0	39.4	36.1	flash	
2026-09-03T06:35:30	0.895	27	30.1667	40.0	54.0	37.6	36.1	160.0	54.0	38.8	36.1	flash	
2026-09-03T06:36:00	0.862	26	30.1667	20.0	52.0	38.8	36.3	120.0	64.0	39.4	36.3	flash	
2026-09-03T06:36:30	0.829	25	30.1667	20.0	50.0	41.2	36.5	160.0	66.0	41.2	36.5	flash	
2026-09-03T06:37:00	0.365	11	30.1667	0.0	22.0	41.4	36.3	60.0	52.0	41.6	36.5	flash	
2026-09-03T06:37:30	0.696	21	30.1667	20.0	42.0	43.0	36.4	120.0	42.0	43.0	36.4	flash	
2026-09-03T06:38:00	0.480	14	29.1611	100.0	30.0	39.6	36.5	120.0	40.0	43.0	36.5	flash	
2026-09-03T06:38:30	0.530	16	30.1667	40.0	32.0	39.4	36.4	120.0	48.0	40.8	36.7	flash	
2026-09-03T06:39:00	0.862	26	30.1667	40.0	52.0	40.2	36.7	220.0	54.0	41.2	36.7	flash	
2026-09-03T06:39:30	0.862	26	30.1667	0.0	52.0	42.4	36.4	140.0	56.0	42.6	36.7	flash	
2026-09-03T06:40:00	0.729	22	30.1667	40.0	44.0	42.8	36.5	100.0	52.0	42.8	36.6	flash	
2026-09-03T06:40:30	0.398	12	30.1667	40.0	24.0	39.8	36.3	120.0	48.0	43.2	36.5	flash	
2026-09-03T06:41:00	0.240	7	29.1611	20.0	14.0	36.2	36.2	100.0	28.0	39.8	36.3	flash	
2026-09-03T06:41:30	0.663	20	30.1667	0.0	40.0	35.0	36.2	140.0	46.0	37.0	36.3	flash	
2026-09-03T06:42:00	0.331	10	30.1667	20.0	20.0	34.8	35.9	80.0	40.0	35.4	36.2	flash	
2026-09-03T06:42:30	0.166	5	30.1667	0.0	10.0	31.8	35.8	40.0	20.0	34.8	35.9	flash	
2026-09-03T06:43:00	0.762	23	30.1667	60.0	46.0	33.4	36.0	160.0	46.0	34.4	36.0	flash	
2026-09-03T06:43:30	0.431	13	30.1667	0.0	26.0	32.8	35.8	140.0	54.0	34.0	36.1	flash	
2026-09-03T06:44:00	0.549	16	29.1611	0.0	32.0	31.0	35.7	140.0	32.0	33.0	35.8	flash	
2026-09-03T06:44:30	0.928	28	30.1667	0.0	56.0	31.2	36.0	200.0	56.0	32.4	36.0	flash	
2026-09-03T06:45:00	0.564	17	30.1667	0.0	34.0	30.6	36.0	140.0	52.0	32.6	36.2	flash	
2026-09-03T06:45:30	1.028	31	30.1667	20.0	62.0	34.0	36.3	200.0	62.0	35.2	36.3	flash	
2026-09-03T06:46:00	0.232	7	30.1667	20.0	14.0	34.0	35.9	60.0	56.0	34.2	36.2	flash	
2026-09-03T06:46:30	0.232	7	30.1667	20.0	14.0	31.4	35.6	40.0	20.0	34.0	35.9	flash	
2026-09-03T06:47:00	0.652	19	29.1611	20.0	38.0	33.4	35.2	120.0	42.0	33.4	35.6	flash	
2026-09-03T06:47:30	0.696	21	30.1667	40.0	42.0	36.4	35.2	120.0	44.0	36.4	35.3	flash	
2026-09-03T06:48:00	0.232	7	30.1667	40.0	14.0	33.4	35.1	40.0	42.0	36.6	35.2	flash	
2026-09-03T06:48:30	0.663	20	30.1667	20.0	40.0	34.6	35.1	200.0	46.0	34.6	35.2	flash	
2026-09-03T06:49:00	0.663	20	30.1667	40.0	40.0	35.4	35.2	180.0	40.0	36.2	35.3	flash	
2026-09-03T06:49:30	0.298	9	30.1667	0.0	18.0	31.6	35.2	140.0	52.0	35.2	35.3	flash	
2026-09-03T06:50:00	0.823	24	29.1611	0.0	48.0	33.0	35.3	120.0	48.0	33.4	35.4	flash	
2026-09-03T06:50:30	0.895	27	30.1667	40.0	54.0	32.2	35.5	120.0	58.0	34.2	35.6	flash	
2026-09-03T06:51:00	0.729	22	30.1667	60.0	44.0	35.2	35.5	80.0	56.0	35.2	35.5	flash	
2026-09-03T06:51:30	0.298	9	30.1667	20.0	18.0	35.6	35.3	100.0	46.0	36.0	35.5	flash	
2026-09-03T06:52:00	0.796	24	30.1667	60.0	48.0	36.6	35.4	140.0	48.0	36.8	35.4	flash	
2026-09-03T06:52:30	0.530	16	30.1667	80.0	32.0	35.6	35.5	100.0	56.0	37.0	35.5	flash	
2026-09-03T06:53:00	0.686	20	29.1611	60.0	48.0	38.4	35.4	200.0	48.0	38.6	35.5	flash	
2026-09-03T06:53:30	0.199	6	30.1667	0.0	12.0	35.6	35.0	80.0	40.0	38.2	35.3	flash	
2026-09-03T06:54:00	0.597	18	30.1667	0.0	36.0	35.4	35.1	100.0	36.0	37.0	35.2	flash	
2026-09-03T06:54:30	0.464	14	30.1667	0.0	28.0	36.0	34.9	120.0	40.0	36.0	35.1	flash	
2026-09-03T06:55:00	0.564	17	30.1667	40.0	34.0	34.6	35.1	80.0	42.0	36.8	35.1	flash	
2026-09-03T06:55:30	0.696	21	30.1667	0.0	42.0	33.4	35.1	180.0	52.0	35.0	35.2	flash	
2026-09-03T06:56:00	0.206	6	29.1611	60.0	12.0	30.2	34.8	60.0	42.0	33.2	35.1	flash	
2026-09-03T06:56:30	0.663	20	30.1667	0.0	40.0	32.4	35.0	100.0	46.0	32.6	35.1	flash	
2026-09-03T06:57:00	0.398	12	30.1667	20.0	24.0	30.0	34.9	80.0	48.0	33.2	35.1	flash	
2026-09-03T06:57:30	0.663	20	30.1667	40.0	40.0	31.6	35.0	160.0	44.0	31.8	35.1	flash	
2026-09-03T06:58:00	0.365	11	30.1667	0.0	22.0	29.0	35.0	100.0	32.0	31.6	35.1	flash	
2026-09-03T06:58:30	0.696	21	30.1667	40.0	42.0	32.0	35.0	140.0	42.0	32.0	35.1	flash	
2026-09-03T06:59:00	0.927	27	29.1278	60.0	58.0	33.8	35.3	120.0	58.0	33.8	35.3	flash	
2026-09-03T06:59:30	0.533	16	30	0.0	32.0	34.2	35.2	160.0	64.0	34.8	35.4	flash	
2026-09-03T07:00:00	0.500	15	30	0.0	30.0	33.8	35.1	160.0	46.0	35.0	35.4	flash	
2026-09-03T07:00:30	0.467	14	30	0.0	28.0	32.4	35.1	120.0	36.0	34.6	35.2	flash	
2026-09-03T07:01:00	0.333	10	30	60.0	20.0	33.2	35.0	80.0	30.0	33.4	35.0	flash	
2026-09-03T07:01:30	0.667	20	30	40.0	40.0	33.2	35.1	120.0	42.0	34.0	35.1	flash	
2026-09-03T07:02:00	0.533	16	30.0333	0.0	32.0	34.2	35.1	120.0	38.0	34.2	35.1	flash	
2026-09-03T07:02:30	0.961	29	30.1667	60.0	58.0	35.8	35.3	140.0	64.0	36.2	35.4	flash	
2026-09-03T07:03:00	0.530	16	30.1667	20.0	32.0	36.8	35.2	160.0	52.0	36.8	35.3	flash	
2026-09-03T07:03:30	0.530	16	30.1667	20.0	32.0	36.2	35.1	100.0	44.0	36.8	35.2	flash	
2026-09-03T07:04:00	0.530	16	30.1667	40.0	32.0	33.6	35.2	100.0	36.0	36.2	35.2	flash	
2026-09-03T07:04:30	0.597	18	30.1667	0.0	36.0	34.0	35.2	120.0	50.0	34.8	35.3	flash	
2026-09-03T07:05:00	0.652	19	29.1611	0.0	38.0	34.8	35.3	120.0	42.0	35.2	35.3	flash	
2026-09-03T07:05:30	0.762	23	30.1667	0.0	46.0	36.6	35.4	180.0	50.0	36.8	35.5	flash	
2026-09-03T07:06:00	0.497	15	30.1667	0.0	30.0	37.6	35.4	100.0	50.0	38.2	35.5	flash	
2026-09-03T07:06:30	0.630	19	30.1667	20.0	38.0	37.4	35.4	140.0	38.0	38.2	35.5	flash	
2026-09-03T07:07:00	0.597	18	30.1667	20.0	36.0	37.8	35.7	80.0	48.0	38.6	35.7	flash	
2026-09-03T07:07:30	0.331	10	30.1667	0.0	20.0	34.0	35.5	140.0	36.0	37.2	35.7	flash	
2026-09-03T07:08:00	0.583	17	29.1611	0.0	34.0	34.4	35.6	100.0	50.0	35.6	35.6	flash	
2026-09-03T07:08:30	0.497	15	30.1667	20.0	30.0	34.0	35.6	100.0	40.0	34.8	35.7	flash	
2026-09-03T07:09:00	0.497	15	30.1667	0.0	30.0	34.0	35.9	120.0	48.0	35.4	35.9	flash	
2026-09-03T07:09:30	0.829	25	30.1667	100.0	50.0	35.2	35.9	120.0	50.0	35.2	36.0	flash	
2026-09-03T07:10:00	0.398	12	30.1667	60.0	24.0	33.8	35.9	60.0	50.0	35.6	35.9	flash	
2026-09-03T07:10:30	0.530	16	30.1667	20.0	32.0	32.4	35.7	100.0	36.0	34.0	35.9	flash	
2026-09-03T07:11:00	0.857	25	29.1611	20.0	50.0	34.4	35.9	160.0	52.0	34.8	35.9	flash	
2026-09-03T07:11:30	0.398	12	30.1667	0.0	24.0	33.0	35.8	120.0	54.0	34.6	36.0	flash	
2026-09-03T07:12:00	0.464	14	30.1667	20.0	28.0	32.2	35.9	80.0	38.0	33.8	35.9	flash	
2026-09-03T07:12:30	0.796	24	30.1667	20.0	48.0	35.0	36.0	160.0	50.0	36.6	36.1	flash	
2026-09-03T07:13:00	0.663	20	30.1667	140.0	40.0	35.6	35.7	140.0	50.0	36.0	36.0	flash	
2026-09-03T07:13:30	0.365	11	30.1667	20.0	22.0	34.8	35.7	100.0	38.0	36.4	35.8	flash	
2026-09-03T07:14:00	0.309	9	29.1611	0.0	20.0	33.6	35.5	120.0	34.0	36.0	35.8	flash	
2026-09-03T07:14:30	0.597	18	30.1667	20.0	36.0	32.2	35.5	160.0	36.0	35.4	35.7	flash	
2026-09-03T07:15:00	0.431	13	30.1667	140.0	26.0	32.6	35.5	180.0	36.0	32.6	35.5	flash	
2026-09-03T07:15:30	0.199	6	30.1667	0.0	12.0	30.4	35.2	120.0	36.0	32.6	35.5	flash	
2026-09-03T07:16:00	0.663	20	30.1667	40.0	40.0	29.4	35.0	120.0	40.0	31.2	35.2	flash	
2026-09-03T07:16:30	0.597	18	30.1667	60.0	36.0	30.6	34.9	80.0	50.0	31.2	35.1	flash	
2026-09-03T07:17:00	0.892	26	29.1611	20.0	56.0	33.0	35.1	180.0	58.0	33.2	35.1	flash	
2026-09-03T07:17:30	0.431	13	30.1667	0.0	26.0	30.8	34.9	120.0	54.0	33.0	35.2	flash	
2026-09-03T07:18:00	0.431	13	30.1667	20.0	26.0	29.8	35.0	80.0	30.0	31.2	35.0	flash	
2026-09-03T07:18:30	0.663	20	30.1667	0.0	40.0	31.4	35.1	140.0	44.0	32.0	35.2	flash	
2026-09-03T07:19:00	0.762	23	30.1667	100.0	46.0	34.0	35.0	120.0	48.0	34.0	35.1	flash	
2026-09-03T07:19:30	0.298	9	30.1667	0.0	18.0	32.2	34.8	100.0	46.0	34.0	35.0	flash	
2026-09-03T07:20:00	0.926	27	29.1611	100.0	54.0	35.6	34.7	160.0	54.0	36.4	34.9	flash	
2026-09-03T07:20:30	0.199	6	30.1667	0.0	12.0	35.0	34.4	100.0	54.0	35.6	34.8	flash	
2026-09-03T07:21:00	0.431	13	30.1667	0.0	26.0	33.8	34.2	80.0	26.0	35.2	34.4	flash	
2026-09-03T07:21:30	0.597	18	30.1667	0.0	36.0	34.0	34.3	140.0	46.0	34.4	34.3	flash	
2026-09-03T07:22:00	0.133	4	30.1667	0.0	8.0	29.2	34.2	40.0	36.0	33.6	34.3	flash	
2026-09-03T07:22:30	0.464	14	30.1667	100.0	28.0	29.4	34.2	100.0	28.0	29.4	34.3	flash	
2026-09-03T07:23:00	0.862	26	30.1667	60.0	52.0	32.0	34.1	140.0	56.0	32.0	34.2	flash	
2026-09-03T07:23:30	0.552	16	29	20.0	32.0	31.2	34.1	120.0	64.0	32.2	34.2	flash	
2026-09-03T07:24:00	0.500	15	30	0.0	30.0	29.6	34.0	140.0	46.0	32.6	34.1	flash	
2026-09-03T07:24:30	0.700	21	30	40.0	42.0	32.0	34.1	100.0	42.0	32.0	34.1	flash	
2026-09-03T07:25:00	0.333	10	30	20.0	20.0	28.6	33.9	60.0	34.0	32.2	34.1	flash	
2026-09-03T07:25:30	0.400	12	30	60.0	24.0	29.8	33.6	60.0	30.0	29.8	33.9	flash	
2026-09-03T07:26:00	0.433	13	30	40.0	26.0	29.8	33.4	60.0	30.0	30.6	33.6	flash	
2026-09-03T07:26:30	0.763	23	30.1611	40.0	46.0	30.8	33.3	140.0	50.0	31.2	33.4	flash	
2026-09-03T07:27:00	0.696	21	30.1667	100.0	42.0	34.2	33.5	100.0	48.0	34.2	33.5	flash	
2026-09-03T07:27:30	0.398	12	30.1667	0.0	24.0	33.8	33.3	100.0	42.0	35.2	33.5	flash	
2026-09-03T07:28:00	0.166	5	30.1667	0.0	10.0	29.6	33.1	40.0	26.0	34.0	33.4	flash	
2026-09-03T07:28:30	0.729	22	30.1667	60.0	44.0	30.8	33.3	180.0	44.0	31.6	33.3	flash	
2026-09-03T07:29:00	0.663	20	30.1667	40.0	40.0	31.8	33.1	240.0	54.0	32.2	33.3	flash	
2026-09-03T07:29:30	0.549	16	29.1611	100.0	32.0	30.8	32.9	100.0	42.0	30.8	33.1	flash	
2026-09-03T07:30:00	0.232	7	30.1667	0.0	14.0	30.2	32.7	100.0	40.0	31.2	33.0	flash	
2026-09-03T07:30:30	0.431	13	30.1667	20.0	26.0	30.4	32.7	80.0	26.0	30.8	32.7	flash	
2026-09-03T07:31:00	0.199	6	30.1667	0.0	12.0	29.0	32.6	60.0	28.0	30.6	32.7	flash	
2026-09-03T07:31:30	0.630	19	30.1667	40.0	38.0	28.2	32.6	80.0	38.0	29.6	32.7	flash	
2026-09-03T07:32:00	0.630	19	30.1667	20.0	38.0	27.8	32.8	100.0	40.0	28.8	32.8	flash	
2026-09-03T07:32:30	0.652	19	29.1611	40.0	38.0	29.2	33.1	120.0	46.0	29.2	33.1	flash	
2026-09-03T07:33:00	0.564	17	30.1667	0.0	34.0	31.6	33.0	120.0	44.0	31.6	33.1	flash	
2026-09-03T07:33:30	0.729	22	30.1667	40.0	44.0	31.6	33.1	120.0	56.0	32.8	33.1	flash	
2026-09-03T07:34:00	0.564	17	30.1667	20.0	34.0	31.0	33.2	80.0	44.0	32.2	33.2	flash	
2026-09-03T07:34:30	0.729	22	30.1667	20.0	44.0	32.2	33.0	100.0	46.0	33.2	33.2	flash	
2026-09-03T07:35:00	0.696	21	30.1667	40.0	42.0	35.0	33.1	160.0	48.0	35.0	33.1	flash	
2026-09-03T07:35:30	0.343	10	29.1611	20.0	22.0	34.4	32.7	80.0	44.0	35.4	33.1	flash	
2026-09-03T07:36:00	0.796	24	30.1667	20.0	48.0	38.0	33.0	100.0	48.0	38.0	33.1	flash	
2026-09-03T07:36:30	0.464	14	30.1667	0.0	28.0	37.0	33.2	120.0	48.0	38.0	33.2	flash	
2026-09-03T07:37:00	0.365	11	30.1667	0.0	22.0	35.4	33.0	80.0	38.0	38.2	33.2	flash	
2026-09-03T07:37:30	0.464	14	30.1667	0.0	28.0	34.4	32.9	160.0	28.0	35.8	33.0	flash	
2026-09-03T07:38:00	0.564	17	30.1667	0.0	34.0	34.4	33.1	120.0	50.0	36.0	33.1	flash	
2026-09-03T07:38:30	1.097	32	29.1611	20.0	64.0	36.4	33.3	240.0	64.0	37.0	33.3	flash	
2026-09-03T07:39:00	0.331	10	30.1667	60.0	20.0	35.2	33.2	60.0	64.0	36.4	33.3	flash	
2026-09-03T07:39:30	0.696	21	30.1667	80.0	42.0	34.8	33.4	120.0	42.0	35.2	33.4	flash	
2026-09-03T07:40:00	0.564	17	30.1667	0.0	34.0	34.2	33.2	100.0	54.0	36.2	33.4	flash	
2026-09-03T07:40:30	0.464	14	30.1667	20.0	28.0	34.8	33.0	140.0	30.0	34.8	33.2	flash	
2026-09-03T07:41:00	0.199	6	30.1667	0.0	12.0	31.2	32.6	100.0	36.0	34.8	32.9	flash	
2026-09-03T07:41:30	0.857	25	29.1611	0.0	50.0	33.4	33.0	160.0	50.0	33.6	33.0	flash	
2026-09-03T07:42:00	0.597	18	30.1667	20.0	36.0	34.8	32.8	120.0	52.0	34.8	33.0	flash	
2026-09-03T07:42:30	0.696	21	30.1667	0.0	42.0	36.2	33.0	180.0	58.0	37.2	33.0	flash	
2026-09-03T07:43:00	0.762	23	30.1667	0.0	46.0	37.4	33.0	100.0	54.0	37.6	33.2	flash	
2026-09-03T07:43:30	0.762	23	30.1667	60.0	46.0	35.6	33.3	160.0	46.0	37.6	33.3	flash	
2026-09-03T07:44:00	0.564	17	30.1667	100.0	34.0	37.0	33.3	100.0	52.0	37.2	33.3	flash	
2026-09-03T07:44:30	0.652	19	29.1611	0.0	42.0	37.0	33.4	180.0	52.0	38.4	33.5	flash	
2026-09-03T07:45:00	0.530	16	30.1667	60.0	32.0	36.4	33.4	140.0	50.0	37.2	33.5	flash	
2026-09-03T07:45:30	0.928	28	30.1667	40.0	56.0	39.4	33.5	140.0	60.0	39.6	33.6	flash	
2026-09-03T07:46:00	0.630	19	30.1667	140.0	38.0	41.8	33.8	160.0	52.0	41.8	33.8	flash	
2026-09-03T07:46:30	0.398	12	30.1667	0.0	24.0	39.2	33.6	140.0	42.0	41.8	33.8	flash	
2026-09-03T07:47:00	0.663	20	30.1667	40.0	40.0	39.6	33.8	120.0	40.0	40.0	33.8	flash	
2026-09-03T07:47:30	0.517	15	29.0389	40.0	32.0	38.4	33.7	60.0	48.0	39.4	33.8	flash	
2026-09-03T07:48:00	0.800	24	30	20.0	48.0	38.6	34.0	180.0	50.0	38.6	34.0	flash	
2026-09-03T07:48:30	0.533	16	30	60.0	32.0	37.4	33.9	100.0	46.0	38.6	34.0	flash	
2026-09-03T07:49:00	1.067	32	30	40.0	64.0	40.6	34.0	200.0	72.0	41.0	34.0	flash	
2026-09-03T07:49:30	0.433	13	30	0.0	26.0	39.0	33.9	120.0	60.0	41.6	34.1	flash	
2026-09-03T07:50:00	0.433	13	30	20.0	26.0	38.8	33.9	120.0	26.0	39.2	33.9	flash	
2026-09-03T07:50:30	0.598	18	30.1222	60.0	36.0	36.4	33.9	160.0	54.0	38.8	34.0	flash	
2026-09-03T07:51:00	0.530	16	30.1667	0.0	32.0	36.2	34.1	140.0	38.0	37.6	34.2	flash	
2026-09-03T07:51:30	0.365	11	30.1667	0.0	22.0	35.6	33.9	60.0	40.0	37.0	34.1	flash	
2026-09-03T07:52:00	0.994	30	30.1667	60.0	60.0	37.8	34.2	220.0	60.0	38.0	34.2	flash	
2026-09-03T07:52:30	0.497	15	30.1667	0.0	30.0	37.6	33.9	140.0	64.0	39.0	34.2	flash	
2026-09-03T07:53:00	0.630	19	30.1667	60.0	38.0	36.6	33.9	160.0	38.0	37.4	33.9	flash	
2026-09-03T07:53:30	0.652	19	29.1611	0.0	40.0	37.2	34.0	180.0	66.0	39.0	34.1	flash	
2026-09-03T07:54:00	0.497	15	30.1667	0.0	30.0	33.8	34.0	100.0	38.0	36.6	34.2	flash	
2026-09-03T07:54:30	0.265	8	30.1667	0.0	16.0	32.8	33.8	100.0	32.0	33.6	34.0	flash	
2026-09-03T07:55:00	0.464	14	30.1667	60.0	28.0	33.0	33.7	120.0	28.0	33.8	33.8	flash	
2026-09-03T07:55:30	0.762	23	30.1667	0.0	46.0	34.0	33.7	140.0	54.0	34.6	33.8	flash	
2026-09-03T07:56:00	0.530	16	30.1667	20.0	32.0	34.0	33.7	120.0	56.0	35.2	33.8	flash	
2026-09-03T07:56:30	0.377	11	29.1611	0.0	24.0	34.0	33.5	100.0	32.0	34.2	33.7	flash	
2026-09-03T07:57:00	0.994	30	30.1667	40.0	60.0	34.0	33.8	240.0	60.0	35.6	33.8	flash	
2026-09-03T07:57:30	0.497	15	30.1667	20.0	30.0	34.0	33.9	80.0	68.0	34.4	34.0	flash	
2026-09-03T07:58:00	0.464	14	30.1667	0.0	28.0	33.2	33.8	100.0	36.0	36.0	34.0	flash	
2026-09-03T07:58:30	0.895	27	30.1667	80.0	54.0	34.6	34.1	160.0	54.0	34.6	34.1	flash	
2026-09-03T07:59:00	0.597	18	30.1667	20.0	36.0	35.2	34.1	120.0	58.0	35.6	34.1	flash	
2026-09-03T07:59:30	0.686	20	29.1611	0.0	40.0	37.6	34.0	160.0	56.0	37.6	34.3	flash	
2026-09-03T08:00:00	0.663	20	30.1667	140.0	40.0	39.2	34.2	200.0	42.0	39.2	34.2	flash	
2026-09-03T08:00:30	0.762	23	30.1667	40.0	46.0	38.8	34.3	140.0	60.0	39.0	34.3	flash	
2026-09-03T08:01:00	0.431	13	30.1667	0.0	26.0	38.4	34.1	100.0	54.0	39.0	34.4	flash	
2026-09-03T08:01:30	0.862	26	30.1667	80.0	52.0	41.2	34.4	160.0	52.0	41.2	34.4	flash	
2026-09-03T08:02:00	0.530	16	30.1667	20.0	32.0	38.4	34.4	100.0	62.0	41.8	34.4	flash	
2026-09-03T08:02:30	0.652	19	29.1611	20.0	38.0	39.4	34.3	140.0	42.0	39.4	34.4	flash	
2026-09-03T08:03:00	0.630	19	30.1667	0.0	38.0	40.2	34.3	120.0	60.0	40.4	34.5	flash	
2026-09-03T08:03:30	0.199	6	30.1667	20.0	12.0	36.4	34.2	60.0	38.0	40.2	34.3	flash	
2026-09-03T08:04:00	0.762	23	30.1667	40.0	46.0	37.0	34.5	160.0	46.0	37.0	34.5	flash	
2026-09-03T08:04:30	0.431	13	30.1667	0.0	26.0	35.6	34.4	100.0	46.0	37.0	34.5	flash	
2026-09-03T08:05:00	0.398	12	30.1667	0.0	24.0	34.0	34.3	60.0	32.0	36.6	34.5	flash	
2026-09-03T08:05:30	0.343	10	29.1611	20.0	20.0	31.4	34.4	60.0	28.0	34.2	34.4	flash	
2026-09-03T08:06:00	0.663	20	30.1667	40.0	40.0	32.8	34.4	140.0	40.0	32.8	34.5	flash	
2026-09-03T08:06:30	0.298	9	30.1667	60.0	18.0	29.6	34.3	60.0	40.0	32.8	34.4	flash	
2026-09-03T08:07:00	0.696	21	30.1667	0.0	42.0	30.4	34.1	200.0	50.0	32.2	34.4	flash	
2026-09-03T08:07:30	0.895	27	30.1667	20.0	54.0	32.0	34.4	220.0	54.0	33.6	34.4	flash	
2026-09-03T08:08:00	0.796	24	30.1667	20.0	48.0	33.0	34.6	160.0	72.0	33.6	34.7	flash	
2026-09-03T08:08:30	0.652	19	29.1611	0.0	38.0	35.6	34.6	120.0	46.0	35.8	34.6	flash	
2026-09-03T08:09:00	0.431	13	30.1667	0.0	26.0	33.6	34.4	80.0	46.0	36.0	34.6	flash	
2026-09-03T08:09:30	0.663	20	30.1667	20.0	40.0	35.0	34.6	160.0	42.0	35.4	34.6	flash	
2026-09-03T08:10:00	0.166	5	30.1667	0.0	10.0	33.6	34.2	40.0	40.0	35.0	34.6	flash	
2026-09-03T08:10:30	0.398	12	30.1667	20.0	24.0	34.0	34.3	120.0	24.0	34.2	34.3	flash	
2026-09-03T08:11:00	0.564	17	30.1667	60.0	34.0	33.4	34.4	140.0	40.0	35.4	34.5	flash	
2026-09-03T08:11:30	0.686	20	29.1611	60.0	42.0	35.6	34.4	140.0	46.0	36.0	34.5	flash	
2026-09-03T08:12:00	0.265	8	30.1667	0.0	16.0	33.0	34.5	40.0	42.0	35.8	34.6	flash	
2026-09-03T08:12:30	0.232	7	30.1667	0.0	14.0	29.2	34.4	60.0	18.0	33.0	34.6	flash	
2026-09-03T08:13:00	0.630	19	30.1667	160.0	38.0	28.0	34.2	160.0	38.0	29.0	34.5	flash	
2026-09-03T08:13:30	0.464	14	30.1667	20.0	28.0	27.0	34.2	180.0	54.0	29.6	34.4	flash	
2026-09-03T08:14:00	0.431	13	30.1667	60.0	26.0	27.0	34.2	80.0	30.0	27.6	34.2	flash	
2026-09-03T08:14:30	0.823	24	29.1611	0.0	54.0	28.0	34.2	200.0	54.0	28.6	34.3	flash	
2026-09-03T08:15:00	0.530	16	30.1667	40.0	32.0	30.0	34.3	60.0	48.0	30.0	34.4	flash	
2026-09-03T08:15:30	0.895	27	30.1667	20.0	54.0	33.2	34.6	220.0	60.0	33.4	34.7	flash	
2026-09-03T08:16:00	0.729	22	30.1667	20.0	44.0	34.2	34.8	120.0	64.0	34.8	34.9	flash	
2026-09-03T08:16:30	0.597	18	30.1667	20.0	36.0	33.6	34.7	120.0	44.0	35.0	34.8	flash	
2026-09-03T08:17:00	0.365	11	30.1667	100.0	22.0	34.2	34.5	100.0	36.0	34.2	34.7	flash	
2026-09-03T08:17:30	0.309	9	29.1611	40.0	18.0	34.6	34.5	60.0	24.0	35.0	34.6	flash	
2026-09-03T08:18:00	0.497	15	30.1667	0.0	30.0	34.8	34.7	100.0	34.0	35.6	34.7	flash	
2026-09-03T08:18:30	0.696	21	30.1667	40.0	42.0	35.2	34.6	200.0	44.0	35.2	34.7	flash	
2026-09-03T08:19:00	0.597	18	30.1667	0.0	36.0	36.8	34.6	140.0	54.0	37.0	34.8	flash	
2026-09-03T08:19:30	0.365	11	30.1667	0.0	22.0	33.6	34.5	100.0	32.0	36.2	34.7	flash	
2026-09-03T08:20:00	0.696	21	30.1667	200.0	42.0	34.6	34.8	200.0	42.0	34.6	34.8	flash	
2026-09-03T08:20:30	0.584	17	29.0944	100.0	40.0	32.6	34.9	140.0	50.0	35.2	34.9	flash	
2026-09-03T08:21:00	0.433	13	30	0.0	26.0	30.8	35.0	80.0	42.0	33.0	35.0	flash	
2026-09-03T08:21:30	0.733	22	30	20.0	44.0	31.6	35.1	100.0	50.0	32.4	35.1	flash	
2026-09-03T08:22:00	0.733	22	30	0.0	44.0	33.8	35.1	160.0	58.0	34.8	35.3	flash	
2026-09-03T08:22:30	0.500	15	30	100.0	30.0	35.2	35.0	140.0	36.0	35.4	35.2	flash	
2026-09-03T08:23:00	0.633	19	30	0.0	38.0	35.8	35.1	140.0	48.0	36.4	35.2	flash	
2026-09-03T08:23:30	0.665	20	30.0667	20.0	40.0	35.8	35.0	200.0	48.0	36.6	35.1	flash	
2026-09-03T08:24:00	0.398	12	30.1667	40.0	24.0	34.4	35.0	60.0	44.0	35.8	35.1	flash	
2026-09-03T08:24:30	0.298	9	30.1667	0.0	18.0	34.0	34.7	100.0	26.0	34.4	34.9	flash	
2026-09-03T08:25:00	0.630	19	30.1667	60.0	38.0	34.2	34.7	180.0	48.0	35.4	34.9	flash	
2026-09-03T08:25:30	0.895	27	30.1667	40.0	54.0	35.6	35.0	120.0	60.0	37.6	35.0	flash	
2026-09-03T08:26:00	0.663	20	30.1667	0.0	40.0	37.0	34.9	200.0	52.0	37.6	35.0	flash	
2026-09-03T08:26:30	0.480	14	29.1611	20.0	28.0	35.4	34.9	120.0	50.0	37.2	35.0	flash	
2026-09-03T08:27:00	0.663	20	30.1667	60.0	40.0	35.0	35.1	100.0	40.0	35.2	35.1	flash	
2026-09-03T08:27:30	0.530	16	30.1667	40.0	32.0	35.2	35.1	120.0	40.0	36.0	35.3	flash	
2026-09-03T08:28:00	0.564	17	30.1667	20.0	34.0	34.8	35.1	200.0	54.0	36.8	35.2	flash	
2026-09-03T08:28:30	0.862	26	30.1667	20.0	52.0	36.0	35.0	180.0	52.0	37.4	35.2	flash	
2026-09-03T08:29:00	0.696	21	30.1667	40.0	42.0	37.8	35.2	80.0	58.0	38.2	35.3	flash	
2026-09-03T08:29:30	0.377	11	29.1611	60.0	22.0	38.2	35.1	80.0	38.0	38.4	35.2	flash	
2026-09-03T08:30:00	0.630	19	30.1667	40.0	38.0	38.8	35.1	140.0	50.0	39.4	35.1	flash	
2026-09-03T08:30:30	0.199	6	30.1667	0.0	12.0	34.0	34.9	60.0	36.0	38.4	35.1	flash	
2026-09-03T08:31:00	0.829	25	30.1667	40.0	50.0	35.0	35.3	180.0	50.0	36.6	35.3	flash	
2026-09-03T08:31:30	0.497	15	30.1667	0.0	30.0	35.2	35.1	80.0	54.0	35.6	35.3	flash	
2026-09-03T08:32:00	0.365	11	30.1667	20.0	22.0	33.4	34.9	120.0	28.0	35.2	35.1	flash	
2026-09-03T08:32:30	0.480	14	29.1611	80.0	30.0	33.2	34.8	80.0	38.0	33.8	34.9	flash	
2026-09-03T08:33:00	0.729	22	30.1667	20.0	44.0	34.0	34.8	140.0	50.0	34.2	34.8	flash	
2026-09-03T08:33:30	0.829	25	30.1667	40.0	50.0	34.0	34.8	240.0	54.0	35.0	34.9	flash	
2026-09-03T08:34:00	0.696	21	30.1667	120.0	42.0	33.8	34.9	140.0	62.0	34.8	35.0	flash	
2026-09-03T08:34:30	0.597	18	30.1667	20.0	36.0	35.2	34.9	120.0	46.0	35.8	35.0	flash	
2026-09-03T08:35:00	0.331	10	30.1667	20.0	20.0	33.4	34.8	100.0	46.0	35.2	35.0	flash	
2026-09-03T08:35:30	0.686	20	29.1611	0.0	40.0	36.2	34.6	180.0	42.0	36.4	34.7	flash	
2026-09-03T08:36:00	0.398	12	30.1667	40.0	24.0	33.6	34.5	100.0	40.0	36.2	34.6	flash	
2026-09-03T08:36:30	0.663	20	30.1667	80.0	40.0	34.6	34.6	120.0	40.0	34.6	34.6	flash	
2026-09-03T08:37:00	0.862	26	30.1667	120.0	52.0	37.8	34.8	160.0	52.0	37.8	34.8	flash	
2026-09-03T08:37:30	0.597	18	30.1667	40.0	36.0	38.4	34.8	160.0	66.0	39.0	34.8	flash	
2026-09-03T08:38:00	0.298	9	30.1667	0.0	18.0	35.8	34.5	80.0	40.0	38.8	34.8	flash	
2026-09-03T08:38:30	0.446	13	29.1611	0.0	26.0	33.6	34.4	100.0	28.0	36.2	34.6	flash	
2026-09-03T08:39:00	0.365	11	30.1667	0.0	22.0	32.4	34.0	80.0	32.0	33.8	34.4	flash	
2026-09-03T08:39:30	0.630	19	30.1667	0.0	38.0	31.6	34.1	180.0	38.0	32.4	34.1	flash	
2026-09-03T08:40:00	0.431	13	30.1667	0.0	26.0	32.2	34.1	100.0	48.0	32.4	34.3	flash	
2026-09-03T08:40:30	0.961	29	30.1667	20.0	58.0	34.0	34.4	220.0	58.0	34.6	34.4	flash	
2026-09-03T08:41:00	0.597	18	30.1667	0.0	36.0	35.2	34.4	120.0	58.0	35.6	34.4	flash	
2026-09-03T08:41:30	0.892	26	29.1611	40.0	52.0	36.4	34.7	140.0	54.0	37.0	34.7	flash	
2026-09-03T08:42:00	0.464	14	30.1667	0.0	28.0	34.2	34.4	60.0	52.0	37.0	34.7	flash	
2026-09-03T08:42:30	0.762	23	30.1667	100.0	46.0	35.2	34.5	120.0	46.0	35.2	34.5	flash	
2026-09-03T08:43:00	0.298	9	30.1667	20.0	18.0	35.0	34.4	120.0	54.0	35.6	34.7	flash	
2026-09-03T08:43:30	0.762	23	30.1667	40.0	46.0	37.0	34.4	140.0	48.0	37.4	34.4	flash	
2026-09-03T08:44:00	0.663	20	30.1667	60.0	40.0	38.8	34.5	140.0	50.0	38.8	34.5	flash	
2026-09-03T08:44:30	0.652	19	29.1611	80.0	38.0	38.8	34.7	100.0	50.0	39.8	34.7	flash	
2026-09-03T08:45:00	0.331	10	30.1667	0.0	20.0	38.2	34.7	100.0	42.0	38.8	34.8	flash	
2026-09-03T08:45:30	0.564	17	30.1667	0.0	34.0	36.0	34.5	120.0	38.0	38.4	34.7	flash	
2026-09-03T08:46:00	0.564	17	30.1667	80.0	34.0	35.6	34.6	100.0	42.0	36.6	34.6	flash	
2026-09-03T08:46:30	0.729	22	30.1667	20.0	44.0	34.8	34.8	200.0	60.0	38.0	34.8	flash	
2026-09-03T08:47:00	0.497	15	30.1667	100.0	30.0	35.0	34.5	100.0	46.0	35.8	34.9	flash	
2026-09-03T08:47:30	0.480	14	29.1611	0.0	32.0	33.8	34.5	140.0	38.0	36.4	34.5	flash	
2026-09-03T08:48:00	0.829	25	30.1667	0.0	50.0	36.6	34.7	260.0	54.0	36.6	34.7	flash	
2026-09-03T08:48:30	0.464	14	30.1667	0.0	28.0	34.6	34.5	120.0	52.0	36.8	34.7	flash	
2026-09-03T08:49:00	0.530	16	30.1667	60.0	32.0	33.8	34.4	100.0	46.0	35.8	34.5	flash	
2026-09-03T08:49:30	0.564	17	30.1667	0.0	34.0	33.4	34.3	160.0	40.0	35.4	34.4	flash	
2026-09-03T08:50:00	0.729	22	30.1667	0.0	44.0	35.8	34.4	180.0	48.0	35.8	34.6	flash	
2026-09-03T08:50:30	0.652	19	29.1611	20.0	38.0	36.2	34.3	140.0	44.0	36.2	34.4	flash	
2026-09-03T08:51:00	0.630	19	30.1667	0.0	38.0	37.4	34.4	120.0	56.0	38.0	34.4	flash	
2026-09-03T08:51:30	0.464	14	30.1667	120.0	28.0	35.0	34.2	120.0	42.0	36.6	34.4	flash	
2026-09-03T08:52:00	0.928	28	30.1667	40.0	56.0	38.0	34.4	180.0	64.0	38.2	34.4	flash	
2026-09-03T08:52:30	0.630	19	30.1667	40.0	38.0	38.6	34.4	160.0	68.0	39.0	34.6	flash	
2026-09-03T08:53:00	0.597	18	30.1667	0.0	36.0	37.2	34.4	120.0	52.0	39.8	34.4	flash	
2026-09-03T08:53:30	0.583	17	29.1611	0.0	34.0	37.8	34.6	160.0	42.0	38.2	34.6	flash	
2026-09-03T08:54:00	0.663	20	30.1667	60.0	40.0	39.0	34.5	120.0	40.0	39.0	34.6	flash	
2026-09-03T08:54:30	0.464	14	30.1667	0.0	28.0	38.0	34.6	140.0	54.0	39.4	34.7	flash	
2026-09-03T08:55:00	0.497	15	30.1667	0.0	30.0	36.6	34.6	140.0	38.0	39.0	34.7	flash	
2026-09-03T08:55:30	0.597	18	30.1667	40.0	36.0	36.4	34.8	220.0	36.0	37.6	34.8	flash	
2026-09-03T08:56:00	0.298	9	30.1667	0.0	18.0	34.4	34.6	60.0	44.0	36.6	34.8	flash	
2026-09-03T08:56:30	0.754	22	29.1611	0.0	44.0	36.4	34.8	220.0	52.0	37.6	34.9	flash	
2026-09-03T08:57:00	0.862	26	30.1667	0.0	52.0	36.0	34.9	200.0	58.0	39.4	35.0	flash	
2026-09-03T08:57:30	0.564	17	30.1667	40.0	34.0	35.4	34.7	140.0	58.0	36.4	35.0	flash	
2026-09-03T08:58:00	0.862	26	30.1667	100.0	52.0	36.8	34.8	200.0	54.0	36.8	34.8	flash	
2026-09-03T08:58:30	0.398	12	30.1667	100.0	24.0	35.8	34.6	100.0	52.0	37.2	34.8	flash	
2026-09-03T08:59:00	0.365	11	30.1667	0.0	22.0	34.0	34.6	160.0	32.0	36.0	34.6	flash	
2026-09-03T08:59:30	0.446	13	29.1611	20.0	26.0	33.8	34.5	100.0	42.0	34.4	34.6	flash	
2026-09-03T09:00:00	0.533	16	30	0.0	32.0	34.0	34.7	120.0	36.0	34.6	34.7	flash	
2026-09-03T09:00:30	0.433	13	30	0.0	26.0	33.0	34.7	80.0	38.0	35.4	34.8	flash	
2026-09-03T09:01:00	0.867	26	30	40.0	52.0	36.4	34.9	180.0	54.0	36.8	34.9	flash	
2026-09-03T09:01:30	0.467	14	30	80.0	28.0	34.8	34.7	100.0	52.0	36.4	34.9	flash	
2026-09-03T09:02:00	0.333	10	30	0.0	20.0	31.6	34.8	100.0	36.0	35.4	34.8	flash	
2026-09-03T09:02:30	0.433	13	30	40.0	26.0	31.0	34.9	140.0	32.0	32.6	34.9	flash	
2026-09-03T09:03:00	0.796	24	30.1667	20.0	48.0	30.4	35.1	180.0	50.0	31.8	35.2	flash	
2026-09-03T09:03:30	0.365	11	30.1667	0.0	22.0	30.2	34.9	160.0	54.0	31.4	35.0	flash	
2026-09-03T09:04:00	1.061	32	30.1667	0.0	64.0	34.4	35.4	220.0	64.0	35.0	35.4	flash	
2026-09-03T09:04:30	0.331	10	30.1667	40.0	20.0	33.8	35.0	80.0	58.0	34.4	35.3	flash	
2026-09-03T09:05:00	0.232	7	30.1667	20.0	14.0	32.0	34.9	80.0	24.0	34.0	35.1	flash	
2026-09-03T09:05:30	0.696	21	30.1667	20.0	42.0	33.6	34.7	240.0	46.0	33.8	34.9	flash	
2026-09-03T09:06:00	0.720	21	29.1611	40.0	44.0	32.6	34.7	140.0	52.0	34.4	34.8	flash	
2026-09-03T09:06:30	0.431	13	30.1667	80.0	26.0	32.4	34.6	80.0	46.0	33.8	34.8	flash	
2026-09-03T09:07:00	0.497	15	30.1667	0.0	30.0	33.4	34.7	140.0	38.0	33.8	34.8	flash	
2026-09-03T09:07:30	0.564	17	30.1667	20.0	34.0	34.2	34.9	100.0	40.0	34.4	34.9	flash	
2026-09-03T09:08:00	0.597	18	30.1667	40.0	36.0	33.0	34.9	160.0	36.0	34.6	34.9	flash	
2026-09-03T09:08:30	0.365	11	30.1667	0.0	22.0	33.0	34.7	80.0	50.0	34.2	35.0	flash	
2026-09-03T09:09:00	0.960	28	29.1611	100.0	56.0	32.2	34.9	180.0	56.0	32.6	34.9	flash	
2026-09-03T09:09:30	0.630	19	30.1667	20.0	38.0	34.2	35.1	140.0	64.0	34.8	35.1	flash	
2026-09-03T09:10:00	0.497	15	30.1667	0.0	30.0	35.8	35.0	100.0	40.0	36.4	35.2	flash	
2026-09-03T09:10:30	0.696	21	30.1667	40.0	42.0	35.8	35.0	120.0	54.0	37.0	35.2	flash	
2026-09-03T09:11:00	0.464	14	30.1667	20.0	28.0	34.2	35.1	100.0	42.0	35.6	35.1	flash	
2026-09-03T09:11:30	0.597	18	30.1667	0.0	36.0	35.2	35.0	120.0	44.0	36.0	35.1	flash	
2026-09-03T09:12:00	0.137	4	29.1611	0.0	8.0	33.0	34.6	60.0	36.0	34.6	34.9	flash	
2026-09-03T09:12:30	0.895	27	30.1667	20.0	54.0	35.0	34.9	140.0	56.0	35.0	34.9	flash	
2026-09-03T09:13:00	0.232	7	30.1667	0.0	14.0	32.8	34.6	60.0	54.0	35.4	34.9	flash	
2026-09-03T09:13:30	0.530	16	30.1667	0.0	32.0	33.8	34.5	200.0	38.0	34.0	34.8	flash	
2026-09-03T09:14:00	0.166	5	30.1667	20.0	10.0	29.2	34.4	40.0	34.0	34.0	34.6	flash	
2026-09-03T09:14:30	0.431	13	30.1667	0.0	26.0	28.0	34.5	80.0	28.0	30.2	34.5	flash	
2026-09-03T09:15:00	1.097	32	29.1611	140.0	64.0	31.4	34.8	180.0	64.0	31.4	34.8	flash	
2026-09-03T09:15:30	0.829	25	30.1667	20.0	50.0	32.4	34.7	200.0	78.0	32.4	34.8	flash	
2026-09-03T09:16:00	0.398	12	30.1667	0.0	24.0	31.8	34.5	120.0	44.0	33.6	34.8	flash	
2026-09-03T09:16:30	0.431	13	30.1667	0.0	26.0	30.8	34.5	120.0	28.0	32.4	34.5	flash	
2026-09-03T09:17:00	0.365	11	30.1667	20.0	22.0	32.2	34.3	60.0	36.0	32.6	34.5	flash	
2026-09-03T09:17:30	0.729	22	30.1667	40.0	44.0	31.2	34.5	140.0	46.0	32.6	34.5	flash	
2026-09-03T09:18:00	0.412	12	29.1611	40.0	24.0	32.2	34.4	80.0	50.0	32.2	34.5	flash	
2026-09-03T09:18:30	0.497	15	30.1667	0.0	30.0	32.0	34.2	120.0	38.0	33.2	34.4	flash	
2026-09-03T09:19:00	0.564	17	30.1667	0.0	34.0	34.4	34.1	120.0	44.0	34.6	34.3	flash	
2026-09-03T09:19:30	0.530	16	30.1667	40.0	32.0	35.0	34.2	160.0	32.0	35.2	34.2	flash	
2026-09-03T09:20:00	0.729	22	30.1667	60.0	44.0	33.0	34.2	140.0	62.0	36.4	34.2	flash	
2026-09-03T09:20:30	0.298	9	30.1667	0.0	18.0	29.8	34.3	100.0	42.0	32.2	34.3	flash	
2026-09-03T09:21:00	0.480	14	29.1611	20.0	28.0	30.2	34.1	120.0	32.0	30.8	34.3	flash	
2026-09-03T09:21:30	0.630	19	30.1667	20.0	38.0	31.4	34.1	180.0	44.0	32.2	34.2	flash	
2026-09-03T09:22:00	1.127	34	30.1667	100.0	68.0	36.2	34.6	200.0	68.0	36.2	34.6	flash	
2026-09-03T09:22:30	0.630	19	30.1667	20.0	38.0	35.4	34.7	220.0	72.0	37.4	34.8	flash	
2026-09-03T09:23:00	1.061	32	30.1667	220.0	64.0	39.4	34.9	220.0	64.0	39.4	34.9	flash	
2026-09-03T09:23:30	0.298	9	30.1667	0.0	18.0	38.2	34.6	260.0	68.0	40.0	34.9	flash	
2026-09-03T09:24:00	0.892	26	29.1611	60.0	52.0	40.0	34.8	140.0	52.0	40.0	34.8	flash	
2026-09-03T09:24:30	0.597	18	30.1667	0.0	36.0	40.4	34.7	80.0	52.0	41.8	34.8	flash	
2026-09-03T09:25:00	0.663	20	30.1667	20.0	40.0	40.2	34.9	160.0	42.0	40.6	34.9	flash	
2026-09-03T09:25:30	0.497	15	30.1667	20.0	30.0	41.2	34.8	100.0	48.0	41.2	34.9	flash	
2026-09-03T09:26:00	0.729	22	30.1667	80.0	44.0	42.8	35.0	100.0	44.0	42.8	35.0	flash	
2026-09-03T09:26:30	0.232	7	30.1667	20.0	14.0	40.4	34.7	60.0	44.0	43.0	35.0	flash	
2026-09-03T09:27:00	1.029	30	29.1611	100.0	60.0	39.8	34.8	220.0	62.0	42.0	35.0	flash	
2026-09-03T09:27:30	0.530	16	30.1667	20.0	32.0	39.0	34.8	140.0	78.0	41.2	34.9	flash	
2026-09-03T09:28:00	0.895	27	30.1667	60.0	54.0	39.2	35.1	160.0	54.0	40.2	35.1	flash	
2026-09-03T09:28:30	0.265	8	30.1667	80.0	16.0	37.8	35.0	140.0	54.0	38.0	35.1	flash	
2026-09-03T09:29:00	0.597	18	30.1667	40.0	36.0	36.2	35.2	200.0	40.0	37.8	35.2	flash	
2026-09-03T09:29:30	0.663	20	30.1667	60.0	40.0	36.6	35.2	140.0	54.0	37.2	35.3	flash	
2026-09-03T09:30:00	0.514	15	29.1611	20.0	32.0	35.6	35.2	80.0	44.0	37.8	35.2	flash	
2026-09-03T09:30:30	0.630	19	30.1667	20.0	38.0	36.4	35.0	120.0	38.0	37.0	35.3	flash	
2026-09-03T09:31:00	0.530	16	30.1667	0.0	32.0	35.4	35.0	100.0	42.0	36.4	35.1	flash	
2026-09-03T09:31:30	0.663	20	30.1667	20.0	40.0	37.8	34.9	180.0	52.0	38.6	35.1	flash	
2026-09-03T09:32:00	0.961	29	30.1667	80.0	58.0	37.6	35.2	80.0	58.0	40.6	35.2	flash	
2026-09-03T09:32:30	1.028	31	30.1667	80.0	62.0	40.6	35.3	160.0	66.0	40.6	35.4	flash	
2026-09-03T09:33:00	0.652	19	29.1611	0.0	40.0	39.4	35.5	200.0	80.0	42.4	35.6	flash	
2026-09-03T09:33:30	0.597	18	30.1667	0.0	36.0	41.0	35.4	120.0	42.0	42.4	35.7	flash	
2026-09-03T09:34:00	0.331	10	30.1667	0.0	20.0	39.4	35.2	80.0	44.0	42.4	35.5	flash	
2026-09-03T09:34:30	0.497	15	30.1667	80.0	30.0	38.6	35.1	100.0	30.0	39.6	35.2	flash	
2026-09-03T09:35:00	0.232	7	30.1667	0.0	14.0	36.8	35.1	80.0	32.0	38.4	35.1	flash	
2026-09-03T09:35:30	0.597	18	30.1667	40.0	36.0	36.6	35.1	140.0	42.0	38.4	35.3	flash	
2026-09-03T09:36:00	0.789	23	29.1611	20.0	50.0	38.0	35.3	120.0	50.0	38.0	35.3	flash	
2026-09-03T09:36:30	0.696	21	30.1667	0.0	42.0	38.2	35.2	200.0	54.0	38.6	35.2	flash	
2026-09-03T09:37:00	0.331	10	30.1667	20.0	20.0	35.0	35.1	80.0	42.0	38.2	35.2	flash	
2026-09-03T09:37:30	0.464	14	30.1667	40.0	28.0	31.2	35.1	160.0	28.0	34.4	35.1	flash	
2026-09-03T09:38:00	0.663	20	30.1667	40.0	40.0	31.2	35.0	80.0	52.0	31.2	35.2	flash	
2026-09-03T09:38:30	0.530	16	30.1667	100.0	32.0	30.8	35.0	100.0	42.0	31.6	35.1	flash	
2026-09-03T09:39:00	0.206	6	29.1611	0.0	14.0	30.0	34.9	100.0	36.0	30.8	35.1	flash	
2026-09-03T09:39:30	0.829	25	30.1667	20.0	50.0	32.0	35.0	260.0	50.0	33.0	35.0	flash	
2026-09-03T09:40:00	0.564	17	30.1667	0.0	34.0	34.0	34.9	100.0	68.0	35.0	35.1	flash	
2026-09-03T09:40:30	0.597	18	30.1667	20.0	36.0	34.4	34.9	80.0	36.0	34.4	35.0	flash	
2026-09-03T09:41:00	0.564	17	30.1667	20.0	34.0	32.8	34.8	120.0	40.0	34.4	34.9	flash	
2026-09-03T09:41:30	0.431	13	30.1667	60.0	26.0	31.2	34.8	120.0	44.0	33.2	34.9	flash	
2026-09-03T09:42:00	0.720	21	29.1611	0.0	44.0	33.4	34.7	120.0	48.0	34.0	35.0	flash	
2026-09-03T09:42:30	0.530	16	30.1667	0.0	32.0	33.8	34.6	80.0	50.0	35.6	34.8	flash	
2026-09-03T09:43:00	0.663	20	30.1667	20.0	40.0	34.2	34.7	120.0	40.0	34.8	34.7	flash	
2026-09-03T09:43:30	0.398	12	30.1667	100.0	24.0	33.2	34.6	100.0	40.0	33.8	34.7	flash	
2026-09-03T09:44:00	0.762	23	30.1667	20.0	46.0	36.4	34.6	140.0	56.0	36.4	34.8	flash	
2026-09-03T09:44:30	0.895	27	30.1667	20.0	54.0	36.8	34.9	200.0	56.0	39.0	34.9	flash	
2026-09-03T09:45:00	0.720	21	29.1611	0.0	42.0	37.6	35.0	160.0	68.0	38.0	35.1	flash	
2026-09-03T09:45:30	0.862	26	30.1667	120.0	52.0	39.2	35.2	120.0	52.0	39.2	35.2	flash	
2026-09-03T09:46:00	0.365	11	30.1667	40.0	22.0	38.0	35.2	100.0	50.0	39.8	35.2	flash	
2026-09-03T09:46:30	0.464	14	30.1667	20.0	28.0	38.4	35.0	120.0	30.0	38.6	35.2	flash	
2026-09-03T09:47:00	0.464	14	30.1667	40.0	28.0	36.8	34.8	60.0	46.0	38.6	35.1	flash	
2026-09-03T09:47:30	0.895	27	30.1667	140.0	54.0	39.0	35.0	140.0	54.0	39.0	35.0	flash	
2026-09-03T09:48:00	1.032	30	29.0778	40.0	64.0	41.0	35.1	160.0	76.0	41.0	35.3	flash	
2026-09-03T09:48:30	0.567	17	30	20.0	34.0	43.0	35.2	160.0	60.0	43.0	35.3	flash	
2026-09-03T09:49:00	0.567	17	30	80.0	34.0	40.8	35.3	100.0	50.0	42.8	35.4	flash	
2026-09-03T09:49:30	0.433	13	30	0.0	26.0	38.0	35.3	100.0	34.0	41.0	35.4	flash	
2026-09-03T09:50:00	0.767	23	30	0.0	46.0	38.4	35.4	180.0	46.0	38.6	35.4	flash	
2026-09-03T09:50:30	0.500	15	30	0.0	30.0	36.6	35.5	80.0	46.0	38.4	35.5	flash	
2026-09-03T09:51:00	0.831	25	30.0833	100.0	50.0	39.2	35.5	140.0	50.0	39.2	35.6	flash	
2026-09-03T09:51:30	0.232	7	30.1667	20.0	14.0	37.8	35.3	100.0	52.0	40.0	35.5	flash	
2026-09-03T09:52:00	0.994	30	30.1667	120.0	60.0	40.8	35.7	220.0	60.0	40.8	35.7	flash	
2026-09-03T09:52:30	0.829	25	30.1667	40.0	50.0	40.8	36.0	160.0	64.0	41.6	36.0	flash	
2026-09-03T09:53:00	0.564	17	30.1667	40.0	34.0	37.8	35.8	160.0	52.0	40.4	36.0	flash	
2026-09-03T09:53:30	0.630	19	30.1667	60.0	38.0	38.2	36.0	160.0	46.0	39.4	36.0	flash	
2026-09-03T09:54:00	0.823	24	29.1611	80.0	48.0	39.6	35.8	120.0	52.0	39.6	36.0	flash	
2026-09-03T09:54:30	0.331	10	30.1667	0.0	20.0	39.0	35.8	100.0	50.0	39.8	35.9	flash	
2026-09-03T09:55:00	0.398	12	30.1667	40.0	24.0	36.8	35.9	100.0	26.0	39.2	36.0	flash	
2026-09-03T09:55:30	0.630	19	30.1667	40.0	38.0	37.6	35.9	140.0	40.0	37.8	35.9	flash	
2026-09-03T09:56:00	0.630	19	30.1667	80.0	38.0	36.4	35.8	100.0	38.0	37.4	35.9	flash	
2026-09-03T09:56:30	1.061	32	30.1667	80.0	64.0	41.4	36.2	200.0	78.0	41.4	36.2	flash	
2026-09-03T09:57:00	0.617	18	29.1611	20.0	44.0	40.2	36.3	120.0	68.0	42.0	36.3	flash	
2026-09-03T09:57:30	0.829	25	30.1667	80.0	50.0	39.0	36.4	160.0	50.0	39.2	36.4	flash	
2026-09-03T09:58:00	0.696	21	30.1667	140.0	42.0	40.0	36.5	140.0	56.0	40.2	36.5	flash	
2026-09-03T09:58:30	0.464	14	30.1667	0.0	28.0	38.8	36.6	80.0	54.0	40.4	36.6	flash	
2026-09-03T09:59:00	0.398	12	30.1667	20.0	24.0	36.4	36.2	80.0	30.0	39.4	36.6	flash	
2026-09-03T09:59:30	0.829	25	30.1667	60.0	50.0	39.4	36.4	160.0	50.0	39.4	36.5	flash	
2026-09-03T10:00:00	0.686	20	29.1611	20.0	46.0	41.2	36.5	120.0	60.0	41.4	36.6	flash	
2026-09-03T10:00:30	0.331	10	30.1667	40.0	20.0	39.2	36.3	80.0	40.0	41.4	36.5	flash	
2026-09-03T10:01:00	0.464	14	30.1667	0.0	28.0	38.6	36.2	80.0	32.0	40.4	36.4	flash	
2026-09-03T10:01:30	0.431	13	30.1667	80.0	26.0	35.2	36.1	80.0	28.0	38.2	36.3	flash	
2026-09-03T10:02:00	0.265	8	30.1667	0.0	16.0	32.4	36.2	80.0	30.0	34.6	36.2	flash	
2026-09-03T10:02:30	0.530	16	30.1667	60.0	32.0	30.6	36.0	100.0	34.0	34.0	36.3	flash	
2026-09-03T10:03:00	0.549	16	29.1611	20.0	32.0	29.6	36.2	120.0	36.0	32.0	36.2	flash	
2026-09-03T10:03:30	0.762	23	30.1667	40.0	46.0	31.4	36.3	140.0	50.0	31.4	36.3	flash	
2026-09-03T10:04:00	0.265	8	30.1667	0.0	16.0	30.8	36.4	60.0	46.0	31.8	36.4	flash	
2026-09-03T10:04:30	0.464	14	30.1667	20.0	28.0	29.0	36.4	80.0	28.0	31.4	36.4	flash	
2026-09-03T10:05:00	0.530	16	30.1667	80.0	32.0	27.6	36.1	80.0	32.0	28.6	36.4	flash	
2026-09-03T10:05:30	0.398	12	30.1667	20.0	24.0	28.0	35.8	100.0	34.0	28.2	36.0	flash	
2026-09-03T10:06:00	0.720	21	29.1611	60.0	44.0	29.4	36.0	120.0	44.0	29.6	36.0	flash	
2026-09-03T10:06:30	0.431	13	30.1667	0.0	26.0	29.8	36.0	120.0	42.0	30.6	36.1	flash	
2026-09-03T10:07:00	0.597	18	30.1667	0.0	36.0	31.4	36.2	120.0	44.0	32.0	36.2	flash	
2026-09-03T10:07:30	0.696	21	30.1667	160.0	42.0	32.4	36.1	160.0	44.0	32.6	36.2	flash	
2026-09-03T10:08:00	0.398	12	30.1667	0.0	24.0	31.6	36.1	120.0	48.0	32.8	36.2	flash	
2026-09-03T10:08:30	0.530	16	30.1667	20.0	32.0	30.2	36.1	140.0	32.0	31.6	36.1	flash	
2026-09-03T10:09:00	0.412	12	29.1611	0.0	24.0	31.0	36.0	120.0	48.0	31.6	36.2	flash	
2026-09-03T10:09:30	0.398	12	30.1667	0.0	24.0	30.8	36.0	100.0	30.0	31.6	36.2	flash	
2026-09-03T10:10:00	0.862	26	30.1667	40.0	52.0	32.8	36.1	180.0	52.0	33.4	36.1	flash	
2026-09-03T10:10:30	0.530	16	30.1667	20.0	32.0	33.6	36.2	100.0	56.0	34.2	36.2	flash	
2026-09-03T10:11:00	0.597	18	30.1667	20.0	36.0	32.8	36.3	100.0	40.0	34.2	36.3	flash	
2026-09-03T10:11:30	0.497	15	30.1667	0.0	30.0	33.2	36.2	100.0	42.0	34.2	36.3	flash	
2026-09-03T10:12:00	0.480	14	29.1611	20.0	28.0	32.4	35.8	80.0	38.0	34.0	36.2	flash	
2026-09-03T10:12:30	0.398	12	30.1667	20.0	24.0	30.8	35.6	120.0	32.0	32.8	35.9	flash	
2026-09-03T10:13:00	1.028	31	30.1667	0.0	62.0	34.4	35.7	300.0	64.0	34.6	36.0	flash	
2026-09-03T10:13:30	0.829	25	30.1667	80.0	50.0	36.2	35.9	200.0	66.0	36.8	35.9	flash	
2026-09-03T10:14:00	0.530	16	30.1667	60.0	32.0	37.0	35.7	100.0	50.0	37.0	35.9	flash	
2026-09-03T10:14:30	0.431	13	30.1667	20.0	26.0	37.2	35.6	220.0	46.0	38.6	35.9	flash	
2026-09-03T10:15:00	0.617	18	29.1611	20.0	36.0	35.6	35.6	100.0	36.0	37.6	35.8	flash	
2026-09-03T10:15:30	0.961	29	30.1667	140.0	58.0	38.4	35.9	140.0	58.0	38.4	35.9	flash	
2026-09-03T10:16:00	0.530	16	30.1667	20.0	32.0	38.0	35.8	120.0	54.0	38.4	35.9	flash	
2026-09-03T10:16:30	0.265	8	30.1667	0.0	16.0	36.4	35.8	80.0	38.0	38.0	35.8	flash	
2026-09-03T10:17:00	0.696	21	30.1667	0.0	42.0	37.8	35.6	140.0	42.0	38.0	36.0	flash	
2026-09-03T10:17:30	0.663	20	30.1667	0.0	40.0	39.4	35.7	220.0	54.0	40.0	35.8	flash	
2026-09-03T10:18:00	0.583	17	29.1611	100.0	34.0	36.6	35.5	120.0	42.0	39.4	35.7	flash	
2026-09-03T10:18:30	0.530	16	30.1667	80.0	32.0	34.8	35.6	140.0	36.0	36.8	35.7	flash	
2026-09-03T10:19:00	0.597	18	30.1667	20.0	36.0	35.8	35.6	80.0	54.0	36.6	35.8	flash	
2026-09-03T10:19:30	0.597	18	30.1667	60.0	36.0	36.2	35.6	100.0	42.0	36.2	35.7	flash	
2026-09-03T10:20:00	0.497	15	30.1667	20.0	30.0	35.6	35.6	80.0	42.0	36.6	35.6	flash	
2026-09-03T10:20:30	0.663	20	30.1667	20.0	40.0	33.8	35.6	180.0	46.0	36.0	35.8	flash	
2026-09-03T10:21:00	0.549	16	29.1611	20.0	34.0	33.8	35.6	100.0	48.0	35.0	35.7	flash	
2026-09-03T10:21:30	1.028	31	30.1667	40.0	62.0	38.4	35.8	200.0	62.0	38.4	35.8	flash	
2026-09-03T10:22:00	0.829	25	30.1667	120.0	50.0	39.2	35.8	140.0	64.0	39.2	35.9	flash	
2026-09-03T10:22:30	0.729	22	30.1667	60.0	44.0	39.6	35.6	120.0	62.0	40.0	35.8	flash	
2026-09-03T10:23:00	0.696	21	30.1667	40.0	42.0	40.4	35.6	140.0	46.0	41.4	35.6	flash	
2026-09-03T10:23:30	0.696	21	30.1667	20.0	42.0	41.4	35.7	100.0	56.0	43.4	35.7	flash	
2026-09-03T10:24:00	0.309	9	29.1611	0.0	20.0	39.6	35.7	80.0	42.0	41.4	35.7	flash	
2026-09-03T10:24:30	0.365	11	30.1667	0.0	22.0	38.4	35.6	100.0	22.0	39.8	35.7	flash	
2026-09-03T10:25:00	0.464	14	30.1667	40.0	28.0	38.0	35.7	100.0	32.0	38.6	35.7	flash	
2026-09-03T10:25:30	0.663	20	30.1667	0.0	40.0	38.2	35.8	160.0	46.0	38.2	35.8	flash	
2026-09-03T10:26:00	0.630	19	30.1667	100.0	38.0	38.6	35.7	160.0	48.0	38.6	35.8	flash	
2026-09-03T10:26:30	0.862	26	30.1667	100.0	52.0	37.6	35.8	120.0	56.0	38.6	35.8	flash	
2026-09-03T10:27:00	0.274	8	29.1611	0.0	22.0	34.6	35.7	120.0	54.0	38.4	35.9	flash	
2026-09-03T10:27:30	0.663	20	30.1667	80.0	40.0	34.0	35.9	160.0	40.0	35.6	36.0	flash	
2026-09-03T10:28:00	0.630	19	30.1667	20.0	38.0	33.4	35.9	120.0	52.0	34.8	35.9	flash	
2026-09-03T10:28:30	0.564	17	30.1667	40.0	34.0	32.8	35.9	200.0	38.0	33.4	36.0	flash	
2026-09-03T10:29:00	0.597	18	30.1667	120.0	36.0	34.4	36.1	120.0	48.0	34.4	36.1	flash	
2026-09-03T10:29:30	0.497	15	30.1667	0.0	30.0	35.2	35.9	140.0	54.0	36.2	36.2	flash	
2026-09-03T10:30:00	0.583	17	29.15	40.0	34.0	36.0	35.9	80.0	36.0	36.8	36.0	flash	
2026-09-03T10:30:30	0.500	15	30	20.0	30.0	34.8	35.8	80.0	36.0	36.6	35.9	flash	
2026-09-03T10:31:00	0.633	19	30	20.0	38.0	35.0	35.9	160.0	40.0	36.0	35.9	flash	
2026-09-03T10:31:30	0.733	22	30	120.0	44.0	34.6	36.1	160.0	52.0	35.6	36.1	flash	
2026-09-03T10:32:00	0.567	17	30	0.0	34.0	35.8	36.0	120.0	60.0	35.8	36.2	flash	
2026-09-03T10:32:30	0.433	13	30	0.0	26.0	34.4	35.9	120.0	34.0	36.0	36.1	flash	
2026-09-03T10:33:00	0.367	11	30.0111	20.0	22.0	32.8	35.7	60.0	30.0	34.8	35.9	flash	
2026-09-03T10:33:30	0.961	29	30.1667	40.0	58.0	35.2	36.2	160.0	58.0	36.2	36.2	flash	
2026-09-03T10:34:00	0.365	11	30.1667	40.0	22.0	34.4	35.8	80.0	60.0	35.8	36.1	flash	
2026-09-03T10:34:30	0.895	27	30.1667	20.0	54.0	36.2	35.8	280.0	56.0	36.2	35.9	flash	
2026-09-03T10:35:00	0.497	15	30.1667	0.0	30.0	35.8	35.7	140.0	64.0	37.4	36.0	flash	
2026-09-03T10:35:30	0.564	17	30.1667	40.0	34.0	36.2	35.5	120.0	34.0	36.6	35.7	flash	
2026-09-03T10:36:00	0.926	27	29.1611	20.0	56.0	37.8	35.9	200.0	60.0	38.6	35.9	flash	
2026-09-03T10:36:30	0.431	13	30.1667	20.0	26.0	36.0	35.9	120.0	62.0	38.4	36.0	flash	
2026-09-03T10:37:00	0.365	11	30.1667	0.0	22.0	34.8	35.8	60.0	28.0	36.2	35.9	flash	
2026-09-03T10:37:30	0.530	16	30.1667	20.0	32.0	35.4	35.6	180.0	32.0	35.4	35.8	flash	
2026-09-03T10:38:00	0.431	13	30.1667	0.0	26.0	35.8	35.2	60.0	40.0	36.0	35.6	flash	
2026-09-03T10:38:30	0.497	15	30.1667	0.0	30.0	33.0	35.2	140.0	36.0	35.6	35.3	flash	
2026-09-03T10:39:00	0.137	4	29.1611	0.0	8.0	31.6	35.0	40.0	36.0	33.2	35.2	flash	
2026-09-03T10:39:30	0.597	18	30.1667	20.0	36.0	30.0	35.0	160.0	36.0	32.8	35.1	flash	
2026-09-03T10:40:00	0.862	26	30.1667	40.0	52.0	32.0	35.1	260.0	54.0	32.0	35.2	flash	
2026-09-03T10:40:30	0.862	26	30.1667	60.0	52.0	34.0	35.3	160.0	60.0	34.8	35.3	flash	
2026-09-03T10:41:00	0.497	15	30.1667	40.0	30.0	31.4	35.1	140.0	50.0	34.8	35.3	flash	
2026-09-03T10:41:30	0.232	7	30.1667	40.0	14.0	30.2	35.1	40.0	36.0	31.8	35.1	flash	
2026-09-03T10:42:00	0.497	15	30.1667	0.0	30.0	31.0	34.8	80.0	36.0	31.0	35.1	flash	
2026-09-03T10:42:30	0.412	12	29.1611	0.0	24.0	30.2	34.5	80.0	38.0	32.4	34.9	flash	
2026-09-03T10:43:00	0.530	16	30.1667	80.0	32.0	30.8	34.5	160.0	32.0	30.8	34.6	flash	
2026-09-03T10:43:30	0.265	8	30.1667	0.0	16.0	29.4	34.3	100.0	40.0	31.8	34.5	flash	
2026-09-03T10:44:00	0.398	12	30.1667	20.0	24.0	31.0	34.1	80.0	24.0	31.0	34.3	flash	
2026-09-03T10:44:30	0.729	22	30.1667	40.0	44.0	31.8	34.3	120.0	44.0	31.8	34.3	flash	
2026-09-03T10:45:00	0.331	10	30.1667	20.0	20.0	28.6	34.3	60.0	44.0	32.0	34.3	flash	
2026-09-03T10:45:30	0.343	10	29.1611	60.0	20.0	25.8	34.1	80.0	28.0	28.4	34.3	flash	
2026-09-03T10:46:00	0.597	18	30.1667	80.0	36.0	26.2	34.1	180.0	40.0	27.2	34.2	flash	
2026-09-03T10:46:30	0.464	14	30.1667	0.0	28.0	27.6	33.8	100.0	42.0	28.0	34.1	flash	
2026-09-03T10:47:00	0.729	22	30.1667	0.0	44.0	28.8	33.8	120.0	44.0	29.2	33.8	flash	
2026-09-03T10:47:30	0.663	20	30.1667	20.0	40.0	30.4	33.7	120.0	54.0	30.6	34.0	flash	
2026-09-03T10:48:00	0.464	14	30.1667	0.0	28.0	30.0	33.5	120.0	40.0	32.4	33.8	flash	
2026-09-03T10:48:30	0.274	8	29.1611	0.0	16.0	30.0	33.4	80.0	36.0	30.6	33.5	flash	
2026-09-03T10:49:00	0.564	17	30.1667	20.0	34.0	31.0	33.5	160.0	38.0	31.4	33.5	flash	
2026-09-03T10:49:30	0.928	28	30.1667	60.0	56.0	32.2	33.6	220.0	64.0	33.0	33.6	flash	
2026-09-03T10:50:00	0.829	25	30.1667	20.0	50.0	35.2	33.7	160.0	72.0	35.2	33.7	flash	
2026-09-03T10:50:30	0.696	21	30.1667	100.0	42.0	37.4	33.9	120.0	50.0	37.4	33.9	flash	
2026-09-03T10:51:00	0.265	8	30.1667	0.0	16.0	35.4	33.8	100.0	54.0	37.0	33.9	flash	
2026-09-03T10:51:30	0.583	17	29.1611	100.0	34.0	36.0	33.9	120.0	34.0	36.6	34.0	flash	
2026-09-03T10:52:00	0.895	27	30.1667	40.0	54.0	37.0	34.2	160.0	60.0	38.0	34.3	flash	
2026-09-03T10:52:30	0.630	19	30.1667	20.0	38.0	36.8	34.3	140.0	62.0	37.6	34.3	flash	
2026-09-03T10:53:00	0.696	21	30.1667	20.0	42.0	38.2	34.4	140.0	48.0	38.4	34.5	flash	
2026-09-03T10:53:30	0.762	23	30.1667	40.0	46.0	41.2	34.4	120.0	48.0	41.2	34.5	flash	
2026-09-03T10:54:00	0.796	24	30.1667	60.0	48.0	42.6	34.7	120.0	58.0	44.0	34.7	flash	
2026-09-03T10:54:30	0.857	25	29.1611	140.0	54.0	42.4	35.0	180.0	58.0	44.2	35.0	flash	
2026-09-03T10:55:00	0.796	24	30.1667	40.0	48.0	41.8	35.1	160.0	60.0	43.8	35.2	flash	
2026-09-03T10:55:30	0.762	23	30.1667	100.0	46.0	43.0	35.3	100.0	50.0	44.8	35.3	flash	
2026-09-03T10:56:00	0.464	14	30.1667	40.0	28.0	43.4	35.2	160.0	54.0	43.8	35.4	flash	
2026-09-03T10:56:30	0.564	17	30.1667	60.0	34.0	43.4	35.3	180.0	36.0	44.8	35.4	flash	
2026-09-03T10:57:00	0.564	17	30.1667	0.0	34.0	41.4	35.2	200.0	40.0	45.0	35.4	flash	
2026-09-03T10:57:30	0.754	22	29.1611	0.0	44.0	42.0	35.3	140.0	48.0	43.0	35.4	flash	
2026-09-03T10:58:00	0.630	19	30.1667	0.0	38.0	41.6	35.4	140.0	52.0	42.8	35.4	flash	
2026-09-03T10:58:30	0.497	15	30.1667	0.0	30.0	40.0	35.4	160.0	46.0	41.6	35.6	flash	
2026-09-03T10:59:00	0.564	17	30.1667	0.0	34.0	39.0	35.5	100.0	34.0	40.0	35.5	flash	
2026-09-03T10:59:30	0.862	26	30.1667	100.0	52.0	38.8	35.8	120.0	52.0	39.4	35.8	flash	
2026-09-03T11:00:00	0.762	23	30.1667	0.0	46.0	38.6	35.7	180.0	72.0	40.0	35.9	flash	
2026-09-03T11:00:30	0.720	21	29.1611	40.0	42.0	39.2	35.8	140.0	42.0	39.2	35.8	flash	
2026-09-03T11:01:00	0.398	12	30.1667	40.0	24.0	38.2	35.7	60.0	46.0	38.2	35.8	flash	
2026-09-03T11:01:30	0.597	18	30.1667	40.0	36.0	38.6	35.7	160.0	42.0	38.6	35.8	flash	
2026-09-03T11:02:00	0.564	17	30.1667	0.0	34.0	38.0	35.8	80.0	46.0	38.6	35.8	flash	
2026-09-03T11:02:30	0.464	14	30.1667	40.0	28.0	36.4	35.8	140.0	34.0	38.0	35.8	flash	
2026-09-03T11:03:00	0.630	19	30.1667	60.0	38.0	36.4	35.6	100.0	44.0	37.4	35.9	flash	
2026-09-03T11:03:30	0.206	6	29.1611	0.0	12.0	34.6	35.2	40.0	40.0	36.8	35.6	flash	
2026-09-03T11:04:00	0.895	27	30.1667	60.0	54.0	36.6	35.5	160.0	54.0	37.2	35.5	flash	
2026-09-03T11:04:30	0.265	8	30.1667	0.0	16.0	33.8	35.3	80.0	56.0	36.8	35.4	flash	
2026-09-03T11:05:00	0.961	29	30.1667	120.0	58.0	34.2	35.6	180.0	58.0	34.2	35.6	flash	
2026-09-03T11:05:30	0.564	17	30.1667	0.0	34.0	33.4	35.3	160.0	64.0	35.2	35.6	flash	
2026-09-03T11:06:00	0.729	22	30.1667	60.0	44.0	35.4	35.4	200.0	44.0	35.8	35.5	flash	
2026-09-03T11:06:30	0.549	16	29.1611	0.0	36.0	35.2	35.6	80.0	54.0	36.6	35.6	flash	
2026-09-03T11:07:00	0.597	18	30.1667	40.0	36.0	35.2	35.5	120.0	40.0	35.6	35.7	flash	
2026-09-03T11:07:30	0.729	22	30.1667	20.0	44.0	36.8	35.6	160.0	50.0	37.6	35.6	flash	
2026-09-03T11:08:00	0.365	11	30.1667	20.0	22.0	35.2	35.5	80.0	52.0	37.0	35.6	flash	
2026-09-03T11:08:30	0.331	10	30.1667	0.0	20.0	36.0	35.3	80.0	28.0	36.0	35.6	flash	
2026-09-03T11:09:00	0.597	18	30.1667	20.0	36.0	34.2	35.3	200.0	36.0	36.2	35.4	flash	
2026-09-03T11:09:30	0.823	24	29.1611	40.0	48.0	37.4	35.5	120.0	60.0	37.4	35.5	flash	
2026-09-03T11:10:00	0.464	14	30.1667	0.0	28.0	34.8	35.4	120.0	48.0	37.4	35.5	flash	
2026-09-03T11:10:30	0.564	17	30.1667	80.0	34.0	34.4	35.4	80.0	38.0	34.6	35.5	flash	
2026-09-03T11:11:00	0.696	21	30.1667	20.0	42.0	34.6	35.5	140.0	58.0	36.2	35.6	flash	
2026-09-03T11:11:30	0.663	20	30.1667	20.0	40.0	35.0	35.3	180.0	40.0	35.2	35.5	flash	
2026-09-03T11:12:00	0.564	17	30.1667	40.0	34.0	34.8	35.1	140.0	50.0	35.2	35.3	flash	
2026-09-03T11:12:30	0.551	16	29.0556	20.0	32.0	33.6	35.0	140.0	50.0	35.4	35.1	flash	
2026-09-03T11:13:00	0.833	25	30	80.0	50.0	36.6	35.1	160.0	56.0	36.6	35.2	flash	
2026-09-03T11:13:30	0.800	24	30	60.0	48.0	39.2	35.1	160.0	56.0	39.2	35.1	flash	
2026-09-03T11:14:00	0.667	20	30	0.0	40.0	39.6	35.3	140.0	60.0	41.2	35.3	flash	
2026-09-03T11:14:30	0.600	18	30	40.0	36.0	38.4	35.5	120.0	44.0	40.2	35.6	flash	
2026-09-03T11:15:00	0.267	8	30	0.0	16.0	37.2	35.4	80.0	40.0	39.2	35.6	flash	
2026-09-03T11:15:30	0.830	25	30.1056	40.0	50.0	39.2	35.5	180.0	50.0	39.6	35.6	flash	
2026-09-03T11:16:00	0.365	11	30.1667	40.0	22.0	36.8	35.3	100.0	50.0	38.8	35.5	flash	
2026-09-03T11:16:30	0.331	10	30.1667	40.0	20.0	34.8	35.0	60.0	30.0	37.6	35.3	flash	
2026-09-03T11:17:00	0.729	22	30.1667	0.0	44.0	35.8	35.3	140.0	48.0	36.4	35.3	flash	
2026-09-03T11:17:30	0.829	25	30.1667	140.0	50.0	37.6	35.4	180.0	50.0	37.8	35.4	flash	
2026-09-03T11:18:00	0.729	22	30.1667	40.0	44.0	37.0	35.4	200.0	54.0	38.0	35.4	flash	
2026-09-03T11:18:30	0.446	13	29.1611	20.0	26.0	34.8	35.3	80.0	52.0	37.2	35.5	flash	
2026-09-03T11:19:00	0.464	14	30.1667	60.0	28.0	33.6	35.3	80.0	34.0	34.6	35.4	flash	
2026-09-03T11:19:30	0.464	14	30.1667	40.0	28.0	32.8	35.2	80.0	34.0	34.4	35.3	flash	
2026-09-03T11:20:00	1.193	36	30.1667	40.0	72.0	38.4	35.6	360.0	74.0	38.4	35.6	flash	
2026-09-03T11:20:30	0.232	7	30.1667	20.0	14.0	34.8	35.5	40.0	62.0	38.4	35.6	flash	
2026-09-03T11:21:00	0.464	14	30.1667	60.0	28.0	35.4	35.4	80.0	28.0	35.6	35.5	flash	
2026-09-03T11:21:30	0.617	18	29.1611	20.0	40.0	37.4	35.3	80.0	46.0	37.4	35.5	flash	
2026-09-03T11:22:00	0.497	15	30.1667	0.0	30.0	35.6	35.2	140.0	36.0	37.0	35.3	flash	
2026-09-03T11:22:30	0.464	14	30.1667	20.0	28.0	33.4	35.3	100.0	38.0	36.6	35.3	flash	
2026-09-03T11:23:00	0.099	3	30.1667	0.0	6.0	29.6	35.1	40.0	26.0	33.4	35.3	flash	
2026-09-03T11:23:30	0.829	25	30.1667	140.0	50.0	32.0	35.0	140.0	50.0	32.0	35.1	flash	
2026-09-03T11:24:00	0.298	9	30.1667	0.0	18.0	31.0	35.0	120.0	50.0	32.2	35.1	flash	
2026-09-03T11:24:30	0.343	10	29.1611	60.0	20.0	30.2	34.7	60.0	20.0	30.8	35.0	flash	
2026-09-03T11:25:00	0.497	15	30.1667	20.0	30.0	26.0	34.6	140.0	40.0	30.2	34.7	flash	
2026-09-03T11:25:30	0.630	19	30.1667	40.0	38.0	28.4	34.7	200.0	46.0	28.6	34.8	flash	
2026-09-03T11:26:00	0.564	17	30.1667	40.0	34.0	29.4	34.5	80.0	44.0	29.6	34.8	flash	
2026-09-03T11:26:30	0.431	13	30.1667	20.0	26.0	28.0	34.5	100.0	38.0	29.0	34.6	flash	
2026-09-03T11:27:00	1.028	31	30.1667	20.0	62.0	31.2	34.9	180.0	62.0	31.4	34.9	flash	
2026-09-03T11:27:30	0.274	8	29.1611	0.0	16.0	30.0	34.7	100.0	58.0	31.4	34.9	flash	
2026-09-03T11:28:00	0.530	16	30.1667	0.0	32.0	32.6	34.8	120.0	34.0	32.6	34.8	flash	
2026-09-03T11:28:30	0.663	20	30.1667	20.0	40.0	31.8	34.9	120.0	48.0	33.2	34.9	flash	
2026-09-03T11:29:00	0.663	20	30.1667	60.0	40.0	33.8	35.2	220.0	44.0	33.8	35.2	flash	
2026-09-03T11:29:30	0.464	14	30.1667	20.0	28.0	34.6	35.1	100.0	52.0	35.6	35.2	flash	
2026-09-03T11:30:00	0.630	19	30.1667	60.0	38.0	35.4	35.0	220.0	38.0	35.4	35.1	flash	
2026-09-03T11:30:30	0.480	14	29.1611	40.0	32.0	34.4	34.8	80.0	54.0	35.8	35.0	flash	
2026-09-03T11:31:00	0.597	18	30.1667	60.0	36.0	34.8	34.8	100.0	36.0	35.0	34.9	flash	
2026-09-03T11:31:30	0.696	21	30.1667	20.0	42.0	36.2	35.1	120.0	54.0	36.4	35.1	flash	
2026-09-03T11:32:00	0.597	18	30.1667	60.0	36.0	33.6	35.1	100.0	42.0	36.2	35.2	flash	
2026-09-03T11:32:30	0.630	19	30.1667	80.0	38.0	35.8	35.3	140.0	50.0	36.0	35.3	flash	
2026-09-03T11:33:00	0.564	17	30.1667	40.0	34.0	36.0	35.3	80.0	38.0	36.4	35.5	flash	
2026-09-03T11:33:30	0.377	11	29.1611	0.0	22.0	34.2	35.4	80.0	50.0	36.8	35.4	flash	
2026-09-03T11:34:00	0.762	23	30.1667	0.0	46.0	34.8	35.6	360.0	50.0	37.8	35.7	flash	
2026-09-03T11:34:30	0.464	14	30.1667	0.0	28.0	34.8	35.4	160.0	46.0	36.4	35.7	flash	
2026-09-03T11:35:00	0.729	22	30.1667	40.0	44.0	35.8	35.7	100.0	46.0	37.8	35.7	flash	
2026-09-03T11:35:30	0.298	9	30.1667	0.0	18.0	34.4	35.6	80.0	48.0	36.0	35.7	flash	
2026-09-03T11:36:00	0.729	22	30.1667	0.0	44.0	35.2	35.7	200.0	46.0	36.6	35.8	flash	
2026-09-03T11:36:30	0.583	17	29.1611	0.0	34.0	34.4	35.8	200.0	46.0	36.4	35.8	flash	
2026-09-03T11:37:00	0.564	17	30.1667	40.0	34.0	34.2	35.7	100.0	36.0	34.8	35.8	flash	
2026-09-03T11:37:30	0.762	23	30.1667	20.0	46.0	35.0	35.7	120.0	50.0	35.6	35.8	flash	
2026-09-03T11:38:00	0.298	9	30.1667	20.0	18.0	33.4	35.6	80.0	52.0	35.8	35.8	flash	
2026-09-03T11:38:30	0.331	10	30.1667	60.0	20.0	33.2	35.7	60.0	20.0	33.4	35.7	flash	
2026-09-03T11:39:00	0.961	29	30.1667	20.0	58.0	34.4	35.9	200.0	62.0	34.4	35.9	flash	
2026-09-03T11:39:30	0.652	19	29.1611	140.0	38.0	35.4	35.8	140.0	62.0	35.4	36.0	flash	
2026-09-03T11:40:00	0.331	10	30.1667	0.0	20.0	33.4	35.4	60.0	42.0	35.8	35.8	flash	
2026-09-03T11:40:30	0.630	19	30.1667	0.0	38.0	35.0	35.5	180.0	42.0	35.2	35.8	flash	
2026-09-03T11:41:00	0.564	17	30.1667	0.0	34.0	34.0	35.6	120.0	42.0	35.4	35.6	flash	
2026-09-03T11:41:30	0.829	25	30.1667	40.0	50.0	35.6	35.7	260.0	52.0	36.0	35.8	flash	
2026-09-03T11:42:00	0.464	14	30.1667	0.0	28.0	35.0	35.5	120.0	64.0	37.8	35.8	flash	
2026-09-03T11:42:30	0.515	15	29.1056	80.0	30.0	33.4	35.4	180.0	30.0	35.0	35.5	flash	
2026-09-03T11:43:00	0.767	23	30	80.0	46.0	36.2	35.4	120.0	56.0	36.2	35.4	flash	
2026-09-03T11:43:30	0.567	17	30	40.0	34.0	37.8	35.3	120.0	50.0	38.2	35.5	flash	
2026-09-03T11:44:00	0.967	29	30	20.0	58.0	37.6	35.5	180.0	78.0	40.8	35.5	flash	
2026-09-03T11:44:30	0.700	21	30	0.0	42.0	38.2	35.5	200.0	54.0	39.8	35.5	flash	
2026-09-03T11:45:00	0.633	19	30	0.0	38.0	39.8	35.2	100.0	50.0	40.2	35.4	flash	
2026-09-03T11:45:30	0.466	14	30.0556	20.0	28.0	38.8	35.2	120.0	38.0	40.0	35.2	flash	
2026-09-03T11:46:00	0.696	21	30.1667	60.0	42.0	39.6	35.2	140.0	54.0	40.0	35.2	flash	
2026-09-03T11:46:30	0.729	22	30.1667	20.0	44.0	39.4	35.4	120.0	52.0	40.6	35.4	flash	
2026-09-03T11:47:00	0.696	21	30.1667	0.0	42.0	40.4	35.4	120.0	54.0	40.4	35.4	flash	
2026-09-03T11:47:30	0.464	14	30.1667	60.0	28.0	40.2	35.2	80.0	34.0	41.4	35.4	flash	
2026-09-03T11:48:00	1.127	34	30.1667	120.0	68.0	42.4	35.5	160.0	68.0	42.6	35.5	flash	
2026-09-03T11:48:30	0.754	22	29.1611	0.0	48.0	43.4	35.7	140.0	70.0	45.0	35.7	flash	
2026-09-03T11:49:00	0.564	17	30.1667	20.0	34.0	41.0	35.7	160.0	50.0	43.0	35.8	flash	
2026-09-03T11:49:30	0.564	17	30.1667	80.0	34.0	40.2	35.6	140.0	38.0	41.4	35.7	flash	
2026-09-03T11:50:00	0.497	15	30.1667	20.0	30.0	39.4	35.3	140.0	44.0	40.2	35.5	flash	
2026-09-03T11:50:30	0.994	30	30.1667	0.0	60.0	42.6	35.5	180.0	62.0	43.0	35.6	flash	
2026-09-03T11:51:00	0.564	17	30.1667	100.0	34.0	41.8	35.6	100.0	60.0	42.8	35.6	flash	
2026-09-03T11:51:30	0.652	19	29.1611	0.0	40.0	41.2	35.6	160.0	54.0	42.0	35.7	flash	
2026-09-03T11:52:00	0.862	26	30.1667	0.0	52.0	42.2	35.8	160.0	62.0	43.2	35.8	flash	
2026-09-03T11:52:30	0.663	20	30.1667	20.0	40.0	43.6	35.9	160.0	50.0	44.0	36.0	flash	
2026-09-03T11:53:00	0.696	21	30.1667	0.0	42.0	41.2	36.0	200.0	56.0	43.8	36.0	flash	
2026-09-03T11:53:30	0.398	12	30.1667	140.0	24.0	38.8	36.1	140.0	42.0	40.8	36.1	flash	
2026-09-03T11:54:00	0.530	16	30.1667	0.0	32.0	38.6	35.9	180.0	46.0	39.6	36.1	flash	
2026-09-03T11:54:30	0.617	18	29.1611	20.0	36.0	38.8	36.1	120.0	42.0	40.4	36.1	flash	
2026-09-03T11:55:00	0.994	30	30.1667	0.0	60.0	42.0	36.1	220.0	62.0	42.0	36.2	flash	
2026-09-03T11:55:30	0.464	14	30.1667	100.0	28.0	38.6	36.0	100.0	60.0	41.8	36.1	flash	
2026-09-03T11:56:00	0.564	17	30.1667	40.0	34.0	38.8	36.0	140.0	44.0	39.8	36.1	flash	
2026-09-03T11:56:30	0.464	14	30.1667	0.0	28.0	37.6	35.9	120.0	34.0	38.8	35.9	flash	
2026-09-03T11:57:00	0.762	23	30.1667	180.0	46.0	37.0	36.0	240.0	46.0	37.6	36.0	flash	
2026-09-03T11:57:30	0.549	16	29.1611	20.0	32.0	36.2	35.9	100.0	54.0	37.2	36.0	flash	
2026-09-03T11:58:00	1.094	33	30.1667	20.0	66.0	38.6	36.3	220.0	78.0	39.2	36.4	flash	
2026-09-03T11:58:30	0.464	14	30.1667	0.0	28.0	39.8	36.4	80.0	74.0	40.4	36.4	flash	
2026-09-03T11:59:00	0.597	18	30.1667	0.0	36.0	39.4	36.4	120.0	38.0	40.0	36.6	flash	
2026-09-03T11:59:30	0.762	23	30.1667	100.0	46.0	40.4	36.4	120.0	48.0	41.0	36.4	flash	
2026-09-03T12:00:00	0.464	14	30.1667	100.0	28.0	37.2	36.4	100.0	50.0	40.6	36.4	flash	
2026-09-03T12:00:30	0.549	16	29.1611	0.0	40.0	38.6	36.4	100.0	44.0	38.8	36.5	flash	
2026-09-03T12:01:00	0.265	8	30.1667	0.0	16.0	35.8	36.1	100.0	32.0	37.6	36.3	flash	
2026-09-03T12:01:30	0.331	10	30.1667	40.0	20.0	35.0	35.9	80.0	20.0	36.4	36.1	flash	
2026-09-03T12:02:00	0.597	18	30.1667	120.0	36.0	34.0	35.9	120.0	36.0	35.8	36.0	flash	
2026-09-03T12:02:30	0.464	14	30.1667	40.0	28.0	33.6	35.9	200.0	46.0	35.8	36.0	flash	
2026-09-03T12:03:00	0.829	25	30.1667	100.0	50.0	32.0	35.9	200.0	54.0	35.4	36.0	flash	
2026-09-03T12:03:30	0.514	15	29.1611	40.0	30.0	32.2	35.7	100.0	52.0	32.8	35.9	flash	
2026-09-03T12:04:00	0.265	8	30.1667	40.0	16.0	30.2	35.4	60.0	32.0	32.6	35.6	flash	
2026-09-03T12:04:30	0.464	14	30.1667	80.0	28.0	28.4	35.4	100.0	28.0	30.2	35.4	flash	
2026-09-03T12:05:00	0.398	12	30.1667	80.0	24.0	28.8	35.4	80.0	30.0	28.8	35.4	flash	
2026-09-03T12:05:30	0.630	19	30.1667	20.0	38.0	28.6	35.3	100.0	46.0	29.0	35.4	flash	
2026-09-03T12:06:00	0.729	22	30.1667	20.0	44.0	31.4	35.5	140.0	48.0	31.4	35.6	flash	
2026-09-03T12:06:30	0.274	8	29.1611	40.0	16.0	31.2	35.5	60.0	44.0	31.8	35.5	flash	
2026-09-03T12:07:00	0.762	23	30.1667	80.0	46.0	32.8	35.5	100.0	46.0	32.8	35.6	flash	
2026-09-03T12:07:30	0.597	18	30.1667	40.0	36.0	33.2	35.4	120.0	52.0	33.2	35.7	flash	
2026-09-03T12:08:00	0.365	11	30.1667	0.0	22.0	30.0	35.2	60.0	32.0	32.8	35.4	flash	
2026-09-03T12:08:30	0.530	16	30.1667	40.0	32.0	30.2	35.2	100.0	32.0	30.6	35.2	flash	
2026-09-03T12:09:00	0.199	6	30.1667	20.0	12.0	29.8	35.1	60.0	38.0	30.4	35.2	flash	
2026-09-03T12:09:30	1.166	34	29.1611	140.0	68.0	34.6	35.5	140.0	68.0	34.6	35.5	flash	
2026-09-03T12:10:00	0.398	12	30.1667	60.0	24.0	34.4	35.0	120.0	68.0	35.0	35.5	flash	
2026-09-03T12:10:30	0.464	14	30.1667	0.0	28.0	32.8	35.1	100.0	38.0	34.6	35.2	flash	
2026-09-03T12:11:00	0.862	26	30.1667	60.0	52.0	33.6	35.4	160.0	52.0	34.4	35.5	flash	
2026-09-03T12:11:30	0.630	19	30.1667	0.0	38.0	35.8	35.4	120.0	48.0	36.2	35.4	flash	
2026-09-03T12:12:00	0.530	16	30.1667	0.0	32.0	34.4	35.4	100.0	60.0	36.8	35.5	flash	
2026-09-03T12:12:30	0.549	16	29.1556	0.0	32.0	34.0	35.4	220.0	46.0	36.2	35.6	flash	
2026-09-03T12:13:00	0.467	14	30	20.0	28.0	34.6	35.7	120.0	44.0	35.4	35.7	flash	
2026-09-03T12:13:30	0.667	20	30	20.0	40.0	35.4	35.6	160.0	40.0	37.0	35.7	flash	
2026-09-03T12:14:00	0.300	9	30	40.0	18.0	36.0	35.6	80.0	38.0	36.0	35.6	flash	
2026-09-03T12:14:30	0.400	12	30	20.0	24.0	32.0	35.6	80.0	30.0	36.0	35.7	flash	
2026-09-03T12:15:00	0.433	13	30	20.0	26.0	31.8	35.6	100.0	32.0	32.8	35.7	flash	
2026-09-03T12:15:30	0.467	14	30.0056	40.0	28.0	31.8	35.5	120.0	30.0	32.0	35.6	flash	
2026-09-03T12:16:00	0.630	19	30.1667	40.0	38.0	30.6	35.5	180.0	50.0	33.2	35.6	flash	
2026-09-03T12:16:30	0.497	15	30.1667	0.0	30.0	29.6	35.5	160.0	38.0	32.2	35.6	flash	
2026-09-03T12:17:00	0.630	19	30.1667	0.0	38.0	30.2	35.3	140.0	46.0	30.4	35.5	flash	
2026-09-03T12:17:30	0.597	18	30.1667	20.0	36.0	30.6	35.5	100.0	40.0	30.6	35.5	flash	
2026-09-03T12:18:00	0.564	17	30.1667	40.0	34.0	31.2	35.5	100.0	36.0	31.2	35.6	flash	
2026-09-03T12:18:30	0.480	14	29.1611	0.0	32.0	30.0	35.4	80.0	42.0	31.4	35.6	flash	
2026-09-03T12:19:00	0.895	27	30.1667	80.0	54.0	33.6	35.5	160.0	54.0	33.6	35.7	flash	
2026-09-03T12:19:30	0.530	16	30.1667	100.0	32.0	34.4	35.6	120.0	60.0	34.8	35.6	flash	
2026-09-03T12:20:00	0.298	9	30.1667	20.0	18.0	33.6	35.4	60.0	34.0	34.8	35.7	flash	
2026-09-03T12:20:30	0.497	15	30.1667	20.0	30.0	33.8	35.4	140.0	32.0	35.2	35.5	flash	
2026-09-03T12:21:00	0.994	30	30.1667	0.0	60.0	36.0	35.6	280.0	62.0	36.4	35.7	flash	
2026-09-03T12:21:30	0.464	14	30.1667	40.0	28.0	35.8	35.5	60.0	66.0	36.8	35.7	flash	
2026-09-03T12:22:00	0.343	10	29.1611	20.0	20.0	34.0	35.3	80.0	30.0	36.4	35.6	flash	
2026-09-03T12:22:30	0.696	21	30.1667	0.0	42.0	34.6	35.4	240.0	50.0	35.8	35.5	flash	
2026-09-03T12:23:00	0.630	19	30.1667	0.0	38.0	35.4	35.4	160.0	62.0	37.0	35.6	flash	
2026-09-03T12:23:30	0.663	20	30.1667	60.0	40.0	36.2	35.6	120.0	42.0	36.2	35.6	flash	
2026-09-03T12:24:00	0.597	18	30.1667	40.0	36.0	34.4	35.5	160.0	52.0	36.6	35.6	flash	
2026-09-03T12:24:30	0.564	17	30.1667	0.0	34.0	34.6	35.6	120.0	52.0	35.6	35.6	flash	
2026-09-03T12:25:00	0.994	29	29.1611	100.0	58.0	38.8	35.7	120.0	58.0	38.8	35.7	flash	
2026-09-03T12:25:30	0.796	24	30.1667	20.0	48.0	40.6	36.0	180.0	60.0	40.6	36.0	flash	
2026-09-03T12:26:00	0.530	16	30.1667	60.0	32.0	37.6	35.9	100.0	56.0	40.4	36.0	flash	
2026-09-03T12:26:30	0.464	14	30.1667	100.0	28.0	37.6	35.8	120.0	42.0	37.6	35.9	flash	
2026-09-03T12:27:00	0.597	18	30.1667	140.0	36.0	39.2	35.8	140.0	40.0	39.2	35.8	flash	
2026-09-03T12:27:30	0.464	14	30.1667	60.0	28.0	37.8	35.7	180.0	46.0	40.2	35.9	flash	
2026-09-03T12:28:00	0.377	11	29.1611	0.0	24.0	36.2	35.7	180.0	32.0	37.8	35.8	flash	
2026-09-03T12:28:30	0.630	19	30.1667	20.0	38.0	36.4	35.9	120.0	38.0	37.0	35.9	flash	
2026-09-03T12:29:00	0.663	20	30.1667	80.0	40.0	36.4	35.7	80.0	50.0	37.6	35.9	flash	
2026-09-03T12:29:30	0.663	20	30.1667	0.0	40.0	37.0	35.7	200.0	48.0	37.0	35.9	flash	
2026-09-03T12:30:00	0.663	20	30.1667	0.0	40.0	35.2	35.9	120.0	50.0	37.2	35.9	flash	
2026-09-03T12:30:30	0.829	25	30.1667	120.0	50.0	35.4	36.0	140.0	50.0	37.4	36.0	flash	
2026-09-03T12:31:00	0.686	20	29.1611	80.0	42.0	36.4	36.1	180.0	60.0	36.8	36.1	flash	
2026-09-03T12:31:30	0.497	15	30.1667	80.0	30.0	37.0	35.9	100.0	40.0	37.2	36.1	flash	
2026-09-03T12:32:00	1.061	32	30.1667	60.0	64.0	39.4	36.3	120.0	66.0	40.0	36.3	flash	
2026-09-03T12:32:30	0.497	15	30.1667	0.0	30.0	39.6	36.3	100.0	66.0	40.2	36.4	flash	
2026-09-03T12:33:00	0.729	22	30.1667	40.0	44.0	41.6	36.2	200.0	44.0	41.6	36.4	flash	
2026-09-03T12:33:30	0.431	13	30.1667	40.0	26.0	40.4	36.2	60.0	48.0	42.2	36.3	flash	
2026-09-03T12:34:00	0.583	17	29.1611	0.0	38.0	40.6	35.9	140.0	40.0	40.8	36.2	flash	
2026-09-03T12:34:30	0.696	21	30.1667	40.0	42.0	40.0	35.9	120.0	42.0	40.6	36.0	flash	
2026-09-03T12:35:00	0.398	12	30.1667	40.0	24.0	38.4	35.8	80.0	42.0	40.2	35.9	flash	
2026-09-03T12:35:30	0.663	20	30.1667	0.0	40.0	37.6	35.9	120.0	52.0	39.8	36.1	flash	
2026-09-03T12:36:00	0.696	21	30.1667	60.0	42.0	37.6	35.9	160.0	48.0	39.0	36.0	flash	
2026-09-03T12:36:30	0.862	26	30.1667	100.0	52.0	39.8	36.0	160.0	52.0	40.6	36.0	flash	
2026-09-03T12:37:00	0.514	15	29.1611	20.0	40.0	36.8	35.9	100.0	58.0	40.4	36.0	flash	
2026-09-03T12:37:30	0.829	25	30.1667	20.0	50.0	38.4	36.1	160.0	52.0	39.2	36.1	flash	
2026-09-03T12:38:00	0.331	10	30.1667	40.0	20.0	36.0	35.6	60.0	56.0	39.0	36.1	flash	
2026-09-03T12:38:30	1.061	32	30.1667	40.0	64.0	40.2	35.8	220.0	68.0	40.2	35.9	flash	
2026-09-03T12:39:00	0.663	20	30.1667	40.0	40.0	40.4	35.9	160.0	68.0	41.6	35.9	flash	
2026-09-03T12:39:30	0.331	10	30.1667	120.0	20.0	38.2	35.7	120.0	38.0	40.6	35.9	flash	
2026-09-03T12:40:00	0.617	18	29.1611	0.0	44.0	39.6	35.8	180.0	48.0	39.8	35.8	flash	
2026-09-03T12:40:30	0.696	21	30.1667	0.0	42.0	39.6	35.6	120.0	48.0	39.6	35.8	flash	
2026-09-03T12:41:00	0.398	12	30.1667	120.0	24.0	37.8	35.5	120.0	42.0	39.6	35.6	flash	
2026-09-03T12:41:30	0.232	7	30.1667	20.0	14.0	35.0	35.3	60.0	26.0	37.8	35.5	flash	
2026-09-03T12:42:00	0.630	19	30.1667	20.0	38.0	34.8	35.1	100.0	42.0	35.0	35.3	flash	
2026-09-03T12:42:30	0.729	22	30.1667	20.0	44.0	34.2	35.2	180.0	56.0	37.6	35.4	flash	
2026-09-03T12:43:00	0.583	17	29.1611	20.0	36.0	35.6	35.1	200.0	62.0	36.0	35.3	flash	
2026-09-03T12:43:30	0.696	21	30.1667	40.0	42.0	33.4	35.3	120.0	44.0	36.6	35.4	flash	
2026-09-03T12:44:00	0.994	30	30.1667	100.0	60.0	35.4	35.5	140.0	60.0	35.8	35.5	flash	
2026-09-03T12:44:30	0.597	18	30.1667	40.0	36.0	37.8	35.5	60.0	60.0	38.0	35.6	flash	
2026-09-03T12:45:00	0.663	20	30.1667	0.0	40.0	37.4	35.3	140.0	46.0	38.0	35.6	flash	
2026-09-03T12:45:30	0.762	23	30.1667	0.0	46.0	37.8	35.5	300.0	60.0	38.8	35.7	flash	
2026-09-03T12:46:00	0.583	17	29.1611	20.0	34.0	38.8	35.5	120.0	58.0	40.0	35.6	flash	
2026-09-03T12:46:30	0.729	22	30.1667	20.0	44.0	41.8	35.7	160.0	52.0	42.0	35.7	flash	
2026-09-03T12:47:00	0.796	24	30.1667	60.0	48.0	42.8	35.7	160.0	54.0	43.0	35.9	flash	
2026-09-03T12:47:30	0.862	26	30.1667	40.0	52.0	43.8	35.9	140.0	54.0	43.8	35.9	flash	
2026-09-03T12:48:00	0.597	18	30.1667	40.0	36.0	43.8	35.6	120.0	66.0	43.8	35.9	flash	
2026-09-03T12:48:30	0.729	22	30.1667	40.0	44.0	44.0	35.8	140.0	46.0	44.4	35.8	flash	
2026-09-03T12:49:00	0.617	18	29.1611	20.0	38.0	41.6	35.8	100.0	52.0	44.4	35.9	flash	
2026-09-03T12:49:30	0.696	21	30.1667	20.0	42.0	42.4	35.7	120.0	46.0	42.8	35.8	flash	
2026-09-03T12:50:00	0.630	19	30.1667	20.0	38.0	42.0	35.9	120.0	56.0	42.8	35.9	flash	
2026-09-03T12:50:30	0.796	24	30.1667	40.0	48.0	42.2	36.0	120.0	50.0	43.8	36.0	flash	
2026-09-03T12:51:00	0.597	18	30.1667	40.0	36.0	42.4	36.2	140.0	54.0	43.4	36.2	flash	
2026-09-03T12:51:30	0.464	14	30.1667	0.0	28.0	40.8	36.3	160.0	36.0	42.6	36.3	flash	
2026-09-03T12:52:00	0.480	14	29.1611	20.0	28.0	38.8	36.3	140.0	42.0	41.2	36.3	flash	
2026-09-03T12:52:30	0.696	21	30.1667	20.0	42.0	38.2	36.4	120.0	54.0	41.0	36.4	flash	
2026-09-03T12:53:00	0.265	8	30.1667	20.0	16.0	35.8	36.0	80.0	42.0	38.2	36.3	flash	
2026-09-03T12:53:30	0.829	25	30.1667	20.0	50.0	36.6	36.2	200.0	50.0	37.0	36.2	flash	
2026-09-03T12:54:00	0.597	18	30.1667	60.0	36.0	36.4	36.4	60.0	56.0	36.8	36.4	flash	
2026-09-03T12:54:30	0.597	18	30.1667	60.0	36.0	35.8	36.5	80.0	36.0	36.8	36.5	flash	
2026-09-03T12:55:00	0.377	11	29.1611	0.0	28.0	34.4	36.5	120.0	46.0	36.4	36.6	flash	
2026-09-03T12:55:30	0.431	13	30.1667	20.0	26.0	32.2	36.3	100.0	30.0	34.8	36.5	flash	
2026-09-03T12:56:00	0.862	26	30.1667	40.0	52.0	33.6	36.4	220.0	54.0	34.2	36.5	flash	
2026-09-03T12:56:30	0.597	18	30.1667	20.0	36.0	34.4	36.6	220.0	50.0	35.8	36.6	flash	
2026-09-03T12:57:00	0.597	18	30.1667	0.0	36.0	35.2	36.5	160.0	40.0	36.4	36.6	flash	
2026-09-03T12:57:30	0.829	25	30.1667	60.0	50.0	36.0	36.6	120.0	50.0	36.0	36.7	flash	
2026-09-03T12:58:00	0.583	17	29.1611	40.0	34.0	38.0	36.8	80.0	54.0	38.0	36.8	flash	
2026-09-03T12:58:30	0.663	20	30.1667	60.0	40.0	37.0	36.8	120.0	40.0	38.2	36.9	flash	
2026-09-03T12:59:00	0.597	18	30.1667	0.0	36.0	37.2	37.1	120.0	46.0	37.6	37.1	flash	
2026-09-03T12:59:30	0.298	9	30.1667	20.0	18.0	35.6	36.6	40.0	36.0	37.4	37.1	flash	
2026-09-03T13:00:00	0.597	18	30.1667	40.0	36.0	36.4	36.7	160.0	36.0	36.4	36.7	flash	
2026-09-03T13:00:30	0.564	17	30.1667	40.0	34.0	37.2	36.8	100.0	56.0	37.4	36.8	flash	
2026-09-03T13:01:00	0.960	28	29.1611	20.0	56.0	37.6	36.8	240.0	60.0	39.2	37.0	flash	
2026-09-03T13:01:30	0.497	15	30.1667	40.0	30.0	37.2	36.7	120.0	60.0	38.4	36.9	flash	
2026-09-03T13:02:00	1.094	33	30.1667	80.0	66.0	40.0	37.1	160.0	68.0	40.0	37.1	flash	
2026-09-03T13:02:30	0.597	18	30.1667	80.0	36.0	38.6	37.1	80.0	64.0	41.2	37.2	flash	
2026-09-03T13:03:00	0.829	25	30.1667	80.0	50.0	40.2	37.3	140.0	54.0	40.8	37.3	flash	
2026-09-03T13:03:30	0.199	6	30.1667	0.0	12.0	37.4	37.0	60.0	52.0	40.6	37.3	flash	
2026-09-03T13:04:00	0.857	25	29.1611	100.0	50.0	38.8	37.4	120.0	50.0	39.2	37.4	flash	
2026-09-03T13:04:30	0.365	11	30.1667	20.0	22.0	39.4	37.3	140.0	52.0	39.4	37.4	flash	
2026-09-03T13:05:00	0.696	21	30.1667	120.0	42.0	40.0	37.5	120.0	42.0	40.0	37.5	flash	
2026-09-03T13:05:30	0.431	13	30.1667	0.0	26.0	39.0	37.5	200.0	52.0	40.4	37.6	flash	
2026-09-03T13:06:00	0.630	19	30.1667	0.0	38.0	37.2	37.5	200.0	44.0	39.4	37.6	flash	
2026-09-03T13:06:30	0.530	16	30.1667	0.0	32.0	37.4	37.5	120.0	40.0	37.8	37.5	flash	
2026-09-03T13:07:00	0.377	11	29.1611	20.0	22.0	33.0	37.3	60.0	40.0	37.2	37.5	flash	
2026-09-03T13:07:30	0.530	16	30.1667	20.0	32.0	33.0	37.3	180.0	34.0	33.8	37.4	flash	
2026-09-03T13:08:00	0.199	6	30.1667	0.0	12.0	29.0	37.1	40.0	34.0	32.8	37.3	flash	
2026-09-03T13:08:30	0.597	18	30.1667	60.0	36.0	31.2	37.2	120.0	36.0	31.2	37.2	flash	
2026-09-03T13:09:00	0.630	19	30.1667	20.0	38.0	30.0	37.0	140.0	48.0	32.8	37.3	flash	
2026-09-03T13:09:30	0.729	22	30.1667	60.0	44.0	32.2	37.1	140.0	46.0	32.8	37.2	flash	
2026-09-03T13:10:00	0.720	21	29.1611	20.0	42.0	33.4	37.4	260.0	50.0	33.6	37.4	flash	
2026-09-03T13:10:30	0.696	21	30.1667	60.0	42.0	33.8	37.5	120.0	62.0	33.8	37.5	flash	
2026-09-03T13:11:00	0.663	20	30.1667	120.0	40.0	34.0	37.3	120.0	54.0	34.6	37.6	flash	
2026-09-03T13:11:30	0.331	10	30.1667	40.0	20.0	32.8	37.2	120.0	38.0	34.4	37.3	flash	
2026-09-03T13:12:00	0.530	16	30.1667	20.0	32.0	33.8	37.3	100.0	38.0	34.0	37.3	flash	
2026-09-03T13:12:30	0.696	21	30.1667	60.0	42.0	34.8	37.3	120.0	42.0	35.0	37.5	flash	
2026-09-03T13:13:00	0.754	22	29.1611	100.0	44.0	38.0	37.4	180.0	52.0	38.0	37.5	flash	
2026-09-03T13:13:30	0.729	22	30.1667	40.0	44.0	39.0	37.5	200.0	50.0	39.8	37.6	flash	
2026-09-03T13:14:00	0.398	12	30.1667	60.0	24.0	37.4	37.3	80.0	52.0	39.4	37.5	flash	
2026-09-03T13:14:30	0.597	18	30.1667	120.0	36.0	36.6	37.3	120.0	36.0	38.8	37.4	flash	
2026-09-03T13:15:00	0.564	17	30.1667	0.0	34.0	35.8	37.1	160.0	46.0	39.2	37.4	flash	
2026-09-03T13:15:30	0.663	20	30.1667	140.0	40.0	35.6	37.0	140.0	40.0	36.2	37.2	flash	
2026-09-03T13:16:00	0.789	23	29.1611	40.0	46.0	36.4	37.2	160.0	58.0	37.4	37.2	flash	
2026-09-03T13:16:30	0.630	19	30.1667	60.0	38.0	38.2	37.3	140.0	52.0	38.4	37.3	flash	
2026-09-03T13:17:00	0.597	18	30.1667	60.0	36.0	38.4	37.3	80.0	42.0	38.4	37.3	flash	
2026-09-03T13:17:30	0.497	15	30.1667	0.0	30.0	37.2	37.3	160.0	38.0	38.6	37.3	flash	
2026-09-03T13:18:00	0.497	15	30.1667	40.0	30.0	35.8	37.3	100.0	48.0	37.6	37.5	flash	
2026-09-03T13:18:30	0.431	13	30.1667	20.0	26.0	34.0	37.2	100.0	30.0	36.6	37.4	flash	
2026-09-03T13:19:00	0.412	12	29.1611	0.0	26.0	34.4	37.1	120.0	28.0	34.8	37.2	flash	
2026-09-03T13:19:30	0.564	17	30.1667	20.0	34.0	35.0	37.0	140.0	36.0	35.0	37.2	flash	
2026-09-03T13:20:00	0.663	20	30.1667	60.0	40.0	34.4	37.0	100.0	46.0	34.8	37.1	flash	
2026-09-03T13:20:30	0.862	26	30.1667	20.0	52.0	35.6	37.0	140.0	60.0	37.0	37.2	flash	
2026-09-03T13:21:00	0.331	10	30.1667	40.0	20.0	33.0	36.8	40.0	50.0	36.0	37.0	flash	
2026-09-03T13:21:30	0.994	30	30.1667	60.0	60.0	35.2	37.1	120.0	60.0	35.2	37.2	flash	
2026-09-03T13:22:00	0.549	16	29.1611	40.0	34.0	35.4	36.8	100.0	62.0	35.6	37.1	flash	
2026-09-03T13:22:30	0.564	17	30.1667	20.0	34.0	35.2	36.8	200.0	54.0	37.8	37.0	flash	
2026-09-03T13:23:00	0.497	15	30.1667	40.0	30.0	35.2	36.7	100.0	34.0	35.4	36.9	flash	
2026-09-03T13:23:30	0.530	16	30.1667	40.0	32.0	36.0	36.8	120.0	32.0	36.0	36.8	flash	
2026-09-03T13:24:00	0.365	11	30.1667	20.0	22.0	35.6	36.6	120.0	38.0	36.2	36.8	flash	
2026-09-03T13:24:30	0.762	23	30.1667	40.0	46.0	36.8	36.7	160.0	46.0	37.6	36.7	flash	
2026-09-03T13:25:00	0.754	22	29.1611	20.0	44.0	37.2	36.9	140.0	66.0	38.4	36.9	flash	
2026-09-03T13:25:30	0.961	29	30.1667	60.0	58.0	37.8	37.1	180.0	58.0	38.6	37.1	flash	
2026-09-03T13:26:00	0.630	19	30.1667	80.0	38.0	39.8	37.0	120.0	62.0	39.8	37.1	flash	
2026-09-03T13:26:30	0.497	15	30.1667	40.0	30.0	36.8	36.9	120.0	40.0	40.4	37.1	flash	
2026-09-03T13:27:00	0.497	15	30.1667	20.0	30.0	36.4	36.8	80.0	42.0	37.8	36.8	flash	
2026-09-03T13:27:30	0.464	14	30.1667	80.0	28.0	35.8	36.6	80.0	32.0	36.4	36.9	flash	
2026-09-03T13:28:00	0.720	21	29.1611	20.0	50.0	37.0	36.8	120.0	50.0	38.2	36.9	flash	
2026-09-03T13:28:30	0.696	21	30.1667	60.0	42.0	38.2	36.6	160.0	44.0	38.8	36.8	flash	
2026-09-03T13:29:00	0.564	17	30.1667	60.0	34.0	39.2	36.5	140.0	44.0	39.2	36.6	flash	
2026-09-03T13:29:30	0.696	21	30.1667	40.0	42.0	38.8	36.8	100.0	52.0	40.2	36.8	flash	
2026-09-03T13:30:00	0.829	25	30.1667	40.0	50.0	39.4	36.9	100.0	56.0	39.8	36.9	flash	
2026-09-03T13:30:30	0.762	23	30.1667	40.0	46.0	38.2	36.9	140.0	54.0	39.8	37.0	flash	
2026-09-03T13:31:00	0.240	7	29.1611	20.0	16.0	36.4	36.8	60.0	44.0	38.0	37.0	flash	
2026-09-03T13:31:30	0.928	28	30.1667	20.0	56.0	38.6	37.2	180.0	58.0	39.4	37.3	flash	
2026-09-03T13:32:00	0.597	18	30.1667	0.0	36.0	39.2	37.2	100.0	60.0	39.6	37.3	flash	
2026-09-03T13:32:30	0.497	15	30.1667	20.0	30.0	40.0	37.1	80.0	40.0	40.0	37.3	flash	
2026-09-03T13:33:00	0.729	22	30.1667	60.0	44.0	39.4	37.2	100.0	44.0	40.2	37.2	flash	
2026-09-03T13:33:30	0.398	12	30.1667	0.0	24.0	37.6	37.0	140.0	42.0	40.0	37.1	flash	
2026-09-03T13:34:00	0.377	11	29.1611	0.0	22.0	36.6	36.6	100.0	24.0	38.2	37.0	flash	
2026-09-03T13:34:30	0.564	17	30.1667	20.0	34.0	35.8	36.6	120.0	38.0	37.2	36.7	flash	
2026-09-03T13:35:00	0.829	25	30.1667	80.0	50.0	36.0	36.7	120.0	50.0	36.2	36.7	flash	
2026-09-03T13:35:30	0.729	22	30.1667	60.0	44.0	35.6	36.7	220.0	54.0	36.0	36.8	flash	
2026-09-03T13:36:00	0.663	20	30.1667	0.0	40.0	38.0	36.7	160.0	66.0	38.2	36.9	flash	
2026-09-03T13:36:30	0.729	22	30.1667	100.0	44.0	36.8	36.7	160.0	54.0	37.6	36.9	flash	
2026-09-03T13:37:00	0.789	23	29.1389	20.0	48.0	37.8	36.7	160.0	56.0	37.8	36.9	flash	
2026-09-03T13:37:30	0.633	19	30	60.0	38.0	38.8	36.6	160.0	60.0	39.8	37.0	flash	
2026-09-03T13:38:00	0.533	16	30	20.0	32.0	38.0	36.5	140.0	40.0	38.8	36.6	flash	
2026-09-03T13:38:30	1.033	31	30	0.0	62.0	41.2	36.7	200.0	64.0	41.2	36.8	flash	
2026-09-03T13:39:00	0.500	15	30	0.0	30.0	42.0	36.7	160.0	60.0	43.0	36.8	flash	
2026-09-03T13:39:30	0.567	17	30	120.0	34.0	42.0	36.6	120.0	34.0	42.2	36.7	flash	
2026-09-03T13:40:00	0.533	16	30.0444	80.0	32.0	40.8	36.5	180.0	48.0	42.8	36.7	flash	
2026-09-03T13:40:30	0.692	21	30.3333	120.0	42.0	40.2	36.5	120.0	44.0	41.6	36.6	flash	
2026-09-03T13:41:00	0.923	28	30.3333	20.0	56.0	41.6	36.7	220.0	66.0	41.6	36.7	flash	
2026-09-03T13:41:30	0.682	20	29.3222	40.0	40.0	41.4	36.8	160.0	58.0	42.0	36.9	flash	
2026-09-03T13:42:00	0.857	26	30.3333	40.0	52.0	41.8	37.0	160.0	66.0	43.0	37.1	flash	
2026-09-03T13:42:30	0.890	27	30.3333	0.0	54.0	43.4	37.1	140.0	58.0	44.0	37.2	flash	
2026-09-03T13:43:00	0.751	22	29.3	20.0	44.0	44.6	37.4	160.0	54.0	44.8	37.4	flash	
2026-09-03T13:43:30	0.500	15	30	20.0	30.0	41.4	37.2	120.0	48.0	44.4	37.4	flash	
2026-09-03T13:44:00	0.367	11	30	0.0	22.0	40.6	37.1	80.0	32.0	41.6	37.2	flash	
2026-09-03T13:44:30	0.900	27	30	60.0	54.0	42.6	37.3	120.0	54.0	43.2	37.3	flash	
2026-09-03T13:45:00	0.733	22	30	40.0	44.0	44.0	37.5	120.0	64.0	44.6	37.5	flash	
2026-09-03T13:45:30	0.500	15	30	0.0	30.0	42.6	37.5	80.0	42.0	43.8	37.5	flash	
2026-09-03T13:46:00	0.533	16	30.0111	20.0	32.0	40.2	37.3	100.0	42.0	44.0	37.6	flash	
2026-09-03T13:46:30	0.862	26	30.1667	80.0	52.0	41.4	37.5	120.0	52.0	42.2	37.5	flash	
2026-09-03T13:47:00	0.398	12	30.1667	0.0	24.0	39.0	37.4	120.0	58.0	41.8	37.6	flash	
2026-09-03T13:47:30	0.464	14	30.1667	0.0	28.0	36.0	37.1	100.0	28.0	38.8	37.4	flash	
2026-09-03T13:48:00	0.365	11	30.1667	60.0	22.0	33.8	37.0	80.0	38.0	36.4	37.2	flash	
2026-09-03T13:48:30	0.630	19	30.1667	80.0	38.0	34.6	37.0	100.0	42.0	34.8	37.1	flash	
2026-09-03T13:49:00	0.377	11	29.1611	80.0	22.0	34.6	36.9	80.0	38.0	34.8	37.0	flash	
2026-09-03T13:49:30	0.829	25	30.1667	60.0	50.0	34.2	37.2	200.0	52.0	35.2	37.2	flash	
2026-09-03T13:50:00	0.431	13	30.1667	20.0	26.0	32.4	37.1	180.0	60.0	34.6	37.3	flash	
2026-09-03T13:50:30	0.696	21	30.1667	100.0	42.0	33.6	37.2	220.0	42.0	33.6	37.2	flash	
2026-09-03T13:51:00	0.630	19	30.1667	20.0	38.0	34.2	37.0	140.0	56.0	34.4	37.2	flash	
2026-09-03T13:51:30	0.597	18	30.1667	0.0	36.0	32.6	37.0	100.0	50.0	34.8	37.1	flash	
2026-09-03T13:52:00	0.446	13	29.1611	160.0	26.0	32.8	36.6	160.0	34.0	32.8	37.0	flash	
2026-09-03T13:52:30	0.564	17	30.1667	0.0	34.0	33.4	36.7	240.0	50.0	35.4	36.8	flash	
2026-09-03T13:53:00	0.530	16	30.1667	0.0	32.0	34.6	36.5	100.0	34.0	35.0	36.7	flash	
2026-09-03T13:53:30	0.663	20	30.1667	80.0	40.0	34.6	36.7	140.0	40.0	35.8	36.7	flash	
2026-09-03T13:54:00	0.497	15	30.1667	40.0	30.0	35.4	36.5	80.0	44.0	36.0	36.8	flash	
2026-09-03T13:54:30	0.365	11	30.1667	40.0	22.0	32.6	36.5	60.0	34.0	35.4	36.6	flash	
2026-09-03T13:55:00	1.160	35	30.1667	40.0	70.0	37.0	36.8	140.0	72.0	37.2	36.9	flash	
2026-09-03T13:55:30	0.720	21	29.1611	120.0	42.0	37.0	37.0	120.0	70.0	39.0	37.0	flash	
2026-09-03T13:56:00	0.762	23	30.1667	100.0	46.0	37.8	37.0	100.0	52.0	38.4	37.1	flash	
2026-09-03T13:56:30	0.564	17	30.1667	20.0	34.0	37.6	37.1	120.0	46.0	37.8	37.1	flash	
2026-09-03T13:57:00	0.232	7	30.1667	20.0	14.0	36.4	37.0	40.0	36.0	38.0	37.1	flash	
2026-09-03T13:57:30	0.365	11	30.1667	0.0	22.0	35.2	36.9	80.0	26.0	36.4	37.0	flash	
2026-09-03T13:58:00	0.464	14	30.1667	40.0	28.0	34.8	37.0	140.0	34.0	35.8	37.0	flash	
2026-09-03T13:58:30	0.720	21	29.1611	0.0	44.0	35.2	37.1	140.0	46.0	36.0	37.2	flash	
2026-09-03T13:59:00	0.497	15	30.1667	20.0	30.0	35.2	37.0	160.0	58.0	36.2	37.1	flash	
2026-09-03T13:59:30	1.326	40	30.1667	0.0	80.0	40.8	37.4	200.0	82.0	41.2	37.5	flash	
2026-09-03T14:00:00	0.729	22	30.1667	20.0	44.0	38.2	37.4	220.0	70.0	40.8	37.5	flash	
2026-09-03T14:00:30	0.497	15	30.1667	0.0	30.0	37.0	37.3	160.0	54.0	38.4	37.5	flash	
2026-09-03T14:01:00	0.497	15	30.1667	0.0	30.0	35.4	37.2	160.0	36.0	37.4	37.3	flash	
2026-09-03T14:01:30	0.720	21	29.1611	0.0	42.0	36.4	37.4	160.0	42.0	37.0	37.5	flash	
2026-09-03T14:02:00	0.365	11	30.1667	20.0	22.0	37.0	37.3	80.0	48.0	37.0	37.4	flash	
2026-09-03T14:02:30	0.464	14	30.1667	20.0	28.0	37.6	37.2	80.0	30.0	38.2	37.3	flash	
2026-09-03T14:03:00	0.862	26	30.1667	40.0	52.0	40.2	37.2	180.0	54.0	40.2	37.3	flash	
2026-09-03T14:03:30	0.365	11	30.1667	0.0	22.0	38.0	37.0	80.0	54.0	40.0	37.3	flash	
2026-09-03T14:04:00	0.762	23	30.1667	20.0	46.0	39.6	37.2	160.0	48.0	40.2	37.3	flash	
2026-09-03T14:04:30	0.514	15	29.1611	40.0	30.0	34.6	37.3	100.0	48.0	38.8	37.3	flash	
2026-09-03T14:05:00	0.895	27	30.1667	0.0	54.0	35.8	37.4	220.0	62.0	36.8	37.4	flash	
2026-09-03T14:05:30	0.696	21	30.1667	40.0	42.0	36.8	37.4	100.0	66.0	38.2	37.7	flash	
2026-09-03T14:06:00	0.696	21	30.1667	0.0	42.0	38.0	37.4	140.0	46.0	39.2	37.5	flash	
2026-09-03T14:06:30	0.398	12	30.1667	60.0	24.0	36.2	37.2	60.0	40.0	38.8	37.4	flash	
2026-09-03T14:07:00	0.729	22	30.1667	20.0	44.0	38.4	37.3	160.0	48.0	38.6	37.4	flash	
2026-09-03T14:07:30	0.514	15	29.1611	20.0	30.0	38.8	37.3	80.0	48.0	39.2	37.5	flash	
2026-09-03T14:08:00	0.630	19	30.1667	80.0	38.0	37.2	37.4	100.0	38.0	38.8	37.4	flash	
2026-09-03T14:08:30	0.829	25	30.1667	60.0	50.0	40.0	37.6	100.0	58.0	40.0	37.6	flash	
2026-09-03T14:09:00	0.365	11	30.1667	20.0	22.0	37.6	37.6	80.0	48.0	40.0	37.7	flash	
2026-09-03T14:09:30	0.729	22	30.1667	60.0	44.0	39.0	37.7	160.0	46.0	39.8	37.8	flash	
2026-09-03T14:10:00	0.862	26	30.1667	140.0	52.0	38.8	37.8	140.0	56.0	39.8	37.8	flash	
2026-09-03T14:10:30	0.754	22	29.1611	0.0	48.0	39.2	37.7	200.0	66.0	39.4	37.8	flash	
2026-09-03T14:11:00	0.729	22	30.1667	0.0	44.0	39.2	38.0	140.0	58.0	40.0	38.0	flash	
2026-09-03T14:11:30	0.431	13	30.1667	20.0	26.0	39.6	37.7	80.0	50.0	40.2	38.1	flash	
2026-09-03T14:12:00	0.331	10	30.1667	0.0	20.0	37.0	37.5	60.0	26.0	39.6	37.7	flash	
2026-09-03T14:12:30	0.597	18	30.1667	40.0	36.0	37.6	37.5	120.0	36.0	37.6	37.5	flash	
2026-09-03T14:13:00	0.431	13	30.1667	20.0	26.0	36.4	37.5	100.0	40.0	38.4	37.6	flash	
2026-09-03T14:13:30	0.686	20	29.1611	20.0	42.0	35.6	37.6	200.0	48.0	38.0	37.7	flash	
2026-09-03T14:14:00	0.663	20	30.1667	80.0	40.0	37.4	37.8	120.0	40.0	37.4	37.8	flash	
2026-09-03T14:14:30	0.564	17	30.1667	20.0	34.0	36.6	37.6	140.0	44.0	37.6	37.8	flash	
2026-09-03T14:15:00	0.431	13	30.1667	20.0	26.0	34.0	37.5	120.0	44.0	36.4	37.7	flash	
2026-09-03T14:15:30	0.663	20	30.1667	60.0	40.0	33.2	37.3	100.0	40.0	33.6	37.4	flash	
2026-09-03T14:16:00	0.298	9	30.1667	0.0	18.0	30.6	37.1	60.0	42.0	33.2	37.2	flash	
2026-09-03T14:16:30	0.514	15	29.1611	60.0	30.0	31.0	37.1	120.0	32.0	31.0	37.2	flash	
2026-09-03T14:17:00	0.564	17	30.1667	20.0	34.0	32.4	37.1	80.0	40.0	32.6	37.1	flash	
2026-09-03T14:17:30	0.464	14	30.1667	0.0	28.0	32.0	37.2	140.0	38.0	33.0	37.2	flash	
2026-09-03T14:18:00	0.497	15	30.1667	60.0	30.0	32.2	37.0	60.0	36.0	32.2	37.1	flash	
2026-09-03T14:18:30	0.464	14	30.1667	20.0	28.0	30.8	36.9	120.0	38.0	32.8	37.1	flash	
2026-09-03T14:19:00	0.497	15	30.1667	20.0	30.0	29.8	36.8	120.0	40.0	31.4	37.1	flash	
2026-09-03T14:19:30	0.754	22	29.1611	20.0	46.0	30.8	36.9	120.0	46.0	31.0	36.9	flash	
2026-09-03T14:20:00	0.729	22	30.1667	40.0	44.0	32.6	36.8	180.0	56.0	32.6	36.8	flash	
2026-09-03T14:20:30	0.597	18	30.1667	0.0	36.0	32.2	36.7	100.0	50.0	33.8	36.8	flash	
2026-09-03T14:21:00	0.564	17	30.1667	40.0	34.0	33.8	36.9	80.0	40.0	33.8	36.9	flash	
2026-09-03T14:21:30	0.431	13	30.1667	0.0	26.0	33.4	36.6	120.0	32.0	34.4	36.9	flash	
2026-09-03T14:22:00	0.431	13	30.1667	60.0	26.0	32.6	36.5	100.0	38.0	34.6	36.6	flash	
2026-09-03T14:22:30	0.448	13	29.05	20.0	28.0	32.4	36.5	100.0	34.0	34.0	36.6	flash	
2026-09-03T14:23:00	0.700	21	30	0.0	42.0	34.2	36.5	280.0	44.0	35.0	36.6	flash	
2026-09-03T14:23:30	0.533	16	30	0.0	32.0	34.2	36.5	100.0	44.0	34.4	36.5	flash	
2026-09-03T14:24:00	0.600	18	30	40.0	36.0	34.8	36.6	100.0	52.0	35.6	36.7	flash	
2026-09-03T14:24:30	0.400	12	30	20.0	24.0	32.6	36.5	180.0	32.0	36.4	36.8	flash	
2026-09-03T14:25:00	0.567	17	30	40.0	34.0	31.6	36.4	140.0	36.0	33.2	36.6	flash	
2026-09-03T14:25:30	0.764	23	30.1111	20.0	46.0	32.6	36.4	180.0	48.0	32.6	36.6	flash	
2026-09-03T14:26:00	0.232	7	30.1667	100.0	14.0	31.0	36.1	100.0	46.0	32.6	36.4	flash	
2026-09-03T14:26:30	0.464	14	30.1667	20.0	28.0	30.8	36.0	140.0	36.0	31.6	36.1	flash	
2026-09-03T14:27:00	0.961	29	30.1667	80.0	58.0	34.2	36.1	200.0	58.0	34.2	36.1	flash	
2026-09-03T14:27:30	0.530	16	30.1667	0.0	32.0	34.6	36.0	140.0	66.0	34.8	36.1	flash	
2026-09-03T14:28:00	0.762	23	30.1667	0.0	46.0	35.0	36.2	200.0	58.0	37.2	36.3	flash	
2026-09-03T14:28:30	0.686	20	29.1611	40.0	40.0	35.8	36.0	120.0	52.0	36.8	36.3	flash	
2026-09-03T14:29:00	0.696	21	30.1667	20.0	42.0	36.4	36.1	160.0	44.0	36.6	36.1	flash	
2026-09-03T14:29:30	0.530	16	30.1667	20.0	32.0	37.2	36.1	100.0	56.0	38.2	36.3	flash	
2026-09-03T14:30:00	0.663	20	30.1667	60.0	40.0	37.8	36.1	120.0	40.0	38.0	36.2	flash	
2026-09-03T14:30:30	0.796	24	30.1667	60.0	48.0	38.0	36.2	120.0	48.0	38.0	36.3	flash	
2026-09-03T14:31:00	0.796	24	30.1667	20.0	48.0	41.4	36.1	280.0	86.0	42.4	36.6	flash	
2026-09-03T14:31:30	0.549	16	29.1611	60.0	32.0	41.8	36.0	180.0	42.0	42.4	36.2	flash	
2026-09-03T14:32:00	0.663	20	30.1667	40.0	40.0	40.4	36.0	140.0	42.0	42.2	36.0	flash	
2026-09-03T14:32:30	0.696	21	30.1667	80.0	42.0	41.0	35.8	140.0	52.0	41.0	36.0	flash	
2026-09-03T14:33:00	0.663	20	30.1667	0.0	40.0	40.4	35.8	120.0	58.0	42.0	36.0	flash	
2026-09-03T14:33:30	0.729	22	30.1667	80.0	44.0	40.8	35.9	140.0	44.0	40.8	35.9	flash	
2026-09-03T14:34:00	0.729	22	30.1667	20.0	44.0	41.0	36.1	160.0	52.0	43.0	36.2	flash	
2026-09-03T14:34:30	0.583	17	29.1611	60.0	34.0	41.2	35.9	160.0	52.0	41.4	36.2	flash	
2026-09-03T14:35:00	0.464	14	30.1667	40.0	28.0	40.0	35.8	80.0	40.0	42.0	35.9	flash	
2026-09-03T14:35:30	0.464	14	30.1667	20.0	28.0	38.6	35.7	100.0	30.0	40.6	35.8	flash	
2026-09-03T14:36:00	0.331	10	30.1667	40.0	20.0	35.2	35.6	60.0	34.0	38.0	35.7	flash	
2026-09-03T14:36:30	0.497	15	30.1667	0.0	30.0	35.0	35.4	140.0	34.0	35.8	35.6	flash	
2026-09-03T14:37:00	0.298	9	30.1667	0.0	18.0	32.8	35.3	80.0	40.0	35.4	35.4	flash	
2026-09-03T14:37:30	0.377	11	29.1611	0.0	22.0	30.8	35.3	100.0	22.0	33.2	35.4	flash	
2026-09-03T14:38:00	0.729	22	30.1667	60.0	44.0	31.2	35.5	140.0	44.0	31.2	35.5	flash	
2026-09-03T14:38:30	0.331	10	30.1667	0.0	20.0	29.0	35.3	100.0	58.0	32.2	35.6	flash	
2026-09-03T14:39:00	0.663	20	30.1667	60.0	40.0	28.4	35.5	160.0	40.0	30.8	35.6	flash	
2026-09-03T14:39:30	0.663	20	30.1667	80.0	40.0	29.0	35.4	120.0	42.0	29.2	35.5	flash	
2026-09-03T14:40:00	0.464	14	30.1667	20.0	28.0	29.0	35.4	160.0	50.0	29.8	35.5	flash	
2026-09-03T14:40:30	1.406	41	29.1611	160.0	82.0	34.6	35.8	200.0	84.0	34.6	35.9	flash	
2026-09-03T14:41:00	0.398	12	30.1667	20.0	24.0	35.0	35.7	160.0	82.0	35.0	35.8	flash	
2026-09-03T14:41:30	0.729	22	30.1667	40.0	44.0	36.2	35.8	100.0	44.0	37.6	35.8	flash	
2026-09-03T14:42:00	0.431	13	30.1667	0.0	26.0	37.0	35.8	120.0	50.0	37.6	35.9	flash	
2026-09-03T14:42:30	0.597	18	30.1667	0.0	36.0	38.4	35.8	120.0	36.0	38.4	35.8	flash	
2026-09-03T14:43:00	0.729	22	30.1667	100.0	44.0	38.4	35.9	120.0	56.0	40.2	35.9	flash	
2026-09-03T14:43:30	0.514	15	29.1611	40.0	38.0	39.4	35.8	120.0	46.0	39.4	35.9	flash	
2026-09-03T14:44:00	0.265	8	30.1667	40.0	16.0	37.0	35.7	100.0	32.0	39.6	35.8	flash	
2026-09-03T14:44:30	0.530	16	30.1667	40.0	32.0	36.4	35.8	120.0	34.0	37.4	35.8	flash	
2026-09-03T14:45:00	0.762	23	30.1667	160.0	46.0	38.0	35.5	180.0	46.0	38.0	35.8	flash	
2026-09-03T14:45:30	0.298	9	30.1667	20.0	18.0	31.6	35.3	60.0	50.0	38.0	35.5	flash	
2026-09-03T14:46:00	0.398	12	30.1667	80.0	24.0	31.6	35.1	80.0	26.0	32.0	35.3	flash	
2026-09-03T14:46:30	0.172	5	29.0889	0.0	10.0	28.4	34.8	80.0	26.0	31.6	35.1	flash	
2026-09-03T14:47:00	0.800	24	30	60.0	48.0	30.4	35.2	160.0	48.0	30.4	35.2	flash	
2026-09-03T14:47:30	0.567	17	30	0.0	34.0	30.2	35.3	140.0	60.0	32.2	35.3	flash	
2026-09-03T14:48:00	0.500	15	30	60.0	30.0	29.6	35.3	80.0	38.0	30.4	35.4	flash	
2026-09-03T14:48:30	0.667	20	30	60.0	40.0	29.8	35.3	100.0	42.0	30.0	35.4	flash	
2026-09-03T14:49:00	0.667	20	30	40.0	40.0	32.4	35.4	160.0	42.0	32.4	35.4	flash	
2026-09-03T14:49:30	0.399	12	30.0722	20.0	24.0	31.4	34.8	180.0	44.0	32.4	35.4	flash	
2026-09-03T14:50:00	0.564	17	30.1667	0.0	34.0	30.4	34.7	140.0	50.0	33.2	35.0	flash	
2026-09-03T14:50:30	0.928	28	30.1667	20.0	56.0	34.2	35.0	160.0	56.0	34.6	35.0	flash	
2026-09-03T14:51:00	0.232	7	30.1667	0.0	14.0	33.0	34.8	60.0	56.0	34.6	35.0	flash	
2026-09-03T14:51:30	0.597	18	30.1667	0.0	36.0	35.6	34.8	120.0	36.0	35.6	35.0	flash	
2026-09-03T14:52:00	0.298	9	30.1667	0.0	18.0	32.6	34.7	40.0	38.0	36.2	34.8	flash	
2026-09-03T14:52:30	0.583	17	29.1611	20.0	34.0	32.6	34.8	160.0	34.0	33.0	34.8	flash	
2026-09-03T14:53:00	0.497	15	30.1667	0.0	30.0	32.6	34.6	100.0	50.0	33.6	34.9	flash	
2026-09-03T14:53:30	0.696	21	30.1667	40.0	42.0	32.8	34.8	240.0	42.0	33.2	34.8	flash	
2026-09-03T14:54:00	0.597	18	30.1667	20.0	36.0	32.4	34.7	180.0	66.0	35.2	34.8	flash	
2026-09-03T14:54:30	0.663	20	30.1667	20.0	40.0	34.0	34.8	200.0	42.0	34.0	34.9	flash	
2026-09-03T14:55:00	1.028	31	30.1667	60.0	62.0	36.8	34.8	220.0	72.0	36.8	35.0	flash	
2026-09-03T14:55:30	0.686	20	29.1611	60.0	46.0	35.2	34.8	120.0	66.0	38.0	34.9	flash	
2026-09-03T14:56:00	0.895	27	30.1667	40.0	54.0	39.2	34.9	120.0	58.0	39.2	35.0	flash	
2026-09-03T14:56:30	0.829	25	30.1667	100.0	50.0	40.6	35.2	120.0	60.0	40.6	35.2	flash	
2026-09-03T14:57:00	0.464	14	30.1667	20.0	28.0	41.6	35.0	100.0	56.0	41.6	35.3	flash	
2026-09-03T14:57:30	0.398	12	30.1667	80.0	24.0	40.6	35.0	120.0	28.0	41.6	35.0	flash	
2026-09-03T14:58:00	0.961	29	30.1667	0.0	58.0	43.4	35.2	180.0	70.0	44.0	35.3	flash	
2026-09-03T14:58:30	0.583	17	29.1611	100.0	34.0	42.6	35.0	140.0	58.0	44.6	35.2	flash	
2026-09-03T14:59:00	0.696	21	30.1667	20.0	42.0	43.2	35.2	180.0	50.0	44.2	35.3	flash	
2026-09-03T14:59:30	0.497	15	30.1667	100.0	30.0	42.4	35.1	120.0	42.0	43.6	35.3	flash	
2026-09-03T15:00:00	0.298	9	30.1667	40.0	18.0	38.4	34.8	100.0	34.0	42.2	35.1	flash	
2026-09-03T15:00:30	0.895	27	30.1667	0.0	54.0	39.2	34.8	220.0	58.0	40.2	35.0	flash	
2026-09-03T15:01:00	0.398	12	30.1667	20.0	24.0	36.2	34.6	80.0	58.0	39.0	34.8	flash	
2026-09-03T15:01:30	0.789	23	29.1611	160.0	46.0	36.2	34.8	180.0	46.0	37.0	34.8	flash	
2026-09-03T15:02:00	0.630	19	30.1667	0.0	38.0	36.8	35.0	140.0	60.0	37.2	35.0	flash	
2026-09-03T15:02:30	0.696	21	30.1667	60.0	42.0	39.4	35.1	100.0	44.0	39.4	35.1	flash	
2026-09-03T15:03:00	0.729	22	30.1667	100.0	44.0	37.2	35.3	160.0	46.0	39.0	35.3	flash	
2026-09-03T15:03:30	0.331	10	30.1667	20.0	20.0	35.8	35.1	120.0	46.0	37.6	35.3	flash	
2026-09-03T15:04:00	0.464	14	30.1667	60.0	28.0	34.4	34.9	100.0	30.0	35.6	35.1	flash	
2026-09-03T15:04:30	0.412	12	29.1611	20.0	24.0	34.4	34.8	100.0	34.0	36.2	35.0	flash	
2026-09-03T15:05:00	0.497	15	30.1667	20.0	30.0	35.2	34.9	140.0	30.0	36.2	34.9	flash	
2026-09-03T15:05:30	0.928	28	30.1667	80.0	56.0	35.2	35.0	180.0	56.0	36.2	35.1	flash	
2026-09-03T15:06:00	0.597	18	30.1667	0.0	36.0	36.4	35.2	100.0	60.0	36.8	35.2	flash	
2026-09-03T15:06:30	0.630	19	30.1667	20.0	38.0	35.6	35.3	160.0	52.0	37.4	35.3	flash	
2026-09-03T15:07:00	0.796	24	30.1667	100.0	48.0	36.6	35.4	180.0	62.0	37.4	35.5	flash	
2026-09-03T15:07:30	0.309	9	29.1611	0.0	28.0	34.4	35.3	120.0	44.0	36.8	35.5	flash	
2026-09-03T15:08:00	0.398	12	30.1667	0.0	24.0	33.2	35.3	80.0	24.0	34.8	35.4	flash	
2026-09-03T15:08:30	0.564	17	30.1667	0.0	34.0	33.6	35.4	160.0	42.0	34.6	35.5	flash	
2026-09-03T15:09:00	0.796	24	30.1667	0.0	48.0	35.6	35.5	140.0	50.0	36.6	35.6	flash	
2026-09-03T15:09:30	0.597	18	30.1667	60.0	36.0	36.8	35.4	120.0	54.0	37.0	35.7	flash	
2026-09-03T15:10:00	0.564	17	30.1667	80.0	34.0	37.2	35.3	120.0	38.0	38.2	35.6	flash	
2026-09-03T15:10:30	1.097	32	29.1611	140.0	64.0	38.6	35.6	260.0	66.0	38.8	35.6	flash	
2026-09-03T15:11:00	0.265	8	30.1667	40.0	16.0	36.0	35.5	60.0	64.0	38.0	35.6	flash	
2026-09-03T15:11:30	0.796	24	30.1667	20.0	48.0	37.2	35.7	100.0	52.0	37.6	35.7	flash	
2026-09-03T15:12:00	0.696	21	30.1667	40.0	42.0	37.4	35.8	140.0	52.0	37.4	35.9	flash	
2026-09-03T15:12:30	0.431	13	30.1667	80.0	26.0	37.2	35.8	80.0	40.0	37.2	35.8	flash	
2026-09-03T15:13:00	0.862	26	30.1667	20.0	52.0	40.0	35.9	120.0	58.0	40.2	36.0	flash	
2026-09-03T15:13:30	0.857	25	29.1611	20.0	52.0	41.6	36.1	200.0	58.0	41.6	36.1	flash	
2026-09-03T15:14:00	0.530	16	30.1667	40.0	32.0	40.0	36.1	80.0	52.0	41.8	36.1	flash	
2026-09-03T15:14:30	0.530	16	30.1667	0.0	32.0	39.8	36.1	120.0	44.0	40.6	36.2	flash	
2026-09-03T15:15:00	0.564	17	30.1667	0.0	34.0	39.6	36.1	120.0	44.0	40.4	36.3	flash	
2026-09-03T15:15:30	0.597	18	30.1667	40.0	36.0	36.8	36.0	100.0	36.0	40.6	36.3	flash	
2026-09-03T15:16:00	0.398	12	30.1667	0.0	24.0	37.6	36.1	140.0	40.0	38.2	36.2	flash	
2026-09-03T15:16:30	0.857	25	29.1611	80.0	50.0	37.8	36.4	220.0	50.0	37.8	36.4	flash	
2026-09-03T15:17:00	0.530	16	30.1667	120.0	32.0	37.0	36.1	120.0	64.0	37.8	36.4	flash	
2026-09-03T15:17:30	0.331	10	30.1667	0.0	20.0	36.6	36.0	100.0	36.0	37.2	36.2	flash	
2026-09-03T15:18:00	0.530	16	30.1667	20.0	32.0	34.4	35.8	80.0	38.0	36.6	36.0	flash	
2026-09-03T15:18:30	0.365	11	30.1667	0.0	22.0	31.4	35.7	140.0	30.0	34.4	35.8	flash	
2026-09-03T15:19:00	0.530	16	30.1667	20.0	32.0	31.4	35.6	120.0	46.0	32.4	35.8	flash	
2026-09-03T15:19:30	0.240	7	29.1611	0.0	16.0	29.6	35.4	120.0	38.0	32.0	35.5	flash	
2026-09-03T15:20:00	0.630	19	30.1667	120.0	38.0	30.0	35.4	180.0	38.0	31.2	35.5	flash	
2026-09-03T15:20:30	0.663	20	30.1667	20.0	40.0	30.4	35.3	120.0	52.0	31.6	35.6	flash	
2026-09-03T15:21:00	0.762	23	30.1667	80.0	46.0	32.6	35.3	180.0	46.0	32.6	35.3	flash	
2026-09-03T15:21:30	0.464	14	30.1667	60.0	28.0	30.4	35.2	60.0	50.0	33.6	35.3	flash	
2026-09-03T15:22:00	0.431	13	30.1667	0.0	26.0	29.8	35.1	140.0	42.0	31.4	35.3	flash	
2026-09-03T15:22:30	0.652	19	29.1611	60.0	38.0	31.6	35.0	120.0	38.0	31.8	35.2	flash	
2026-09-03T15:23:00	0.895	27	30.1667	40.0	54.0	34.0	35.2	180.0	60.0	34.0	35.2	flash	
2026-09-03T15:23:30	0.365	11	30.1667	20.0	22.0	33.8	35.0	60.0	52.0	34.8	35.2	flash	
2026-09-03T15:24:00	0.696	21	30.1667	80.0	42.0	35.0	34.9	140.0	46.0	35.4	35.1	flash	
2026-09-03T15:24:30	0.564	17	30.1667	140.0	34.0	36.8	34.9	140.0	48.0	36.8	35.0	flash	
2026-09-03T15:25:00	0.564	17	30.1667	0.0	34.0	36.4	35.0	140.0	48.0	37.6	35.0	flash	
2026-09-03T15:25:30	0.754	22	29.1611	40.0	44.0	37.0	35.2	140.0	48.0	37.4	35.2	flash	
2026-09-03T15:26:00	0.729	22	30.1667	100.0	44.0	37.2	35.4	120.0	50.0	37.6	35.4	flash	
2026-09-03T15:26:30	0.696	21	30.1667	140.0	42.0	38.0	35.5	140.0	56.0	38.4	35.6	flash	
2026-09-03T15:27:00	0.564	17	30.1667	40.0	34.0	38.8	35.7	100.0	52.0	39.4	35.7	flash	
2026-09-03T15:27:30	0.696	21	30.1667	100.0	42.0	39.2	35.9	120.0	44.0	39.6	35.9	flash	
2026-09-03T15:28:00	0.365	11	30.1667	0.0	22.0	36.0	35.7	120.0	38.0	38.8	35.9	flash	
2026-09-03T15:28:30	0.960	28	29.1611	40.0	56.0	39.4	36.0	240.0	58.0	39.4	36.0	flash	
2026-09-03T15:29:00	0.367	11	30	20.0	22.0	38.0	35.8	120.0	58.0	39.6	36.0	flash	
2026-09-03T15:29:30	0.433	13	30	0.0	26.0	36.6	35.7	120.0	28.0	38.0	35.9	flash	
2026-09-03T15:30:00	0.500	15	30	0.0	30.0	36.2	35.7	80.0	44.0	37.2	35.8	flash	
2026-09-03T15:30:30	0.433	13	30	0.0	26.0	34.4	35.2	100.0	32.0	36.4	35.7	flash	
2026-09-03T15:31:00	0.633	19	30	20.0	38.0	34.6	35.3	180.0	40.0	35.0	35.3	flash	
2026-09-03T15:31:30	0.533	16	30	40.0	32.0	32.8	35.2	200.0	48.0	34.0	35.3	flash	
2026-09-03T15:32:00	0.597	18	30.1667	40.0	36.0	33.2	35.3	200.0	56.0	33.6	35.3	flash	
2026-09-03T15:32:30	0.696	21	30.1667	40.0	42.0	33.0	35.3	160.0	44.0	33.6	35.4	flash	
2026-09-03T15:33:00	0.696	21	30.1667	40.0	42.0	35.0	35.4	180.0	58.0	35.8	35.5	flash	
2026-09-03T15:33:30	0.597	18	30.1667	0.0	36.0	33.0	35.4	240.0	44.0	35.0	35.5	flash	
2026-09-03T15:34:00	0.464	14	30.1667	0.0	28.0	33.6	35.5	120.0	42.0	33.8	35.5	flash	
2026-09-03T15:34:30	0.564	17	30.1667	80.0	34.0	34.4	35.5	100.0	44.0	35.6	35.7	flash	
2026-09-03T15:35:00	0.926	27	29.1611	20.0	58.0	36.8	35.6	120.0	62.0	36.8	35.8	flash	
2026-09-03T15:35:30	0.729	22	30.1667	0.0	44.0	38.6	35.9	160.0	56.0	39.6	35.9	flash	
2026-09-03T15:36:00	0.696	21	30.1667	100.0	42.0	39.0	36.0	180.0	62.0	40.2	36.1	flash	
2026-09-03T15:36:30	0.497	15	30.1667	0.0	30.0	38.8	36.2	140.0	54.0	41.4	36.2	flash	
2026-09-03T15:37:00	0.564	17	30.1667	120.0	34.0	38.6	36.1	120.0	34.0	39.8	36.3	flash	
2026-09-03T15:37:30	0.199	6	30.1667	0.0	12.0	35.6	35.9	100.0	32.0	38.6	36.1	flash	
2026-09-03T15:38:00	0.789	23	29.1611	80.0	46.0	36.2	36.0	200.0	46.0	36.2	36.1	flash	
2026-09-03T15:38:30	0.862	26	30.1667	100.0	52.0	37.6	36.2	140.0	58.0	38.0	36.2	flash	
2026-09-03T15:39:00	0.663	20	30.1667	20.0	40.0	38.8	36.2	140.0	50.0	39.4	36.3	flash	
2026-09-03T15:39:30	0.630	19	30.1667	140.0	38.0	39.6	36.3	180.0	52.0	39.8	36.3	flash	
2026-09-03T15:40:00	0.762	23	30.1667	60.0	46.0	38.4	36.4	140.0	56.0	40.0	36.4	flash	
2026-09-03T15:40:30	0.928	28	30.1667	60.0	56.0	39.6	36.4	160.0	64.0	40.0	36.5	flash	
2026-09-03T15:41:00	0.549	16	29.1611	40.0	32.0	38.8	36.6	140.0	56.0	39.6	36.6	flash	
2026-09-03T15:41:30	0.829	25	30.1667	100.0	50.0	40.6	36.7	140.0	52.0	40.6	36.7	flash	
2026-09-03T15:42:00	0.564	17	30.1667	20.0	34.0	41.4	36.9	160.0	70.0	42.4	36.9	flash	
2026-09-03T15:42:30	0.597	18	30.1667	20.0	36.0	43.0	36.9	100.0	38.0	43.4	37.1	flash	
2026-09-03T15:43:00	0.365	11	30.1667	0.0	22.0	40.6	36.8	200.0	36.0	43.8	36.9	flash	
2026-09-03T15:43:30	0.729	22	30.1667	40.0	44.0	39.8	36.9	140.0	44.0	41.6	37.1	flash	
2026-09-03T15:44:00	0.583	17	29.1611	140.0	36.0	39.2	36.8	140.0	44.0	40.6	36.9	flash	
2026-09-03T15:44:30	0.729	22	30.1667	60.0	44.0	40.0	36.9	160.0	54.0	40.8	37.0	flash	
2026-09-03T15:45:00	0.232	7	30.1667	20.0	14.0	36.8	36.5	80.0	44.0	39.8	36.9	flash	
2026-09-03T15:45:30	0.796	24	30.1667	40.0	48.0	35.8	36.5	200.0	48.0	36.8	36.5	flash	
2026-09-03T15:46:00	0.696	21	30.1667	20.0	42.0	36.8	36.4	80.0	64.0	37.6	36.5	flash	
2026-09-03T15:46:30	0.961	29	30.1667	20.0	58.0	37.6	36.4	160.0	60.0	38.8	36.5	flash	
2026-09-03T15:47:00	0.652	19	29.1611	100.0	38.0	38.0	36.5	100.0	62.0	38.0	36.5	flash	
2026-09-03T15:47:30	0.365	11	30.1667	20.0	22.0	36.8	36.6	100.0	40.0	38.2	36.6	flash	
2026-09-03T15:48:00	0.431	13	30.1667	20.0	26.0	37.0	36.2	80.0	30.0	37.6	36.5	flash	
2026-09-03T15:48:30	0.762	23	30.1667	40.0	46.0	37.4	36.3	140.0	48.0	38.0	36.4	flash	
2026-09-03T15:49:00	0.431	13	30.1667	20.0	26.0	36.4	36.2	60.0	46.0	37.6	36.3	flash	
2026-09-03T15:49:30	0.232	7	30.1667	0.0	14.0	33.4	36.0	40.0	28.0	36.4	36.2	flash	
2026-09-03T15:50:00	0.652	19	29.1611	80.0	38.0	35.8	36.2	80.0	38.0	36.0	36.2	flash	
2026-09-03T15:50:30	0.530	16	30.1667	0.0	32.0	34.6	36.0	100.0	44.0	36.4	36.2	flash	
2026-09-03T15:51:00	0.431	13	30.1667	0.0	26.0	32.6	36.0	120.0	42.0	34.4	36.1	flash	
2026-09-03T15:51:30	1.094	33	30.1667	0.0	66.0	33.4	36.2	240.0	66.0	34.4	36.4	flash	
2026-09-03T15:52:00	0.530	16	30.1667	0.0	32.0	32.8	36.1	100.0	66.0	34.4	36.2	flash	
2026-09-03T15:52:30	0.564	17	30.1667	60.0	34.0	34.0	36.1	180.0	50.0	34.6	36.3	flash	
2026-09-03T15:53:00	0.754	22	29.1611	20.0	50.0	36.0	36.2	220.0	50.0	36.4	36.2	flash	
2026-09-03T15:53:30	0.431	13	30.1667	40.0	26.0	33.8	36.1	100.0	44.0	35.8	36.1	flash	
2026-09-03T15:54:00	0.564	17	30.1667	0.0	34.0	34.8	36.2	120.0	46.0	35.6	36.3	flash	
2026-09-03T15:54:30	1.061	32	30.1667	0.0	64.0	39.6	36.6	220.0	64.0	39.6	36.6	flash	
2026-09-03T15:55:00	0.298	9	30.1667	0.0	18.0	37.6	36.5	80.0	68.0	40.6	36.7	flash	
2026-09-03T15:55:30	0.232	7	30.1667	20.0	14.0	35.8	36.0	60.0	24.0	38.0	36.5	flash	
2026-09-03T15:56:00	0.960	28	29.1611	20.0	58.0	38.8	36.2	200.0	58.0	39.0	36.4	flash	
2026-09-03T15:56:30	0.630	19	30.1667	40.0	38.0	36.0	36.3	100.0	58.0	39.2	36.3	flash	
2026-09-03T15:57:00	0.232	7	30.1667	20.0	14.0	34.2	36.0	60.0	38.0	36.4	36.3	flash	
2026-09-03T15:57:30	0.166	5	30.1667	0.0	10.0	32.4	35.8	80.0	14.0	34.2	35.9	flash	
2026-09-03T15:58:00	0.597	18	30.1667	0.0	36.0	31.0	35.9	120.0	36.0	32.8	36.0	flash	
2026-09-03T15:58:30	0.597	18	30.1667	20.0	36.0	32.0	36.0	100.0	36.0	32.2	36.0	flash	
2026-09-03T15:59:00	0.275	8	29.0444	0.0	18.0	30.2	35.6	80.0	44.0	32.6	36.0	flash	
2026-09-03T15:59:30	0.467	14	30	20.0	28.0	26.6	35.6	120.0	30.0	31.4	35.7	flash	
2026-09-03T16:00:00	0.533	16	30	20.0	32.0	28.0	35.5	140.0	32.0	28.2	35.6	flash	
2026-09-03T16:00:30	1.167	35	30	140.0	70.0	33.8	35.6	220.0	72.0	33.8	35.8	flash	
2026-09-03T16:01:00	0.533	16	30	0.0	32.0	31.2	35.8	140.0	72.0	33.8	35.8	flash	
2026-09-03T16:01:30	0.500	15	30	0.0	30.0	30.4	35.6	180.0	32.0	32.2	35.8	flash	
2026-09-03T16:02:00	0.531	16	30.1167	40.0	32.0	32.2	35.5	140.0	32.0	32.2	35.6	flash	
2026-09-03T16:02:30	0.597	18	30.1667	40.0	36.0	34.8	35.6	120.0	48.0	34.8	35.6	flash	
2026-09-03T16:03:00	0.696	21	30.1667	20.0	42.0	35.4	35.5	120.0	46.0	35.4	35.6	flash	
2026-09-03T16:03:30	0.663	20	30.1667	100.0	40.0	36.0	35.4	140.0	44.0	36.8	35.5	flash	
2026-09-03T16:04:00	0.696	21	30.1667	100.0	42.0	38.4	35.5	160.0	50.0	38.4	35.5	flash	
2026-09-03T16:04:30	0.431	13	30.1667	100.0	26.0	38.2	35.4	100.0	44.0	38.4	35.5	flash	
2026-09-03T16:05:00	0.514	15	29.1611	40.0	40.0	38.0	35.4	140.0	40.0	39.2	35.5	flash	
2026-09-03T16:05:30	0.630	19	30.1667	160.0	38.0	34.8	35.4	160.0	38.0	38.0	35.4	flash	
2026-09-03T16:06:00	0.331	10	30.1667	20.0	20.0	33.6	35.4	140.0	44.0	34.6	35.4	flash	
2026-09-03T16:06:30	0.497	15	30.1667	0.0	30.0	33.6	35.2	100.0	40.0	35.2	35.6	flash	
2026-09-03T16:07:00	0.232	7	30.1667	0.0	14.0	31.8	35.0	40.0	30.0	34.0	35.2	flash	
2026-09-03T16:07:30	0.663	20	30.1667	40.0	40.0	32.2	35.2	160.0	40.0	32.4	35.2	flash	
2026-09-03T16:08:00	0.617	18	29.1611	80.0	36.0	31.6	35.2	100.0	54.0	32.4	35.2	flash	
2026-09-03T16:08:30	0.564	17	30.1667	20.0	34.0	31.8	35.3	120.0	40.0	32.4	35.5	flash	
2026-09-03T16:09:00	0.895	27	30.1667	40.0	54.0	32.2	35.6	160.0	54.0	33.4	35.6	flash	
2026-09-03T16:09:30	0.265	8	30.1667	80.0	16.0	32.2	35.6	80.0	54.0	32.2	35.6	flash	
2026-09-03T16:10:00	0.729	22	30.1667	0.0	44.0	32.6	35.6	140.0	54.0	33.0	35.8	flash	
2026-09-03T16:10:30	0.696	21	30.1667	20.0	42.0	33.0	35.7	100.0	50.0	34.8	35.7	flash	
2026-09-03T16:11:00	0.789	23	29.1611	60.0	48.0	35.8	35.7	180.0	48.0	35.8	35.7	flash	
2026-09-03T16:11:30	0.597	18	30.1667	40.0	36.0	36.2	35.7	120.0	60.0	36.2	35.8	flash	
2026-09-03T16:12:00	0.862	26	30.1667	20.0	52.0	40.0	36.0	180.0	54.0	40.0	36.0	flash	
2026-09-03T16:12:30	0.365	11	30.1667	20.0	22.0	38.2	35.8	100.0	46.0	41.2	36.0	flash	
2026-09-03T16:13:00	0.829	25	30.1667	100.0	50.0	39.6	35.8	100.0	50.0	39.8	36.0	flash	
2026-09-03T16:13:30	0.232	7	30.1667	0.0	14.0	37.6	35.7	100.0	48.0	39.8	35.9	flash	
2026-09-03T16:14:00	0.617	18	29.1611	0.0	36.0	35.8	35.7	100.0	36.0	38.4	35.8	flash	
2026-09-03T16:14:30	0.663	20	30.1667	100.0	40.0	38.2	35.7	120.0	40.0	38.2	35.8	flash	
2026-09-03T16:15:00	0.862	26	30.1667	100.0	52.0	39.0	35.9	180.0	56.0	39.0	35.9	flash	
2026-09-03T16:15:30	0.895	27	30.1667	100.0	54.0	40.4	36.0	300.0	56.0	40.4	36.0	flash	
2026-09-03T16:16:00	0.564	17	30.1667	60.0	34.0	39.0	35.9	160.0	68.0	40.4	36.0	flash	
2026-09-03T16:16:30	0.564	17	30.1667	40.0	34.0	38.8	35.8	180.0	38.0	39.4	35.9	flash	
2026-09-03T16:17:00	0.617	18	29.1611	40.0	38.0	37.4	35.9	100.0	52.0	39.0	35.9	flash	
2026-09-03T16:17:30	1.227	37	30.1667	20.0	74.0	42.4	36.2	200.0	76.0	42.6	36.3	flash	
2026-09-03T16:18:00	0.497	15	30.1667	0.0	30.0	41.0	36.2	160.0	78.0	43.0	36.3	flash	
2026-09-03T16:18:30	0.663	20	30.1667	40.0	40.0	43.0	36.1	220.0	40.0	43.0	36.2	flash	
2026-09-03T16:19:00	0.497	15	30.1667	20.0	30.0	42.4	36.2	140.0	40.0	43.0	36.2	flash	
2026-09-03T16:19:30	0.630	19	30.1667	0.0	38.0	42.2	36.3	120.0	52.0	44.4	36.5	flash	
2026-09-03T16:20:00	0.549	16	29.1611	40.0	32.0	40.2	36.3	100.0	38.0	42.6	36.3	flash	
2026-09-03T16:20:30	0.564	17	30.1667	20.0	34.0	38.4	36.4	160.0	36.0	41.2	36.4	flash	
2026-09-03T16:21:00	0.796	24	30.1667	20.0	48.0	39.8	36.5	100.0	56.0	40.8	36.6	flash	
2026-09-03T16:21:30	0.994	30	30.1667	120.0	60.0	42.4	36.8	160.0	60.0	42.4	36.8	flash	
2026-09-03T16:22:00	1.459	44	30.1667	20.0	88.0	47.4	37.3	340.0	108.0	47.6	37.3	flash	
2026-09-03T16:22:30	1.359	41	30.1667	200.0	82.0	48.2	37.7	380.0	88.0	48.2	37.7	flash	
2026-09-03T16:23:00	1.582	46	29.0833	40.0	92.0	54.4	38.2	400.0	112.0	54.4	38.2	flash	
2026-09-03T16:23:30	1.633	49	30	220.0	98.0	60.4	38.8	380.0	98.0	60.4	38.8	flash	
2026-09-03T16:24:00	1.167	35	30	20.0	70.0	64.2	39.2	300.0	110.0	64.2	39.2	flash	
2026-09-03T16:24:30	0.667	20	30	0.0	40.0	64.4	39.3	120.0	78.0	65.2	39.4	flash	
2026-09-03T16:25:00	0.467	14	30	20.0	28.0	64.0	39.0	40.0	40.0	64.8	39.3	flash	
2026-09-03T16:25:30	0.667	20	30	100.0	40.0	64.6	39.0	100.0	40.0	65.8	39.2	flash	
2026-09-03T16:26:00	0.698	21	30.0778	20.0	42.0	64.0	39.0	100.0	50.0	65.6	39.1	flash	
2026-09-03T16:26:30	0.630	19	30.1667	20.0	38.0	62.0	39.1	180.0	42.0	64.4	39.1	flash	
2026-09-03T16:27:00	0.663	20	30.1667	20.0	40.0	57.0	39.2	140.0	42.0	61.8	39.2	flash	
2026-09-03T16:27:30	0.597	18	30.1667	80.0	36.0	52.4	39.4	140.0	46.0	57.4	39.4	flash	
2026-09-03T16:28:00	0.630	19	30.1667	0.0	38.0	47.0	39.3	140.0	52.0	52.4	39.5	flash	
2026-09-03T16:28:30	0.630	19	30.1667	0.0	38.0	41.0	39.1	100.0	48.0	49.0	39.4	flash	
2026-09-03T16:29:00	0.412	12	29.1611	0.0	24.0	36.4	39.0	140.0	34.0	41.0	39.2	flash	
2026-09-03T16:29:30	0.431	13	30.1667	80.0	26.0	35.0	38.9	80.0	30.0	36.2	39.0	flash	
2026-09-03T16:30:00	0.696	21	30.1667	0.0	42.0	36.4	38.8	200.0	50.0	37.2	39.1	flash	
2026-09-03T16:30:30	0.630	19	30.1667	0.0	38.0	36.2	38.6	120.0	42.0	37.2	38.8	flash	
2026-09-03T16:31:00	0.696	21	30.1667	0.0	42.0	36.2	38.7	260.0	68.0	37.6	38.9	flash	
2026-09-03T16:31:30	0.497	15	30.1667	20.0	30.0	35.4	38.5	140.0	44.0	36.4	38.8	flash	
2026-09-03T16:32:00	0.686	20	29.1611	0.0	42.0	35.4	38.6	200.0	50.0	37.2	38.6	flash	
2026-09-03T16:32:30	0.497	15	30.1667	0.0	30.0	34.8	38.6	100.0	52.0	37.0	38.7	flash	
2026-09-03T16:33:00	0.961	29	30.1667	80.0	58.0	36.8	38.9	180.0	58.0	37.0	38.9	flash	
2026-09-03T16:33:30	0.497	15	30.1667	20.0	30.0	36.0	38.8	140.0	58.0	36.8	38.9	flash	
2026-09-03T16:34:00	0.564	17	30.1667	100.0	34.0	37.0	38.8	200.0	50.0	38.0	38.9	flash	
2026-09-03T16:34:30	0.497	15	30.1667	80.0	30.0	37.4	38.6	100.0	40.0	38.0	38.8	flash	
2026-09-03T16:35:00	0.446	13	29.1611	20.0	26.0	35.8	38.7	80.0	38.0	37.8	38.8	flash	
2026-09-03T16:35:30	0.431	13	30.1667	0.0	26.0	34.6	38.6	160.0	28.0	36.2	38.8	flash	
2026-09-03T16:36:00	0.696	21	30.1667	20.0	42.0	34.6	38.5	180.0	58.0	37.2	38.8	flash	
2026-09-03T16:36:30	0.895	27	30.1667	140.0	54.0	37.2	38.5	140.0	54.0	37.2	38.6	flash	
2026-09-03T16:37:00	0.265	8	30.1667	0.0	16.0	34.6	38.3	140.0	50.0	37.2	38.5	flash	
2026-09-03T16:37:30	0.961	29	30.1667	60.0	58.0	37.4	38.6	240.0	58.0	37.4	38.7	flash	
2026-09-03T16:38:00	0.652	19	29.1611	0.0	42.0	35.4	38.8	100.0	60.0	37.8	38.8	flash	
2026-09-03T16:38:30	1.094	33	30.1667	80.0	66.0	39.2	38.9	180.0	66.0	39.2	39.0	flash	
2026-09-03T16:39:00	0.365	11	30.1667	0.0	22.0	38.8	38.9	80.0	66.0	39.0	39.0	flash	
2026-09-03T16:39:30	0.762	23	30.1667	40.0	46.0	39.4	39.2	160.0	46.0	40.0	39.2	flash	
2026-09-03T16:40:00	0.530	16	30.1667	20.0	32.0	40.0	39.2	100.0	46.0	40.0	39.3	flash	
2026-09-03T16:40:30	0.464	14	30.1667	0.0	28.0	40.2	39.1	100.0	34.0	41.2	39.2	flash	
2026-09-03T16:41:00	0.583	17	29.1611	20.0	34.0	39.4	39.2	120.0	34.0	40.2	39.2	flash	
2026-09-03T16:41:30	1.061	32	30.1667	60.0	64.0	41.2	39.2	240.0	74.0	41.8	39.4	flash	
2026-09-03T16:42:00	0.597	18	30.1667	0.0	36.0	42.4	39.2	120.0	76.0	42.4	39.4	flash	
2026-09-03T16:42:30	0.597	18	30.1667	0.0	36.0	40.6	39.3	180.0	42.0	42.6	39.3	flash	
2026-09-03T16:43:00	0.729	22	30.1667	20.0	44.0	40.8	39.2	200.0	60.0	41.0	39.4	flash	
2026-09-03T16:43:30	0.696	21	30.1667	100.0	42.0	38.4	39.4	160.0	46.0	40.8	39.4	flash	
2026-09-03T16:44:00	0.686	20	29.1611	0.0	42.0	40.2	39.5	180.0	68.0	40.4	39.5	flash	
2026-09-03T16:44:30	0.564	17	30.1667	0.0	34.0	39.0	39.2	220.0	52.0	41.2	39.7	flash	
2026-09-03T16:45:00	0.597	18	30.1667	20.0	36.0	39.6	39.3	140.0	36.0	39.6	39.3	flash	
2026-09-03T16:45:30	0.530	16	30.1667	0.0	32.0	39.8	39.5	120.0	52.0	41.0	39.5	flash	
2026-09-03T16:46:00	0.597	18	30.1667	20.0	36.0	40.0	39.3	100.0	36.0	41.0	39.5	flash	
2026-09-03T16:46:30	0.530	16	30.1667	20.0	32.0	36.8	39.3	140.0	42.0	40.6	39.4	flash	
2026-09-03T16:47:00	0.343	10	29.1611	0.0	20.0	35.2	39.3	120.0	38.0	36.8	39.3	flash	
2026-09-03T16:47:30	0.928	28	30.1667	40.0	56.0	37.2	39.8	240.0	56.0	39.0	39.8	flash	
2026-09-03T16:48:00	0.564	17	30.1667	20.0	34.0	36.2	39.8	120.0	68.0	38.6	39.9	flash	
2026-09-03T16:48:30	0.829	25	30.1667	20.0	50.0	37.2	39.9	140.0	50.0	38.4	40.0	flash	
2026-09-03T16:49:00	0.530	16	30.1667	100.0	32.0	36.2	40.1	120.0	50.0	37.8	40.1	flash	
2026-09-03T16:49:30	0.961	29	30.1667	80.0	58.0	38.6	40.4	220.0	62.0	38.6	40.4	flash	
2026-09-03T16:50:00	0.686	20	29.1611	160.0	42.0	39.2	40.4	160.0	58.0	40.4	40.5	flash	
2026-09-03T16:50:30	0.696	21	30.1667	40.0	42.0	40.0	40.2	140.0	54.0	40.0	40.4	flash	
2026-09-03T16:51:00	0.597	18	30.1667	0.0	36.0	40.0	40.2	120.0	42.0	40.8	40.2	flash	
2026-09-03T16:51:30	0.398	12	30.1667	0.0	24.0	39.2	40.1	120.0	38.0	40.0	40.2	flash	
2026-09-03T16:52:00	0.696	21	30.1667	60.0	42.0	41.4	40.2	140.0	50.0	41.4	40.4	flash	
2026-09-03T16:52:30	0.630	19	30.1667	40.0	38.0	39.6	40.3	120.0	44.0	42.0	40.3	flash	
2026-09-03T16:53:00	0.480	14	29.1611	20.0	28.0	39.2	40.1	100.0	42.0	39.4	40.3	flash	
2026-09-03T16:53:30	0.564	17	30.1667	0.0	34.0	37.6	40.1	180.0	46.0	39.6	40.2	flash	
2026-09-03T16:54:00	0.829	25	30.1667	40.0	50.0	39.8	40.1	120.0	54.0	40.0	40.3	flash	
2026-09-03T16:54:30	0.398	12	30.1667	0.0	24.0	36.0	40.2	100.0	50.0	39.2	40.3	flash	
2026-09-03T16:55:00	0.796	24	30.1667	60.0	48.0	36.6	40.3	160.0	48.0	37.6	40.3	flash	
2026-09-03T16:55:30	0.464	14	30.1667	0.0	28.0	35.2	40.2	100.0	48.0	36.6	40.4	flash	
2026-09-03T16:56:00	0.857	25	29.1611	20.0	50.0	36.6	40.5	160.0	52.0	36.6	40.5	flash	
2026-09-03T16:56:30	0.762	23	30.1667	80.0	46.0	38.8	40.7	160.0	66.0	39.0	40.7	flash	
2026-09-03T16:57:00	0.762	23	30.1667	0.0	46.0	39.2	41.0	200.0	54.0	39.8	41.0	flash	
2026-09-03T16:57:30	0.530	16	30.1667	140.0	32.0	38.6	40.9	140.0	52.0	39.8	41.1	flash	
2026-09-03T16:58:00	0.331	10	30.1667	0.0	20.0	37.8	40.7	100.0	34.0	38.6	40.9	flash	
2026-09-03T16:58:30	0.431	13	30.1667	0.0	26.0	37.0	40.7	160.0	30.0	38.0	40.8	flash	
2026-09-03T16:59:00	0.823	24	29.1611	0.0	48.0	37.0	40.6	200.0	60.0	38.6	40.8	flash	
2026-09-03T16:59:30	0.663	20	30.1667	20.0	40.0	38.4	40.8	120.0	48.0	38.4	40.9	flash	
2026-09-03T17:00:00	0.232	7	30.1667	0.0	14.0	35.2	40.5	40.0	42.0	38.6	40.9	flash	
2026-09-03T17:00:30	0.663	20	30.1667	80.0	40.0	36.2	40.5	80.0	40.0	36.8	40.6	flash	
2026-09-03T17:01:00	0.564	17	30.1667	40.0	34.0	34.6	40.4	120.0	38.0	36.2	40.6	flash	
2026-09-03T17:01:30	0.729	22	30.1667	0.0	44.0	34.4	40.5	140.0	52.0	35.2	40.5	flash	
2026-09-03T17:02:00	0.617	18	29.1611	40.0	36.0	33.4	40.3	140.0	46.0	35.4	40.5	flash	
2026-09-03T17:02:30	0.431	13	30.1667	20.0	26.0	33.2	40.4	120.0	38.0	34.0	40.4	flash	
2026-09-03T17:03:00	0.630	19	30.1667	80.0	38.0	34.6	40.3	100.0	38.0	34.6	40.4	flash	
2026-09-03T17:03:30	0.564	17	30.1667	60.0	34.0	35.4	40.4	100.0	40.0	35.4	40.4	flash	
2026-09-03T17:04:00	0.597	18	30.1667	0.0	36.0	34.2	40.4	200.0	42.0	35.6	40.4	flash	
2026-09-03T17:04:30	0.564	17	30.1667	20.0	34.0	33.6	40.4	120.0	56.0	36.0	40.7	flash	
2026-09-03T17:05:00	0.652	19	29.1611	0.0	38.0	36.0	40.2	160.0	50.0	36.2	40.5	flash	
2026-09-03T17:05:30	0.663	20	30.1667	60.0	40.0	36.2	40.1	160.0	48.0	37.2	40.5	flash	
2026-09-03T17:06:00	0.696	21	30.1667	20.0	42.0	37.0	40.2	140.0	46.0	37.4	40.2	flash	
2026-09-03T17:06:30	0.630	19	30.1667	60.0	38.0	36.2	40.2	160.0	42.0	37.0	40.3	flash	
2026-09-03T17:07:00	0.729	22	30.1667	0.0	44.0	37.0	40.3	160.0	60.0	38.2	40.4	flash	
2026-09-03T17:07:30	0.696	21	30.1667	0.0	42.0	38.6	40.0	140.0	46.0	39.0	40.3	flash	
2026-09-03T17:08:00	0.343	10	29.1611	20.0	20.0	37.2	39.9	80.0	44.0	38.8	40.0	flash	
2026-09-03T17:08:30	0.700	21	30	0.0	42.0	37.6	39.9	200.0	44.0	38.2	40.0	flash	
2026-09-03T17:09:00	0.667	20	30	20.0	40.0	38.0	40.0	140.0	62.0	40.0	40.2	flash	
2026-09-03T17:09:30	0.567	17	30	0.0	34.0	38.0	40.0	120.0	42.0	38.6	40.0	flash	
2026-09-03T17:10:00	0.167	5	30	40.0	10.0	35.2	39.7	40.0	32.0	38.0	40.0	flash	
2026-09-03T17:10:30	0.800	24	30	120.0	48.0	36.2	39.9	140.0	48.0	36.2	40.0	flash	
2026-09-03T17:11:00	0.533	16	30	80.0	32.0	35.0	39.7	160.0	52.0	36.0	39.9	flash	
2026-09-03T17:11:30	0.824	25	30.3333	40.0	50.0	36.6	39.6	140.0	62.0	37.8	39.8	flash	
2026-09-03T17:12:00	0.593	18	30.3333	0.0	36.0	35.4	39.1	100.0	58.0	36.6	39.7	flash	
2026-09-03T17:12:30	0.527	16	30.3333	60.0	32.0	34.4	38.6	120.0	40.0	36.4	39.2	flash	
2026-09-03T17:13:00	0.443	13	29.3222	20.0	26.0	35.0	37.9	100.0	36.0	35.2	38.5	flash	
2026-09-03T17:13:30	0.758	23	30.3333	140.0	46.0	35.4	37.4	180.0	46.0	36.6	38.1	flash	
2026-09-03T17:14:00	0.791	24	30.3333	100.0	48.0	36.2	37.2	120.0	66.0	36.2	37.6	flash	
2026-09-03T17:14:30	0.517	15	29.0111	0.0	38.0	35.8	37.1	160.0	50.0	36.6	37.2	flash	
2026-09-03T17:15:00	0.533	16	30	80.0	32.0	38.0	37.1	120.0	32.0	38.4	37.1	flash	
2026-09-03T17:15:30	0.567	17	30	20.0	34.0	36.6	37.1	240.0	60.0	38.6	37.2	flash	
2026-09-03T17:16:00	1.233	37	30	20.0	74.0	40.8	37.4	180.0	76.0	41.6	37.4	flash	
2026-09-03T17:16:30	0.567	17	30	20.0	34.0	39.6	37.4	120.0	74.0	41.6	37.5	flash	
2026-09-03T17:17:00	0.767	23	30	20.0	46.0	40.2	37.4	140.0	48.0	40.4	37.5	flash	
2026-09-03T17:17:30	0.464	14	30.1556	0.0	28.0	39.8	37.3	120.0	48.0	40.8	37.5	flash	
2026-09-03T17:18:00	0.564	17	30.1667	40.0	34.0	40.6	37.3	100.0	44.0	41.2	37.4	flash	
2026-09-03T17:18:30	0.762	23	30.1667	80.0	46.0	40.8	37.4	120.0	48.0	41.8	37.4	flash	
2026-09-03T17:19:00	0.762	23	30.1667	20.0	46.0	41.2	37.6	140.0	52.0	41.4	37.6	flash	
2026-09-03T17:19:30	0.464	14	30.1667	0.0	28.0	40.2	37.6	100.0	58.0	41.8	37.8	flash	
2026-09-03T17:20:00	0.564	17	30.1667	20.0	34.0	40.4	37.5	100.0	34.0	41.4	37.6	flash	
2026-09-03T17:20:30	0.412	12	29.1611	20.0	24.0	39.4	37.4	80.0	42.0	41.2	37.6	flash	
2026-09-03T17:21:00	0.928	28	30.1667	20.0	56.0	37.6	37.5	180.0	58.0	40.0	37.6	flash	
2026-09-03T17:21:30	0.398	12	30.1667	80.0	24.0	36.6	37.5	80.0	56.0	37.8	37.6	flash	
2026-09-03T17:22:00	0.630	19	30.1667	20.0	38.0	35.8	37.5	140.0	46.0	37.8	37.6	flash	
2026-09-03T17:22:30	0.630	19	30.1667	0.0	38.0	36.8	37.5	200.0	40.0	36.8	37.5	flash	
2026-09-03T17:23:00	0.696	21	30.1667	60.0	42.0	37.6	37.4	100.0	58.0	37.6	37.5	flash	
2026-09-03T17:23:30	0.446	13	29.1611	40.0	32.0	35.8	37.4	80.0	42.0	37.6	37.4	flash	
2026-09-03T17:24:00	0.564	17	30.1667	60.0	34.0	34.4	37.4	80.0	34.0	35.6	37.4	flash	
2026-09-03T17:24:30	0.729	22	30.1667	40.0	44.0	36.0	37.5	200.0	58.0	36.0	37.6	flash	
2026-09-03T17:25:00	0.630	19	30.1667	80.0	38.0	36.4	37.6	180.0	40.0	37.2	37.6	flash	
2026-09-03T17:25:30	0.530	16	30.1667	0.0	32.0	37.2	37.7	160.0	40.0	37.4	37.7	flash	
2026-09-03T17:26:00	0.630	19	30.1667	80.0	38.0	35.4	37.6	80.0	50.0	37.2	37.7	flash	
2026-09-03T17:26:30	0.549	16	29.1611	80.0	36.0	36.2	37.5	120.0	38.0	36.8	37.6	flash	
2026-09-03T17:27:00	0.696	21	30.1667	20.0	42.0	36.6	37.7	100.0	58.0	36.8	37.7	flash	
2026-09-03T17:27:30	0.928	28	30.1667	200.0	56.0	38.4	37.7	200.0	56.0	38.4	37.7	flash	
2026-09-03T17:28:00	0.597	18	30.1667	20.0	36.0	38.4	37.6	140.0	68.0	39.2	37.7	flash	
2026-09-03T17:28:30	0.796	24	30.1667	0.0	48.0	40.0	37.4	160.0	52.0	40.6	37.6	flash	
2026-09-03T17:29:00	0.331	10	30.1667	0.0	20.0	38.6	37.4	120.0	48.0	41.2	37.5	flash	
2026-09-03T17:29:30	0.652	19	29.1611	20.0	38.0	38.2	37.3	120.0	38.0	39.6	37.5	flash	
2026-09-03T17:30:00	0.895	27	30.1667	0.0	54.0	40.0	37.6	160.0	56.0	41.0	37.6	flash	
2026-09-03T17:30:30	0.696	21	30.1667	20.0	42.0	40.6	37.7	120.0	50.0	41.6	37.7	flash	
2026-09-03T17:31:00	0.530	16	30.1667	20.0	32.0	40.4	37.7	80.0	48.0	41.2	37.8	flash	
2026-09-03T17:31:30	0.696	21	30.1667	80.0	42.0	41.0	37.5	160.0	50.0	41.8	37.9	flash	
2026-09-03T17:32:00	0.133	4	30.1667	20.0	8.0	37.6	37.2	80.0	40.0	40.8	37.5	flash	
2026-09-03T17:32:30	0.926	27	29.1611	20.0	54.0	37.6	37.4	200.0	54.0	40.2	37.6	flash	
2026-09-03T17:33:00	0.564	17	30.1667	0.0	34.0	37.4	37.3	160.0	58.0	37.8	37.5	flash	
2026-09-03T17:33:30	0.431	13	30.1667	60.0	26.0	35.0	37.1	100.0	34.0	37.2	37.3	flash	
2026-09-03T17:34:00	0.530	16	30.1667	0.0	32.0	36.2	37.0	180.0	44.0	36.6	37.1	flash	
2026-09-03T17:34:30	0.829	25	30.1667	40.0	50.0	37.4	37.2	180.0	50.0	37.4	37.2	flash	
2026-09-03T17:35:00	0.597	18	30.1667	20.0	36.0	35.6	37.2	100.0	66.0	37.4	37.3	flash	
2026-09-03T17:35:30	0.377	11	29.1611	0.0	24.0	33.6	37.1	60.0	36.0	36.0	37.1	flash	
2026-09-03T17:36:00	0.895	27	30.1667	40.0	54.0	35.8	37.3	160.0	54.0	36.0	37.3	flash	
2026-09-03T17:36:30	0.630	19	30.1667	280.0	38.0	35.8	37.3	280.0	56.0	35.8	37.3	flash	
2026-09-03T17:37:00	0.829	25	30.1667	120.0	50.0	39.6	37.6	120.0	70.0	39.6	37.6	flash	
2026-09-03T17:37:30	0.530	16	30.1667	0.0	32.0	37.4	37.4	120.0	54.0	40.0	37.7	flash	
2026-09-03T17:38:00	0.530	16	30.1667	20.0	32.0	37.2	37.4	200.0	36.0	38.6	37.4	flash	
2026-09-03T17:38:30	0.549	16	29.1611	40.0	34.0	38.4	37.2	120.0	44.0	39.0	37.4	flash	
2026-09-03T17:39:00	0.796	24	30.1667	0.0	48.0	39.4	37.4	220.0	58.0	40.6	37.4	flash	
2026-09-03T17:39:30	0.928	28	30.1667	40.0	56.0	40.2	37.3	160.0	56.0	43.0	37.6	flash	
2026-09-03T17:40:00	0.564	17	30.1667	0.0	34.0	40.0	37.3	80.0	60.0	40.4	37.4	flash	
2026-09-03T17:40:30	0.663	20	30.1667	80.0	40.0	41.6	37.2	80.0	40.0	41.6	37.3	flash	
2026-09-03T17:41:00	0.597	18	30.1667	40.0	36.0	39.8	37.2	160.0	42.0	41.6	37.2	flash	
2026-09-03T17:41:30	0.480	14	29.1611	20.0	30.0	39.4	37.3	100.0	48.0	41.6	37.3	flash	
2026-09-03T17:42:00	0.365	11	30.1667	20.0	22.0	36.2	37.1	100.0	30.0	38.8	37.3	flash	
2026-09-03T17:42:30	0.796	24	30.1667	20.0	48.0	37.6	37.2	140.0	50.0	37.6	37.2	flash	
2026-09-03T17:43:00	1.227	37	30.1667	60.0	74.0	42.0	37.6	240.0	74.0	42.0	37.6	flash	
2026-09-03T17:43:30	1.127	34	30.1667	60.0	68.0	45.4	38.0	220.0	98.0	45.4	38.0	flash	
2026-09-03T17:44:00	1.326	40	30.1667	60.0	80.0	48.6	38.3	240.0	98.0	48.6	38.3	flash	
2026-09-03T17:44:30	0.857	25	29.1611	60.0	50.0	48.2	38.5	260.0	76.0	49.6	38.5	flash	
2026-09-03T17:45:00	1.624	49	30.1667	80.0	98.0	54.4	39.1	380.0	100.0	55.0	39.1	flash	
2026-09-03T17:45:30	1.028	31	30.1667	100.0	62.0	56.8	39.4	260.0	98.0	57.4	39.4	flash	
2026-09-03T17:46:00	1.657	50	30.1667	0.0	100.0	63.2	39.9	340.0	112.0	64.4	40.1	flash	
2026-09-03T17:46:30	1.160	35	30.1667	60.0	70.0	67.2	40.1	240.0	104.0	67.2	40.2	flash	
2026-09-03T17:47:00	0.862	26	30.1667	0.0	52.0	70.2	40.2	360.0	84.0	71.2	40.5	flash	
2026-09-03T17:47:30	1.132	33	29.1611	220.0	66.0	72.0	40.6	260.0	80.0	73.2	40.6	flash	
2026-09-03T17:48:00	0.597	18	30.1667	0.0	36.0	68.6	40.7	180.0	80.0	73.4	40.7	flash	
2026-09-03T17:48:30	0.497	15	30.1667	60.0	30.0	65.0	40.7	80.0	34.0	68.8	40.8	flash	
2026-09-03T17:49:00	0.530	16	30.1667	60.0	32.0	59.6	40.6	120.0	32.0	64.4	40.8	flash	
2026-09-03T17:49:30	0.530	16	30.1667	40.0	32.0	57.8	40.5	120.0	50.0	60.4	40.6	flash	
2026-09-03T17:50:00	0.630	19	30.1667	80.0	38.0	51.8	40.7	160.0	38.0	57.8	40.7	flash	
2026-09-03T17:50:30	0.894	26	29.0667	140.0	56.0	50.8	40.9	240.0	60.0	51.8	40.9	flash	
2026-09-03T17:51:00	0.967	29	30	20.0	58.0	46.6	41.1	200.0	70.0	50.8	41.1	flash	
2026-09-03T17:51:30	0.600	18	30	40.0	36.0	43.2	41.0	120.0	64.0	47.2	41.1	flash	
2026-09-03T17:52:00	0.567	17	30	40.0	34.0	41.4	41.0	100.0	42.0	44.0	41.1	flash	
2026-09-03T17:52:30	0.567	17	30	0.0	34.0	39.0	41.1	140.0	42.0	41.8	41.2	flash	
2026-09-03T17:53:00	0.733	22	30	0.0	44.0	39.0	41.2	140.0	50.0	39.8	41.3	flash	
2026-09-03T17:53:30	0.831	25	30.0944	40.0	50.0	41.0	41.3	140.0	52.0	41.8	41.4	flash	
2026-09-03T17:54:00	0.729	22	30.1667	100.0	44.0	42.2	41.4	120.0	56.0	43.0	41.5	flash	
2026-09-03T17:54:30	0.895	27	30.1667	20.0	54.0	44.4	41.6	180.0	62.0	44.8	41.6	flash	
2026-09-03T17:55:00	0.597	18	30.1667	60.0	36.0	44.6	41.5	120.0	54.0	45.6	41.6	flash	
2026-09-03T17:55:30	0.298	9	30.1667	0.0	18.0	40.8	41.3	60.0	36.0	44.4	41.5	flash	
2026-09-03T17:56:00	1.061	32	30.1667	60.0	64.0	41.4	41.5	240.0	64.0	44.2	41.7	flash	
2026-09-03T17:56:30	0.377	11	29.1611	40.0	26.0	40.0	41.4	80.0	66.0	41.6	41.6	flash	
2026-09-03T17:57:00	0.199	6	30.1667	20.0	12.0	37.8	41.1	60.0	24.0	40.0	41.4	flash	
2026-09-03T17:57:30	1.094	33	30.1667	120.0	66.0	41.0	41.3	140.0	66.0	41.0	41.3	flash	
2026-09-03T17:58:00	0.464	14	30.1667	100.0	28.0	39.4	41.4	120.0	62.0	40.8	41.4	flash	
2026-09-03T17:58:30	0.530	16	30.1667	100.0	32.0	37.6	41.3	120.0	40.0	39.6	41.4	flash	
2026-09-03T17:59:00	1.094	33	30.1667	20.0	66.0	39.8	41.5	200.0	74.0	40.6	41.6	flash	
2026-09-03T17:59:30	0.480	14	29.1611	20.0	28.0	37.2	41.5	80.0	70.0	40.0	41.6	flash	
2026-09-03T18:00:00	0.796	24	30.1667	20.0	48.0	38.4	41.9	160.0	52.0	39.6	41.9	flash	
2026-09-03T18:00:30	0.663	20	30.1667	0.0	40.0	40.6	41.8	120.0	64.0	40.8	42.0	flash	
2026-09-03T18:01:00	0.663	20	30.1667	0.0	40.0	38.6	41.9	160.0	50.0	42.2	42.0	flash	
2026-09-03T18:01:30	0.530	16	30.1667	20.0	32.0	39.2	41.7	60.0	40.0	39.6	41.9	flash	
2026-09-03T18:02:00	0.564	17	30.1667	0.0	34.0	41.4	41.7	100.0	42.0	42.0	41.8	flash	
2026-09-03T18:02:30	0.892	26	29.1611	180.0	52.0	40.8	41.9	180.0	52.0	41.2	41.9	flash	
2026-09-03T18:03:00	0.895	27	30.1667	0.0	54.0	43.4	42.1	160.0	72.0	43.8	42.2	flash	
2026-09-03T18:03:30	0.663	20	30.1667	40.0	40.0	43.4	42.1	120.0	54.0	44.4	42.2	flash	
2026-09-03T18:04:00	0.829	25	30.1667	40.0	50.0	41.8	42.2	240.0	58.0	45.0	42.2	flash	
2026-09-03T18:04:30	0.564	17	30.1667	20.0	34.0	42.4	42.1	120.0	54.0	42.6	42.2	flash	
2026-09-03T18:05:00	0.762	23	30.1667	300.0	46.0	42.2	42.3	300.0	46.0	42.4	42.3	flash	
2026-09-03T18:05:30	1.063	31	29.1611	120.0	76.0	44.4	42.6	320.0	88.0	44.4	42.6	flash	
2026-09-03T18:06:00	0.464	14	30.1667	20.0	28.0	43.2	42.1	120.0	64.0	44.6	42.6	flash	
2026-09-03T18:06:30	0.630	19	30.1667	0.0	38.0	43.8	42.1	220.0	54.0	45.4	42.3	flash	
2026-09-03T18:07:00	0.696	21	30.1667	120.0	42.0	44.6	42.1	120.0	42.0	44.6	42.1	flash	
2026-09-03T18:07:30	0.398	12	30.1667	80.0	24.0	41.8	42.1	100.0	46.0	45.0	42.1	flash	
2026-09-03T18:08:00	0.630	19	30.1667	100.0	38.0	40.2	42.1	100.0	42.0	42.0	42.1	flash	
2026-09-03T18:08:30	0.514	15	29.1611	0.0	32.0	39.4	42.0	120.0	46.0	41.0	42.2	flash	
2026-09-03T18:09:00	0.729	22	30.1667	40.0	44.0	38.6	41.9	180.0	44.0	39.4	42.1	flash	
2026-09-03T18:09:30	0.199	6	30.1667	20.0	12.0	36.6	41.8	60.0	48.0	38.8	41.9	flash	
2026-09-03T18:10:00	1.094	33	30.1667	60.0	66.0	39.8	42.1	140.0	66.0	41.0	42.1	flash	
2026-09-03T18:10:30	0.398	12	30.1667	0.0	24.0	34.6	42.1	140.0	78.0	39.4	42.2	flash	
2026-09-03T18:11:00	0.597	18	30.1667	20.0	36.0	35.4	41.9	160.0	36.0	35.4	42.1	flash	
2026-09-03T18:11:30	0.240	7	29.1611	0.0	14.0	33.0	41.8	60.0	40.0	35.4	41.9	flash	
2026-09-03T18:12:00	0.762	23	30.1667	120.0	46.0	34.0	41.9	200.0	46.0	34.0	41.9	flash	
2026-09-03T18:12:30	0.564	17	30.1667	0.0	34.0	34.4	41.8	140.0	58.0	35.4	42.0	flash	
2026-09-03T18:13:00	0.597	18	30.1667	20.0	36.0	34.4	41.8	120.0	46.0	35.4	41.9	flash	
2026-09-03T18:13:30	0.464	14	30.1667	60.0	28.0	34.0	41.8	80.0	36.0	34.8	41.8	flash	
2026-09-03T18:14:00	0.729	22	30.1667	0.0	44.0	34.0	41.9	140.0	56.0	35.4	42.0	flash	
2026-09-03T18:14:30	0.412	12	29.1611	40.0	24.0	35.2	41.7	120.0	42.0	35.2	41.9	flash	
2026-09-03T18:15:00	0.663	20	30.1667	40.0	40.0	33.0	41.7	120.0	42.0	35.8	41.8	flash	
2026-09-03T18:15:30	0.928	28	30.1667	100.0	56.0	35.8	41.9	120.0	60.0	35.8	41.9	flash	
2026-09-03T18:16:00	0.431	13	30.1667	60.0	26.0	34.8	41.9	100.0	58.0	37.2	42.0	flash	
2026-09-03T18:16:30	0.464	14	30.1667	0.0	28.0	36.2	41.8	100.0	34.0	36.2	41.9	flash	
2026-09-03T18:17:00	0.696	21	30.1667	20.0	42.0	35.8	41.8	100.0	46.0	37.2	41.8	flash	
2026-09-03T18:17:30	0.514	15	29.1611	0.0	30.0	35.4	41.5	140.0	46.0	36.4	41.8	flash	
2026-09-03T18:18:00	0.497	15	30.1667	20.0	30.0	34.8	41.5	80.0	40.0	36.2	41.5	flash	
2026-09-03T18:18:30	0.431	13	30.1667	20.0	26.0	35.0	41.2	80.0	30.0	35.2	41.5	flash	
2026-09-03T18:19:00	0.564	17	30.1667	20.0	34.0	33.6	41.4	120.0	42.0	34.6	41.4	flash	
2026-09-03T18:19:30	0.265	8	30.1667	0.0	16.0	32.8	41.2	60.0	36.0	34.2	41.4	flash	
2026-09-03T18:20:00	0.630	19	30.1667	40.0	38.0	32.6	41.0	160.0	38.0	34.2	41.2	flash	
2026-09-03T18:20:30	0.583	17	29.1611	0.0	36.0	30.4	40.9	100.0	48.0	33.4	41.1	flash	
2026-09-03T18:21:00	0.431	13	30.1667	40.0	26.0	30.4	40.9	120.0	34.0	30.6	40.9	flash	
2026-09-03T18:21:30	0.497	15	30.1667	60.0	30.0	30.6	40.8	140.0	32.0	31.0	40.9	flash	
2026-09-03T18:22:00	0.696	21	30.1667	0.0	42.0	30.6	41.1	200.0	56.0	32.8	41.1	flash	
2026-09-03T18:22:30	0.564	17	30.1667	120.0	34.0	31.0	40.9	120.0	42.0	31.6	41.1	flash	
2026-09-03T18:23:00	0.829	25	30.1667	160.0	50.0	33.0	41.0	180.0	60.0	33.2	41.0	flash	
2026-09-03T18:23:30	0.617	18	29.1611	20.0	36.0	34.2	41.2	120.0	52.0	34.4	41.2	flash	
2026-09-03T18:24:00	0.762	23	30.1667	140.0	46.0	35.2	41.3	140.0	46.0	35.2	41.3	flash	
2026-09-03T18:24:30	0.796	24	30.1667	140.0	48.0	38.4	41.3	140.0	64.0	38.4	41.5	flash	
2026-09-03T18:25:00	0.762	23	30.1667	0.0	46.0	39.4	41.4	180.0	74.0	40.2	41.5	flash	
2026-09-03T18:25:30	0.464	14	30.1667	20.0	28.0	38.6	41.4	140.0	40.0	39.2	41.4	flash	
2026-09-03T18:26:00	0.862	26	30.1667	40.0	52.0	41.2	41.4	240.0	54.0	42.2	41.6	flash	
2026-09-03T18:26:30	0.514	15	29.1611	40.0	34.0	41.2	41.4	140.0	58.0	42.8	41.6	flash	
2026-09-03T18:27:00	0.530	16	30.1667	20.0	32.0	40.2	41.2	120.0	44.0	42.0	41.4	flash	
2026-09-03T18:27:30	0.597	18	30.1667	0.0	36.0	41.4	41.2	160.0	40.0	41.8	41.2	flash	
2026-09-03T18:28:00	0.530	16	30.1667	0.0	32.0	38.6	41.2	140.0	50.0	40.8	41.3	flash	
2026-09-03T18:28:30	0.564	17	30.1667	20.0	34.0	38.4	41.2	120.0	38.0	39.4	41.3	flash	
2026-09-03T18:29:00	0.431	13	30.1667	40.0	26.0	36.4	41.0	120.0	36.0	38.4	41.2	flash	
2026-09-03T18:29:30	0.583	17	29.1611	0.0	36.0	35.6	40.8	180.0	48.0	38.0	41.1	flash	
2026-09-03T18:30:00	0.663	20	30.1667	40.0	40.0	34.4	40.8	180.0	42.0	35.0	40.9	flash	
2026-09-03T18:30:30	0.796	24	30.1667	100.0	48.0	36.6	40.9	140.0	56.0	36.6	40.9	flash	
2026-09-03T18:31:00	0.663	20	30.1667	60.0	40.0	35.6	41.0	120.0	56.0	37.4	41.1	flash	
2026-09-03T18:31:30	0.530	16	30.1667	0.0	32.0	35.4	41.0	80.0	46.0	36.2	41.0	flash	
2026-09-03T18:32:00	0.464	14	30.1667	80.0	28.0	35.0	41.0	80.0	32.0	35.4	41.1	flash	
2026-09-03T18:32:30	0.549	16	29.1389	20.0	32.0	34.6	40.9	200.0	38.0	35.2	41.1	flash	
2026-09-03T18:33:00	0.933	28	30	180.0	56.0	37.0	40.7	200.0	56.0	37.0	40.9	flash	
2026-09-03T18:33:30	0.667	20	30	160.0	40.0	37.6	40.5	180.0	64.0	37.8	40.8	flash	
2026-09-03T18:34:00	0.933	28	30	40.0	56.0	40.8	40.2	200.0	74.0	41.2	40.5	flash	
2026-09-03T18:34:30	0.633	19	30	20.0	38.0	41.0	40.1	140.0	58.0	41.0	40.3	flash	
2026-09-03T18:35:00	0.533	16	30	0.0	32.0	40.4	39.4	100.0	48.0	42.2	40.1	flash	
2026-09-03T18:35:30	0.600	18	30.0222	0.0	36.0	39.2	39.1	100.0	36.0	40.8	39.5	flash	
2026-09-03T18:36:00	0.696	21	30.1667	160.0	42.0	39.6	38.6	160.0	48.0	40.6	39.3	flash	
2026-09-03T18:36:30	0.961	29	30.1667	80.0	58.0	41.8	38.4	160.0	68.0	41.8	38.6	flash	
2026-09-03T18:37:00	0.663	20	30.1667	0.0	40.0	43.0	38.3	240.0	74.0	44.2	38.4	flash	
2026-09-03T18:37:30	0.696	21	30.1667	0.0	42.0	44.0	38.1	160.0	42.0	45.4	38.3	flash	
2026-09-03T18:38:00	0.696	21	30.1667	120.0	42.0	42.6	38.1	120.0	50.0	44.4	38.1	flash	
2026-09-03T18:38:30	0.480	14	29.1611	0.0	38.0	41.4	38.1	120.0	48.0	43.6	38.2	flash	
2026-09-03T18:39:00	0.762	23	30.1667	60.0	46.0	40.4	38.3	140.0	48.0	42.0	38.4	flash	
2026-09-03T18:39:30	0.762	23	30.1667	60.0	46.0	41.2	38.4	120.0	56.0	41.8	38.5	flash	
2026-09-03T18:40:00	0.564	17	30.1667	0.0	34.0	41.4	38.4	100.0	46.0	41.6	38.6	flash	
2026-09-03T18:40:30	0.365	11	30.1667	20.0	22.0	40.0	38.1	80.0	42.0	41.6	38.4	flash	
2026-09-03T18:41:00	0.796	24	30.1667	20.0	48.0	40.6	38.0	180.0	48.0	42.0	38.1	flash	
2026-09-03T18:41:30	0.309	9	29.1611	0.0	20.0	36.8	37.8	80.0	50.0	40.2	38.0	flash	
2026-09-03T18:42:00	0.994	30	30.1667	0.0	60.0	38.6	38.0	200.0	60.0	40.2	38.1	flash	
2026-09-03T18:42:30	0.663	20	30.1667	100.0	40.0	38.4	38.1	140.0	58.0	40.0	38.1	flash	
2026-09-03T18:43:00	0.829	25	30.1667	60.0	50.0	40.2	38.2	160.0	58.0	40.8	38.2	flash	
2026-09-03T18:43:30	0.663	20	30.1667	20.0	40.0	40.4	38.1	140.0	68.0	41.4	38.2	flash	
2026-09-03T18:44:00	0.630	19	30.1667	100.0	38.0	39.6	38.0	100.0	40.0	41.0	38.1	flash	
2026-09-03T18:44:30	0.446	13	29.1611	20.0	26.0	38.2	37.7	140.0	50.0	40.2	38.1	flash	
2026-09-03T18:45:00	1.127	34	30.1667	60.0	68.0	41.0	38.0	200.0	68.0	41.0	38.0	flash	
2026-09-03T18:45:30	0.331	10	30.1667	0.0	20.0	41.0	38.1	120.0	68.0	41.6	38.1	flash	
2026-09-03T18:46:00	1.028	31	30.1667	20.0	62.0	42.4	38.1	200.0	66.0	44.4	38.3	flash	
2026-09-03T18:46:30	0.431	13	30.1667	40.0	26.0	43.0	38.1	120.0	60.0	43.0	38.1	flash	
2026-09-03T18:47:00	0.994	30	30.1667	120.0	60.0	43.0	38.6	140.0	60.0	43.2	38.6	flash	
2026-09-03T18:47:30	0.686	20	29.1611	80.0	42.0	43.8	38.4	140.0	68.0	44.2	38.6	flash	
2026-09-03T18:48:00	0.597	18	30.1667	40.0	36.0	41.6	38.5	120.0	44.0	43.6	38.5	flash	
2026-09-03T18:48:30	0.331	10	30.1667	0.0	20.0	39.8	38.3	100.0	42.0	41.6	38.5	flash	
2026-09-03T18:49:00	0.530	16	30.1667	0.0	32.0	39.0	37.9	160.0	34.0	41.0	38.4	flash	
2026-09-03T18:49:30	0.994	30	30.1667	0.0	60.0	42.4	38.2	180.0	60.0	42.8	38.3	flash	
2026-09-03T18:50:00	0.530	16	30.1667	100.0	32.0	38.8	38.1	100.0	52.0	42.6	38.3	flash	
2026-09-03T18:50:30	0.497	15	30.1667	80.0	30.0	39.8	38.0	80.0	34.0	40.0	38.1	flash	
2026-09-03T18:51:00	0.446	13	29.1611	0.0	26.0	36.4	37.8	80.0	36.0	39.6	38.0	flash	
2026-09-03T18:51:30	0.398	12	30.1667	0.0	24.0	36.2	37.8	200.0	38.0	37.6	37.9	flash	
2026-09-03T18:52:00	0.696	21	30.1667	60.0	42.0	34.4	37.8	140.0	42.0	37.4	37.9	flash	
2026-09-03T18:52:30	0.928	28	30.1667	20.0	56.0	35.8	37.9	200.0	60.0	36.4	38.0	flash	
2026-09-03T18:53:00	0.298	9	30.1667	0.0	18.0	34.0	37.5	40.0	60.0	36.0	37.9	flash	
2026-09-03T18:53:30	0.696	21	30.1667	100.0	42.0	36.2	37.5	120.0	42.0	36.2	37.5	flash	
2026-09-03T18:54:00	0.754	22	29.1611	0.0	52.0	37.4	37.5	120.0	58.0	37.4	37.6	flash	
2026-09-03T18:54:30	0.928	28	30.1667	20.0	56.0	37.0	37.7	160.0	56.0	38.4	37.7	flash	
2026-09-03T18:55:00	0.564	17	30.1667	40.0	34.0	37.2	37.7	100.0	60.0	38.0	37.9	flash	
2026-09-03T18:55:30	0.564	17	30.1667	0.0	34.0	37.6	37.3	120.0	42.0	38.6	37.6	flash	
2026-09-03T18:56:00	0.530	16	30.1667	0.0	32.0	38.2	37.3	140.0	38.0	38.2	37.4	flash	
2026-09-03T18:56:30	0.895	27	30.1667	140.0	54.0	41.2	37.5	140.0	54.0	41.2	37.5	flash	
2026-09-03T18:57:00	0.480	14	29.1611	100.0	30.0	39.8	37.4	200.0	56.0	40.8	37.5	flash	
2026-09-03T18:57:30	0.464	14	30.1667	0.0	28.0	37.2	37.4	160.0	50.0	41.6	37.6	flash	
2026-09-03T18:58:00	0.696	21	30.1667	40.0	42.0	39.4	37.5	100.0	42.0	39.4	37.5	flash	
2026-09-03T18:58:30	0.630	19	30.1667	60.0	38.0	39.8	37.5	120.0	44.0	40.6	37.5	flash	
2026-09-03T18:59:00	0.829	25	30.1667	0.0	50.0	39.6	37.6	220.0	66.0	41.2	37.8	flash	
2026-09-03T18:59:30	0.762	23	30.1667	40.0	46.0	38.6	37.9	180.0	50.0	40.4	37.9	flash	
2026-09-03T19:00:00	0.583	17	29.1611	20.0	36.0	38.8	37.6	140.0	54.0	39.4	37.9	flash	
2026-09-03T19:00:30	0.365	11	30.1667	20.0	22.0	37.4	37.6	60.0	44.0	39.6	37.6	flash	
2026-09-03T19:01:00	0.365	11	30.1667	0.0	22.0	36.4	37.4	140.0	28.0	38.2	37.7	flash	
2026-09-03T19:01:30	0.464	14	30.1667	0.0	28.0	34.0	37.6	80.0	34.0	37.0	37.6	flash	
2026-09-03T19:02:00	0.597	18	30.1667	20.0	36.0	34.6	37.5	100.0	36.0	36.6	37.7	flash	
2026-09-03T19:02:30	0.398	12	30.1667	0.0	24.0	34.2	37.4	140.0	36.0	34.4	37.5	flash	
2026-09-03T19:03:00	0.789	23	29.1611	60.0	46.0	34.6	37.5	180.0	46.0	35.2	37.5	flash	
2026-09-03T19:03:30	0.431	13	30.1667	80.0	26.0	33.8	37.5	100.0	48.0	34.8	37.5	flash	
2026-09-03T19:04:00	0.696	21	30.1667	20.0	42.0	32.6	37.4	160.0	50.0	34.4	37.5	flash	
2026-09-03T19:04:30	0.464	14	30.1667	100.0	28.0	31.0	37.5	100.0	38.0	32.8	37.5	flash	
2026-09-03T19:05:00	0.696	21	30.1667	240.0	42.0	31.6	37.5	240.0	42.0	31.6	37.5	flash	
2026-09-03T19:05:30	0.994	30	30.1667	20.0	60.0	35.4	37.5	240.0	86.0	35.6	37.7	flash	
2026-09-03T19:06:00	1.166	34	29.1611	40.0	68.0	40.0	38.0	280.0	70.0	40.2	38.0	flash	
2026-09-03T19:06:30	1.227	37	30.1667	20.0	74.0	44.6	38.4	200.0	114.0	44.8	38.5	flash	
2026-09-03T19:07:00	2.055	62	30.1667	20.0	124.0	53.4	39.2	520.0	128.0	53.4	39.3	flash	
2026-09-03T19:07:30	1.028	31	30.1667	100.0	62.0	57.2	39.6	340.0	128.0	57.2	39.6	flash	
2026-09-03T19:08:00	0.762	23	30.1667	20.0	46.0	57.2	39.7	160.0	80.0	58.6	39.7	flash	
2026-09-03T19:08:30	0.729	22	30.1667	140.0	44.0	59.0	39.9	140.0	50.0	59.0	39.9	flash	
2026-09-03T19:09:00	0.583	17	29.1611	60.0	34.0	58.2	39.9	80.0	52.0	59.2	40.0	flash	
2026-09-03T19:09:30	0.365	11	30.1667	20.0	22.0	57.8	40.0	120.0	34.0	59.0	40.0	flash	
2026-09-03T19:10:00	0.464	14	30.1667	20.0	28.0	57.2	39.9	120.0	38.0	59.0	40.0	flash	
2026-09-03T19:10:30	0.530	16	30.1667	20.0	32.0	53.4	39.8	120.0	42.0	56.2	39.9	flash	
2026-09-03T19:11:00	0.398	12	30.1667	20.0	24.0	49.0	39.8	80.0	32.0	54.2	39.9	flash	
2026-09-03T19:11:30	0.564	17	30.1667	20.0	34.0	45.0	39.9	120.0	42.0	48.8	40.0	flash	
2026-09-03T19:12:00	0.377	11	29.1611	40.0	22.0	35.0	39.7	100.0	34.0	45.0	39.8	flash	
2026-09-03T19:12:30	0.597	18	30.1667	40.0	36.0	32.2	39.8	180.0	40.0	35.0	39.8	flash	
2026-09-03T19:13:00	0.796	24	30.1667	0.0	48.0	32.4	39.7	200.0	72.0	34.8	39.9	flash	
2026-09-03T19:13:30	0.829	25	30.1667	60.0	50.0	33.0	39.8	180.0	50.0	34.6	39.9	flash	
2026-09-03T19:14:00	0.564	17	30.1667	100.0	34.0	33.0	39.7	100.0	52.0	33.6	39.9	flash	
2026-09-03T19:14:30	0.928	28	30.1667	0.0	56.0	36.4	39.8	180.0	68.0	37.6	39.9	flash	
2026-09-03T19:15:00	0.274	8	29.1611	20.0	16.0	35.2	39.5	40.0	56.0	37.2	39.7	flash	
2026-09-03T19:15:30	0.796	24	30.1667	40.0	48.0	36.8	39.7	140.0	48.0	37.0	39.7	flash	
2026-09-03T19:16:00	0.696	21	30.1667	40.0	42.0	38.6	39.6	160.0	50.0	38.8	39.8	flash	
2026-09-03T19:16:30	0.564	17	30.1667	20.0	34.0	38.6	39.6	180.0	44.0	39.8	39.7	flash	
2026-09-03T19:17:00	0.564	17	30.1667	20.0	34.0	39.8	39.6	140.0	44.0	40.4	39.6	flash	
2026-09-03T19:17:30	0.862	26	30.1667	20.0	52.0	41.4	39.8	120.0	54.0	43.2	39.8	flash	
2026-09-03T19:18:00	0.309	9	29.1611	0.0	18.0	38.4	39.6	80.0	52.0	40.6	39.9	flash	
2026-09-03T19:18:30	0.796	24	30.1667	20.0	48.0	38.2	39.8	180.0	48.0	40.6	39.8	flash	
2026-09-03T19:19:00	0.895	27	30.1667	0.0	54.0	40.2	40.1	200.0	56.0	41.2	40.2	flash	
2026-09-03T19:19:30	0.331	10	30.1667	0.0	20.0	36.6	39.9	80.0	58.0	40.2	40.1	flash	
2026-09-03T19:20:00	0.663	20	30.1667	60.0	40.0	39.0	39.9	140.0	40.0	39.0	40.1	flash	
2026-09-03T19:20:30	0.398	12	30.1667	0.0	24.0	36.6	39.7	80.0	46.0	39.4	40.0	flash	
2026-09-03T19:21:00	0.310	9	29.0556	0.0	18.0	34.2	39.5	120.0	22.0	36.4	39.7	flash	
2026-09-03T19:21:30	0.367	11	30	40.0	22.0	33.0	39.4	60.0	30.0	34.6	39.5	flash	
2026-09-03T19:22:00	0.633	19	30	60.0	38.0	33.4	39.5	100.0	40.0	33.8	39.5	flash	
2026-09-03T19:22:30	0.700	21	30	0.0	42.0	32.4	39.6	200.0	48.0	33.4	39.6	flash	
2026-09-03T19:23:00	0.533	16	30	40.0	32.0	33.8	39.3	120.0	50.0	33.8	39.6	flash	
2026-09-03T19:23:30	0.833	25	30	80.0	50.0	34.2	39.4	120.0	50.0	34.2	39.6	flash	
2026-09-03T19:24:00	0.432	13	30.1056	40.0	26.0	31.2	39.1	80.0	52.0	34.8	39.4	flash	
2026-09-03T19:24:30	0.331	10	30.1667	0.0	20.0	31.2	38.9	60.0	32.0	32.0	39.1	flash	
2026-09-03T19:25:00	0.829	25	30.1667	160.0	50.0	32.4	39.1	160.0	50.0	32.4	39.1	flash	
2026-09-03T19:25:30	0.530	16	30.1667	60.0	32.0	33.0	39.1	120.0	52.0	33.0	39.1	flash	
2026-09-03T19:26:00	0.829	25	30.1667	0.0	50.0	36.2	39.2	200.0	70.0	36.8	39.4	flash	
2026-09-03T19:26:30	0.829	25	30.1667	20.0	50.0	39.0	39.1	140.0	50.0	39.2	39.2	flash	
2026-09-03T19:27:00	0.343	10	29.1611	0.0	20.0	37.2	38.9	60.0	62.0	39.6	39.2	flash	
2026-09-03T19:27:30	0.895	27	30.1667	60.0	54.0	38.4	39.0	160.0	54.0	39.8	39.2	flash	
2026-09-03T19:28:00	0.497	15	30.1667	0.0	30.0	38.2	39.0	140.0	62.0	39.4	39.1	flash	
2026-09-03T19:28:30	0.696	21	30.1667	20.0	42.0	37.4	39.0	140.0	44.0	39.4	39.0	flash	
2026-09-03T19:29:00	0.829	25	30.1667	0.0	50.0	39.8	39.1	140.0	62.0	40.8	39.2	flash	
2026-09-03T19:29:30	0.597	18	30.1667	20.0	36.0	41.4	39.0	180.0	52.0	41.4	39.1	flash	
2026-09-03T19:30:00	0.823	24	29.1611	0.0	50.0	42.0	39.1	180.0	58.0	44.2	39.2	flash	
2026-09-03T19:30:30	0.265	8	30.1667	0.0	16.0	39.8	39.1	40.0	48.0	41.4	39.1	flash	
2026-09-03T19:31:00	0.365	11	30.1667	0.0	22.0	36.8	38.8	120.0	28.0	39.8	39.1	flash	
2026-09-03T19:31:30	0.464	14	30.1667	0.0	28.0	34.6	38.9	120.0	34.0	38.0	38.9	flash	
2026-09-03T19:32:00	0.696	21	30.1667	140.0	42.0	36.8	38.7	140.0	42.0	36.8	38.9	flash	
2026-09-03T19:32:30	0.298	9	30.1667	0.0	18.0	33.2	38.5	100.0	42.0	36.8	38.7	flash	
2026-09-03T19:33:00	0.720	21	29.1611	0.0	42.0	34.4	38.4	180.0	42.0	35.0	38.6	flash	
2026-09-03T19:33:30	0.398	12	30.1667	0.0	24.0	32.8	38.3	140.0	48.0	35.6	38.4	flash	
2026-09-03T19:34:00	0.630	19	30.1667	20.0	38.0	31.4	38.2	160.0	40.0	34.2	38.4	flash	
2026-09-03T19:34:30	0.862	26	30.1667	60.0	52.0	33.2	38.5	140.0	52.0	33.2	38.5	flash	
2026-09-03T19:35:00	1.028	31	30.1667	140.0	62.0	34.4	38.4	160.0	66.0	34.4	38.7	flash	
2026-09-03T19:35:30	0.365	11	30.1667	0.0	22.0	35.0	38.5	100.0	58.0	35.8	38.6	flash	
2026-09-03T19:36:00	0.686	20	29.1611	0.0	40.0	36.8	38.3	160.0	40.0	37.0	38.4	flash	
2026-09-03T19:36:30	0.564	17	30.1667	20.0	34.0	37.4	38.3	120.0	46.0	37.4	38.4	flash	
2026-09-03T19:37:00	0.862	26	30.1667	60.0	52.0	38.8	38.3	140.0	58.0	39.4	38.5	flash	
2026-09-03T19:37:30	0.994	30	30.1667	240.0	60.0	42.6	38.4	280.0	60.0	42.6	38.5	flash	
2026-09-03T19:38:00	0.431	13	30.1667	0.0	26.0	41.0	38.3	120.0	74.0	43.4	38.6	flash	
2026-09-03T19:38:30	0.530	16	30.1667	100.0	32.0	41.8	38.5	100.0	32.0	41.8	38.5	flash	
2026-09-03T19:39:00	0.686	20	29.1611	20.0	48.0	42.0	38.5	120.0	64.0	42.2	38.6	flash	
2026-09-03T19:39:30	0.729	22	30.1667	0.0	44.0	41.4	38.4	180.0	52.0	43.4	38.5	flash	
2026-09-03T19:40:00	0.564	17	30.1667	20.0	34.0	38.6	38.4	100.0	44.0	41.2	38.5	flash	
2026-09-03T19:40:30	1.094	33	30.1667	0.0	66.0	42.8	38.8	240.0	78.0	42.8	38.9	flash	
2026-09-03T19:41:00	0.663	20	30.1667	40.0	40.0	42.8	38.9	180.0	58.0	44.6	38.9	flash	
2026-09-03T19:41:30	0.762	23	30.1667	0.0	46.0	44.0	39.1	180.0	50.0	44.4	39.1	flash	
2026-09-03T19:42:00	0.583	17	29.1611	40.0	34.0	42.4	39.0	80.0	56.0	44.2	39.1	flash	
2026-09-03T19:42:30	0.663	20	30.1667	80.0	40.0	40.6	38.9	180.0	40.0	43.2	39.1	flash	
2026-09-03T19:43:00	0.597	18	30.1667	20.0	36.0	41.2	39.1	140.0	56.0	41.2	39.1	flash	
2026-09-03T19:43:30	0.796	24	30.1667	20.0	48.0	43.6	39.2	260.0	52.0	44.4	39.2	flash	
2026-09-03T19:44:00	0.530	16	30.1667	0.0	32.0	42.0	39.0	100.0	58.0	42.8	39.1	flash	
2026-09-03T19:44:30	0.862	26	30.1667	20.0	52.0	42.8	39.0	140.0	52.0	43.0	39.1	flash	
2026-09-03T19:45:00	0.617	18	29.1611	40.0	36.0	43.0	39.0	100.0	54.0	43.8	39.0	flash	
2026-09-03T19:45:30	0.530	16	30.1667	40.0	32.0	39.6	39.0	120.0	42.0	43.0	39.1	flash	
2026-09-03T19:46:00	0.663	20	30.1667	20.0	40.0	39.8	39.0	120.0	48.0	40.6	39.1	flash	
2026-09-03T19:46:30	0.663	20	30.1667	40.0	40.0	39.0	38.9	220.0	54.0	41.2	39.2	flash	
2026-09-03T19:47:00	0.762	23	30.1667	160.0	46.0	40.2	39.1	160.0	50.0	40.4	39.1	flash	
2026-09-03T19:47:30	0.762	23	30.1667	20.0	46.0	40.8	39.3	220.0	62.0	42.4	39.3	flash	
2026-09-03T19:48:00	0.412	12	29.1611	0.0	24.0	39.8	39.1	140.0	54.0	41.2	39.3	flash	
2026-09-03T19:48:30	0.663	20	30.1667	20.0	40.0	38.8	39.1	100.0	44.0	41.4	39.2	flash	
2026-09-03T19:49:00	0.928	28	30.1667	280.0	56.0	41.2	39.2	280.0	56.0	41.2	39.2	flash	
2026-09-03T19:49:30	0.928	28	30.1667	20.0	56.0	41.6	39.3	260.0	82.0	41.8	39.4	flash	
2026-09-03T19:50:00	0.530	16	30.1667	20.0	32.0	41.2	39.2	100.0	56.0	41.8	39.4	flash	
2026-09-03T19:50:30	0.365	11	30.1667	20.0	22.0	40.2	39.2	100.0	36.0	41.4	39.3	flash	
2026-09-03T19:51:00	0.566	17	30.0384	0.0	34.0	39.8	39.4	180.0	40.0	41.2	39.4	flash	
2026-09-03T19:51:30	0.377	11	29.1544	0.0	22.0	38.2	39.3	160.0	34.0	39.6	39.4	flash	
2026-09-03T19:52:00	0.258	8	30.9765	100.0	16.0	35.0	39.1	100.0	28.0	37.8	39.3	flash	
2026-09-03T19:52:30	0.515	15	29.1544	60.0	38.0	33.2	39.2	140.0	38.0	35.8	39.2	flash	
2026-09-03T19:53:00	0.420	13	30.9765	0.0	26.0	33.4	39.0	100.0	46.0	34.4	39.3	flash	
2026-09-03T19:53:30	0.103	3	29.1544	0.0	6.0	30.0	38.8	40.0	24.0	32.8	39.0	flash	
2026-09-03T19:54:00	0.581	18	30.9765	80.0	36.0	28.0	38.7	140.0	36.0	30.2	38.7	flash	
2026-09-03T19:54:30	0.412	12	29.1544	0.0	28.0	24.8	38.7	100.0	58.0	29.2	38.9	flash	
2026-09-03T19:55:00	0.194	6	30.9765	0.0	12.0	23.0	38.5	100.0	24.0	25.4	38.7	flash	
2026-09-03T19:55:30	0.274	8	29.1544	20.0	16.0	22.2	37.9	60.0	16.0	22.8	38.3	flash	
2026-09-03T19:56:00	0.161	5	30.9765	40.0	10.0	19.8	37.3	40.0	16.0	22.2	37.9	flash	
2026-09-03T19:56:30	0.377	11	29.1544	20.0	26.0	19.8	36.8	100.0	26.0	20.2	37.3	flash	
2026-09-03T19:57:00	0.161	5	30.9765	0.0	10.0	19.2	35.7	60.0	28.0	20.2	36.8	flash	
2026-09-03T19:57:30	0.583	17	29.1544	60.0	34.0	19.6	35.4	100.0	34.0	20.6	35.8	flash	
2026-09-03T19:58:00	0.172	5	29.1544	40.0	12.0	18.0	35.1	60.0	38.0	19.6	35.4	flash	
2026-09-03T19:58:30	0.323	10	30.9765	0.0	20.0	19.4	34.8	60.0	24.0	19.4	35.1	flash	
2026-09-03T19:59:00	0.309	9	29.1544	20.0	18.0	18.0	34.6	60.0	22.0	20.2	34.8	flash	
2026-09-03T19:59:30	0.258	8	30.9765	20.0	16.0	16.8	34.6	60.0	22.0	18.0	34.7	flash	
2026-09-03T20:00:00	0.450	13	28.9047	0.0	26.0	18.2	34.6	180.0	32.0	18.6	34.8	flash	
2026-09-03T20:00:30	0.464	14	30.1667	20.0	28.0	19.4	34.5	120.0	28.0	19.4	34.6	flash	
2026-09-03T20:01:00	0.961	29	30.1667	100.0	58.0	24.6	34.9	160.0	66.0	24.6	34.9	flash	
2026-09-03T20:01:30	0.530	16	30.1667	40.0	32.0	25.2	34.8	100.0	58.0	25.6	35.0	flash	
2026-09-03T20:02:00	0.696	21	30.1667	0.0	42.0	28.4	35.0	160.0	50.0	28.4	35.1	flash	
2026-09-03T20:02:30	0.762	23	30.1667	120.0	46.0	29.6	35.1	160.0	46.0	29.6	35.1	flash	
2026-09-03T20:03:00	0.446	13	29.1611	20.0	34.0	31.2	34.9	120.0	56.0	31.4	35.1	flash	
2026-09-03T20:03:30	0.331	10	30.1667	0.0	20.0	31.2	34.6	60.0	32.0	31.8	34.9	flash	
2026-09-03T20:04:00	0.895	27	30.1667	80.0	54.0	34.8	34.8	180.0	54.0	34.8	34.9	flash	
2026-09-03T20:04:30	0.696	21	30.1667	260.0	42.0	37.4	34.7	260.0	56.0	37.4	34.8	flash	
2026-09-03T20:05:00	0.895	27	30.1667	100.0	54.0	40.2	35.1	240.0	70.0	40.2	35.1	flash	
2026-09-03T20:05:30	0.530	16	30.1667	20.0	32.0	40.6	34.9	140.0	64.0	42.4	35.1	flash	
2026-09-03T20:06:00	0.137	4	29.1611	20.0	8.0	36.2	34.6	40.0	34.0	40.6	34.9	flash	
2026-09-03T20:06:30	0.232	7	30.1667	0.0	14.0	33.8	34.4	80.0	16.0	35.6	34.6	flash	
2026-09-03T20:07:00	0.398	12	30.1667	40.0	24.0	32.0	34.3	80.0	28.0	33.8	34.4	flash	
2026-09-03T20:07:30	0.762	23	30.1667	0.0	46.0	32.8	34.2	160.0	52.0	35.4	34.3	flash	
2026-09-03T20:08:00	0.829	25	30.1667	20.0	50.0	34.4	34.5	200.0	50.0	34.6	34.5	flash	
2026-09-03T20:08:30	0.829	25	30.1667	0.0	50.0	37.4	34.5	240.0	72.0	37.6	34.6	flash	
2026-09-03T20:09:00	0.583	17	29.1611	0.0	34.0	35.6	34.3	100.0	52.0	38.2	34.7	flash	
2026-09-03T20:09:30	0.895	27	30.1667	0.0	54.0	37.4	34.7	180.0	56.0	39.8	34.8	flash	
2026-09-03T20:10:00	0.497	15	30.1667	40.0	30.0	34.6	34.6	100.0	54.0	37.0	34.7	flash	
2026-09-03T20:10:30	0.630	19	30.1667	0.0	38.0	34.8	34.7	100.0	46.0	35.0	34.7	flash	
2026-09-03T20:11:00	0.862	26	30.1667	40.0	52.0	39.2	35.1	140.0	58.0	39.2	35.1	flash	
2026-09-03T20:11:30	0.696	21	30.1667	40.0	42.0	42.0	35.3	180.0	58.0	42.0	35.3	flash	
2026-09-03T20:12:00	0.377	11	29.1611	120.0	22.0	42.2	35.1	120.0	42.0	42.4	35.2	flash	
2026-09-03T20:12:30	0.431	13	30.1667	0.0	26.0	39.8	34.9	120.0	38.0	42.0	35.2	flash	
2026-09-03T20:13:00	0.530	16	30.1667	0.0	32.0	38.2	34.9	100.0	42.0	40.8	35.1	flash	
2026-09-03T20:13:30	0.663	20	30.1667	0.0	40.0	37.0	34.8	200.0	48.0	38.4	35.2	flash	
2026-09-03T20:14:00	0.862	26	30.1667	120.0	52.0	38.8	35.1	160.0	52.0	38.8	35.1	flash	
2026-09-03T20:14:30	0.497	15	30.1667	40.0	30.0	36.4	35.2	140.0	54.0	39.0	35.2	flash	
2026-09-03T20:15:00	0.926	27	29.1611	0.0	56.0	38.8	35.3	160.0	66.0	39.2	35.4	flash	
2026-09-03T20:15:30	0.398	12	30.1667	0.0	24.0	37.4	35.2	120.0	56.0	39.0	35.3	flash	
2026-09-03T20:16:00	0.331	10	30.1667	20.0	20.0	34.4	34.9	40.0	30.0	37.4	35.2	flash	
2026-09-03T20:16:30	0.630	19	30.1667	0.0	38.0	33.8	34.7	160.0	40.0	35.0	35.0	flash	
2026-09-03T20:17:00	0.862	26	30.1667	140.0	52.0	36.8	35.1	140.0	52.0	37.2	35.1	flash	
2026-09-03T20:17:30	0.729	22	30.1667	40.0	44.0	38.6	35.0	140.0	56.0	38.6	35.1	flash	
2026-09-03T20:18:00	1.132	33	29.1556	20.0	68.0	42.0	35.3	240.0	82.0	42.0	35.4	flash	
2026-09-03T20:18:30	0.733	22	30	20.0	44.0	42.4	35.4	220.0	72.0	42.4	35.5	flash	
2026-09-03T20:19:00	1.367	41	30	180.0	82.0	46.0	35.7	200.0	82.0	46.8	35.7	flash	
2026-09-03T20:19:30	1.533	46	30	120.0	92.0	51.8	36.2	360.0	98.0	51.8	36.2	flash	
2026-09-03T20:20:00	1.500	45	30	220.0	90.0	55.2	36.6	580.0	90.0	55.2	36.6	flash	
2026-09-03T20:20:30	0.367	11	30	20.0	22.0	55.0	36.7	140.0	94.0	56.0	36.7	flash	
2026-09-03T20:21:00	0.800	24	30.0056	80.0	48.0	57.8	37.0	160.0	48.0	57.8	37.0	flash	
2026-09-03T20:21:30	0.564	17	30.1667	20.0	34.0	57.4	37.0	120.0	52.0	58.6	37.0	flash	
2026-09-03T20:22:00	0.696	21	30.1667	0.0	42.0	56.8	37.1	140.0	48.0	58.8	37.2	flash	
2026-09-03T20:22:30	0.530	16	30.1667	0.0	32.0	55.4	37.2	180.0	36.0	56.6	37.2	flash	
2026-09-03T20:23:00	1.094	33	30.1667	40.0	66.0	55.2	37.4	220.0	80.0	57.6	37.5	flash	
2026-09-03T20:23:30	0.398	12	30.1667	40.0	24.0	53.2	37.4	100.0	70.0	55.6	37.4	flash	
2026-09-03T20:24:00	0.617	18	29.1611	20.0	36.0	48.6	37.4	100.0	48.0	52.8	37.4	flash	
2026-09-03T20:24:30	0.961	29	30.1667	40.0	58.0	45.2	37.5	380.0	58.0	47.6	37.6	flash	
2026-09-03T20:25:00	0.630	19	30.1667	40.0	38.0	40.0	37.2	140.0	68.0	46.0	37.4	flash	
2026-09-03T20:25:30	0.497	15	30.1667	20.0	30.0	40.8	37.3	160.0	50.0	41.2	37.3	flash	
2026-09-03T20:26:00	0.696	21	30.1667	0.0	42.0	40.2	37.3	160.0	44.0	42.2	37.5	flash	
2026-09-03T20:26:30	0.663	20	30.1667	20.0	40.0	40.8	37.4	200.0	54.0	42.0	37.5	flash	
2026-09-03T20:27:00	0.530	16	30.1667	0.0	32.0	39.8	37.2	120.0	54.0	41.4	37.4	flash	
2026-09-03T20:27:30	0.412	12	29.1611	0.0	24.0	39.0	36.8	100.0	38.0	42.0	37.3	flash	
2026-09-03T20:28:00	0.530	16	30.1667	20.0	32.0	35.6	36.9	180.0	32.0	39.0	36.9	flash	
2026-09-03T20:28:30	0.796	24	30.1667	20.0	48.0	38.0	37.1	120.0	62.0	38.8	37.2	flash	
2026-09-03T20:29:00	0.630	19	30.1667	20.0	38.0	38.2	37.0	180.0	58.0	39.6	37.1	flash	
2026-09-03T20:29:30	1.028	31	30.1667	80.0	62.0	38.6	37.2	160.0	62.0	42.0	37.2	flash	
2026-09-03T20:30:00	0.497	15	30.1667	80.0	30.0	37.8	37.1	80.0	66.0	39.0	37.2	flash	
2026-09-03T20:30:30	1.029	30	29.1611	100.0	66.0	41.0	37.1	160.0	68.0	41.0	37.2	flash	
2026-09-03T20:31:00	0.497	15	30.1667	0.0	30.0	39.6	37.0	140.0	62.0	41.2	37.1	flash	
2026-09-03T20:31:30	0.796	24	30.1667	140.0	48.0	40.4	37.0	160.0	48.0	40.6	37.1	flash	
2026-09-03T20:32:00	0.862	26	30.1667	0.0	52.0	42.4	37.2	180.0	68.0	42.6	37.2	flash	
2026-09-03T20:32:30	0.298	9	30.1667	20.0	18.0	41.8	37.0	100.0	50.0	42.4	37.2	flash	
2026-09-03T20:33:00	0.630	19	30.1667	20.0	38.0	42.4	37.0	120.0	40.0	43.2	37.0	flash	
2026-09-03T20:33:30	0.960	28	29.1611	60.0	56.0	43.4	37.1	160.0	58.0	43.4	37.2	flash	
2026-09-03T20:34:00	0.365	11	30.1667	20.0	22.0	41.6	37.0	80.0	60.0	44.0	37.1	flash	
2026-09-03T20:34:30	0.530	16	30.1667	20.0	32.0	38.6	36.8	160.0	32.0	42.2	37.0	flash	
2026-09-03T20:35:00	0.630	19	30.1667	20.0	38.0	40.0	36.8	180.0	54.0	40.6	36.9	flash	
2026-09-03T20:35:30	0.796	24	30.1667	100.0	48.0	38.2	36.9	140.0	48.0	40.4	37.0	flash	
2026-09-03T20:36:00	0.564	17	30.1667	60.0	34.0	38.6	36.9	120.0	48.0	38.6	36.9	flash	
2026-09-03T20:36:30	0.240	7	29.1611	0.0	14.0	35.2	36.7	60.0	42.0	38.8	36.9	flash	
2026-09-03T20:37:00	0.663	20	30.1667	60.0	40.0	34.0	36.6	200.0	40.0	35.8	36.7	flash	
2026-09-03T20:37:30	0.298	9	30.1667	0.0	18.0	34.2	36.3	60.0	48.0	35.2	36.6	flash	
2026-09-03T20:38:00	0.431	13	30.1667	0.0	26.0	32.8	36.3	80.0	28.0	35.6	36.5	flash	
2026-09-03T20:38:30	0.663	20	30.1667	40.0	40.0	31.2	36.3	100.0	40.0	33.0	36.3	flash	
2026-09-03T20:39:00	0.829	25	30.1667	80.0	50.0	34.0	36.2	120.0	52.0	34.0	36.5	flash	
2026-09-03T20:39:30	0.137	4	29.1611	0.0	12.0	31.8	35.8	60.0	50.0	33.8	36.2	flash	
2026-09-03T20:40:00	0.530	16	30.1667	20.0	32.0	31.0	35.8	140.0	32.0	31.8	35.9	flash	
2026-09-03T20:40:30	0.829	25	30.1667	0.0	50.0	32.0	36.0	160.0	52.0	33.0	36.1	flash	
2026-09-03T20:41:00	0.464	14	30.1667	40.0	28.0	30.6	36.0	100.0	50.0	32.2	36.1	flash	
2026-09-03T20:41:30	0.729	22	30.1667	0.0	44.0	33.6	36.2	160.0	56.0	33.6	36.2	flash	
2026-09-03T20:42:00	0.762	23	30.1667	60.0	46.0	34.2	36.5	180.0	60.0	36.4	36.5	flash	
2026-09-03T20:42:30	0.686	20	29.1611	0.0	44.0	36.4	36.6	120.0	56.0	36.4	36.8	flash	
2026-09-03T20:43:00	0.597	18	30.1667	160.0	36.0	37.4	36.7	180.0	44.0	37.4	36.7	flash	
2026-09-03T20:43:30	0.630	19	30.1667	40.0	38.0	37.2	37.0	120.0	54.0	38.4	37.0	flash	
2026-09-03T20:44:00	0.961	29	30.1667	80.0	58.0	38.4	37.2	120.0	58.0	38.4	37.4	flash	
2026-09-03T20:44:30	0.497	15	30.1667	80.0	30.0	40.2	37.3	100.0	60.0	40.2	37.3	flash	
2026-09-03T20:45:00	0.597	18	30.1667	40.0	36.0	40.6	37.5	100.0	44.0	41.6	37.5	flash	
2026-09-03T20:45:30	0.686	20	29.1611	80.0	40.0	39.6	37.8	180.0	42.0	40.6	37.8	flash	
2026-09-03T20:46:00	0.464	14	30.1667	60.0	28.0	40.0	38.0	100.0	44.0	40.4	38.0	flash	
2026-09-03T20:46:30	0.729	22	30.1667	20.0	44.0	39.6	38.2	120.0	50.0	40.6	38.3	flash	
2026-09-03T20:47:00	0.564	17	30.1667	40.0	34.0	38.8	38.4	140.0	44.0	39.8	38.4	flash	
2026-09-03T20:47:30	0.663	20	30.1667	40.0	40.0	38.4	38.5	100.0	52.0	39.0	38.5	flash	
2026-09-03T20:48:00	0.630	19	30.1667	20.0	38.0	38.6	38.8	100.0	44.0	40.2	38.8	flash	
2026-09-03T20:48:30	0.482	14	29.0389	40.0	30.0	37.6	38.8	120.0	40.0	38.6	38.8	flash	
2026-09-03T20:49:00	0.600	18	30	80.0	36.0	36.0	39.0	100.0	40.0	38.4	39.0	flash	
2026-09-03T20:49:30	0.233	7	30	0.0	14.0	34.0	39.0	60.0	32.0	35.4	39.0	flash	
2026-09-03T20:50:00	0.667	20	30	20.0	40.0	34.2	39.1	120.0	40.0	34.8	39.1	flash	
2026-09-03T20:50:30	0.600	18	30	20.0	36.0	34.0	39.2	100.0	48.0	36.0	39.3	flash	
2026-09-03T20:51:00	0.767	23	30	0.0	46.0	36.2	39.2	100.0	48.0	36.4	39.3	flash	
2026-09-03T20:51:30	0.697	21	30.1222	20.0	42.0	35.4	39.2	120.0	58.0	37.2	39.3	flash	
2026-09-03T20:52:00	0.464	14	30.1667	120.0	28.0	35.0	39.1	120.0	44.0	36.0	39.2	flash	
2026-09-03T20:52:30	0.663	20	30.1667	0.0	40.0	35.2	39.1	160.0	52.0	35.8	39.3	flash	
2026-09-03T20:53:00	0.298	9	30.1667	120.0	18.0	33.0	38.9	120.0	34.0	34.8	39.0	flash	
2026-09-03T20:53:30	0.564	17	30.1667	0.0	34.0	33.4	39.1	100.0	48.0	34.8	39.1	flash	
2026-09-03T20:54:00	0.796	24	30.1667	60.0	48.0	34.6	39.0	180.0	50.0	35.6	39.1	flash	
2026-09-03T20:54:30	0.478	14	29.2778	60.0	30.0	36.0	38.9	120.0	50.0	36.0	39.1	flash	
2026-09-03T20:55:00	0.758	23	30.3333	0.0	46.0	36.6	38.8	140.0	56.0	37.0	39.0	flash	
2026-09-03T20:55:30	0.692	21	30.3333	0.0	42.0	37.2	38.9	120.0	52.0	37.6	38.9	flash	
2026-09-03T20:56:00	0.853	25	29.3222	120.0	50.0	37.6	39.3	220.0	50.0	37.6	39.3	flash	
2026-09-03T20:56:30	0.626	19	30.3333	20.0	38.0	37.2	39.5	100.0	62.0	37.6	39.5	flash	
2026-09-03T20:57:00	0.593	18	30.3333	0.0	36.0	38.0	39.7	120.0	52.0	39.2	39.7	flash	
2026-09-03T20:57:30	0.859	25	29.1111	0.0	50.0	39.0	39.7	160.0	54.0	39.0	39.7	flash	
2026-09-03T20:58:00	0.800	24	30	0.0	48.0	42.0	39.7	240.0	60.0	43.2	39.9	flash	
2026-09-03T20:58:30	0.600	18	30	20.0	36.0	42.2	39.5	100.0	58.0	43.0	39.8	flash	
2026-09-03T20:59:00	0.600	18	30	0.0	36.0	41.2	39.6	100.0	40.0	42.4	39.6	flash	
2026-09-03T20:59:30	0.400	12	30	60.0	24.0	41.0	39.3	60.0	38.0	42.4	39.6	flash	
2026-09-03T21:00:00	0.600	18	30	20.0	36.0	39.6	39.3	180.0	40.0	41.4	39.4	flash	
2026-09-03T21:00:30	0.667	20	30	20.0	40.0	39.4	39.3	140.0	42.0	40.0	39.3	flash	
2026-09-03T21:01:00	0.433	13	30	40.0	26.0	37.4	39.1	120.0	42.0	40.0	39.3	flash	
2026-09-03T21:01:30	0.933	28	30	60.0	56.0	38.8	39.2	140.0	56.0	39.2	39.3	flash	
2026-09-03T21:02:00	0.700	21	30	20.0	42.0	39.4	39.5	200.0	66.0	40.2	39.5	flash	
2026-09-03T21:02:30	0.167	5	30	20.0	10.0	35.4	39.3	60.0	36.0	39.4	39.4	flash	
2026-09-03T21:03:00	0.633	19	30	0.0	38.0	34.4	39.3	160.0	46.0	37.0	39.3	flash	
2026-09-03T21:03:30	0.797	24	30.1	20.0	48.0	35.6	39.4	140.0	60.0	36.4	39.4	flash	
2026-09-03T21:04:00	0.398	12	30.1667	20.0	24.0	34.4	39.2	80.0	52.0	36.2	39.5	flash	
2026-09-03T21:04:30	0.762	23	30.1667	0.0	46.0	36.6	39.3	160.0	58.0	37.2	39.4	flash	
2026-09-03T21:05:00	0.564	17	30.1667	20.0	34.0	36.4	39.1	80.0	46.0	37.2	39.3	flash	
2026-09-03T21:05:30	0.696	21	30.1667	60.0	42.0	36.6	39.3	120.0	42.0	37.8	39.3	flash	
2026-09-03T21:06:00	0.431	13	30.1667	0.0	26.0	36.6	39.3	120.0	46.0	37.6	39.3	flash	
2026-09-03T21:06:30	0.652	19	29.1611	0.0	38.0	34.8	39.3	100.0	42.0	37.6	39.5	flash	
2026-09-03T21:07:00	0.530	16	30.1667	100.0	32.0	33.8	39.2	120.0	40.0	34.6	39.5	flash	
2026-09-03T21:07:30	0.564	17	30.1667	0.0	34.0	36.2	39.0	100.0	44.0	36.4	39.3	flash	
2026-09-03T21:08:00	0.398	12	30.1667	120.0	24.0	34.8	38.6	140.0	36.0	36.4	39.0	flash	
2026-09-03T21:08:30	0.530	16	30.1667	140.0	32.0	33.2	38.5	140.0	36.0	34.6	38.7	flash	
2026-09-03T21:09:00	0.365	11	30.1667	0.0	22.0	33.0	37.9	100.0	36.0	34.0	38.4	flash	
2026-09-03T21:09:30	0.823	24	29.1611	40.0	48.0	33.2	37.4	140.0	48.0	33.6	37.9	flash	
2026-09-03T21:10:00	0.729	22	30.1667	40.0	44.0	34.2	37.0	300.0	62.0	35.0	37.7	flash	
2026-09-03T21:10:30	0.431	13	30.1667	0.0	26.0	32.8	37.0	180.0	48.0	34.4	37.0	flash	
2026-09-03T21:11:00	1.028	31	30.1667	20.0	62.0	36.2	37.2	140.0	68.0	36.4	37.3	flash	
2026-09-03T21:11:30	0.630	19	30.1667	60.0	38.0	36.2	37.2	160.0	66.0	36.6	37.3	flash	
2026-09-03T21:12:00	0.895	27	30.1667	0.0	54.0	38.4	37.3	160.0	62.0	39.4	37.4	flash	
2026-09-03T21:12:30	0.446	13	29.1611	60.0	26.0	37.6	37.3	140.0	58.0	38.8	37.4	flash	
2026-09-03T21:13:00	0.530	16	30.1667	60.0	32.0	38.6	36.9	140.0	42.0	39.4	37.3	flash	
2026-09-03T21:13:30	0.365	11	30.1667	0.0	22.0	37.8	36.9	80.0	38.0	38.8	37.0	flash	
2026-09-03T21:14:00	0.696	21	30.1667	40.0	42.0	39.4	37.0	120.0	42.0	39.4	37.1	flash	
2026-09-03T21:14:30	0.597	18	30.1667	20.0	36.0	38.2	36.7	120.0	42.0	39.4	37.1	flash	
2026-09-03T21:15:00	0.630	19	30.1667	0.0	38.0	37.6	36.7	120.0	54.0	40.4	36.9	flash	
2026-09-03T21:15:30	0.686	20	29.1611	0.0	40.0	39.0	36.9	140.0	52.0	40.2	36.9	flash	
2026-09-03T21:16:00	0.464	14	30.1667	20.0	28.0	35.8	36.7	120.0	40.0	39.0	36.8	flash	
2026-09-03T21:16:30	0.597	18	30.1667	60.0	36.0	35.4	36.7	160.0	48.0	37.0	36.9	flash	
2026-09-03T21:17:00	0.862	26	30.1667	100.0	52.0	35.2	36.9	200.0	54.0	35.8	36.9	flash	
2026-09-03T21:17:30	0.298	9	30.1667	20.0	18.0	34.4	36.8	80.0	58.0	36.2	36.9	flash	
2026-09-03T21:18:00	0.928	28	30.1667	0.0	56.0	36.8	37.0	160.0	58.0	37.4	37.2	flash	
2026-09-03T21:18:30	0.514	15	29.1611	40.0	30.0	37.6	36.9	80.0	58.0	37.6	37.1	flash	
2026-09-03T21:19:00	0.696	21	30.1667	0.0	42.0	37.6	36.9	200.0	48.0	38.0	37.0	flash	
2026-09-03T21:19:30	0.398	12	30.1667	20.0	24.0	36.6	36.5	80.0	44.0	38.0	36.9	flash	
2026-09-03T21:20:00	0.597	18	30.1667	0.0	36.0	36.2	36.6	100.0	40.0	37.2	36.7	flash	
2026-09-03T21:20:30	0.564	17	30.1667	100.0	34.0	35.6	36.3	120.0	34.0	36.2	36.6	flash	
2026-09-03T21:21:00	0.796	24	30.1667	0.0	48.0	37.6	36.5	240.0	62.0	38.4	36.6	flash	
2026-09-03T21:21:30	0.412	12	29.1611	20.0	24.0	36.8	36.3	180.0	48.0	37.6	36.5	flash	
2026-09-03T21:22:00	0.895	27	30.1667	60.0	54.0	36.8	36.3	120.0	66.0	38.6	36.4	flash	
2026-09-03T21:22:30	0.464	14	30.1667	40.0	28.0	37.6	36.4	100.0	54.0	37.6	36.5	flash	
2026-09-03T21:23:00	0.564	17	30.1667	0.0	34.0	35.4	36.3	180.0	40.0	38.0	36.5	flash	
2026-09-03T21:23:30	0.597	18	30.1667	80.0	36.0	36.0	36.1	100.0	46.0	36.2	36.4	flash	
2026-09-03T21:24:00	0.431	13	30.1667	0.0	26.0	34.4	36.2	120.0	50.0	37.0	36.3	flash	
2026-09-03T21:24:30	0.857	25	29.1611	20.0	50.0	37.2	36.4	200.0	50.0	37.2	36.5	flash	
2026-09-03T21:25:00	0.298	9	30.1667	0.0	18.0	35.2	36.2	40.0	54.0	37.0	36.4	flash	
2026-09-03T21:25:30	0.762	23	30.1667	100.0	46.0	37.2	36.2	120.0	46.0	38.0	36.3	flash	
2026-09-03T21:26:00	0.564	17	30.1667	0.0	34.0	35.0	36.1	100.0	46.0	38.2	36.4	flash	
2026-09-03T21:26:30	0.564	17	30.1667	60.0	34.0	36.0	36.3	60.0	40.0	37.2	36.3	flash	
2026-09-03T21:27:00	0.597	18	30.1667	60.0	36.0	34.2	36.3	220.0	44.0	35.8	36.5	flash	
2026-09-03T21:27:30	0.412	12	29.1056	0.0	28.0	33.8	36.4	120.0	38.0	34.2	36.4	flash	
2026-09-03T21:28:00	0.567	17	30	20.0	34.0	33.8	36.4	180.0	34.0	34.2	36.4	flash	
2026-09-03T21:28:30	0.533	16	30	60.0	32.0	33.6	36.4	140.0	38.0	34.0	36.5	flash	
2026-09-03T21:29:00	0.567	17	30	0.0	34.0	34.2	36.2	200.0	62.0	34.6	36.5	flash	
2026-09-03T21:29:30	0.867	26	30	100.0	52.0	34.4	36.6	180.0	52.0	36.2	36.6	flash	
2026-09-03T21:30:00	0.900	27	30	120.0	54.0	38.0	36.9	120.0	64.0	38.0	36.9	flash	
2026-09-03T21:30:30	0.466	14	30.0556	60.0	28.0	36.6	36.6	60.0	54.0	38.0	36.9	flash	
2026-09-03T21:31:00	0.762	23	30.1667	60.0	46.0	37.4	36.9	100.0	48.0	37.4	36.9	flash	
2026-09-03T21:31:30	0.961	29	30.1667	80.0	58.0	39.8	37.0	140.0	68.0	40.0	37.0	flash	
2026-09-03T21:32:00	0.597	18	30.1667	0.0	36.0	40.2	36.9	140.0	54.0	40.4	37.0	flash	
2026-09-03T21:32:30	0.564	17	30.1667	40.0	34.0	40.8	36.8	140.0	48.0	41.6	36.9	flash	
2026-09-03T21:33:00	0.630	19	30.1667	100.0	38.0	41.2	36.8	200.0	38.0	41.2	36.9	flash	
2026-09-03T21:33:30	0.446	13	29.1611	0.0	26.0	40.6	36.7	100.0	48.0	42.4	36.8	flash	
2026-09-03T21:34:00	0.530	16	30.1667	40.0	32.0	40.4	36.5	100.0	36.0	40.4	36.7	flash	
2026-09-03T21:34:30	0.331	10	30.1667	0.0	20.0	37.2	36.4	100.0	40.0	40.4	36.4	flash	
2026-09-03T21:35:00	1.028	31	30.1667	60.0	62.0	38.0	36.6	180.0	62.0	39.4	36.6	flash	
2026-09-03T21:35:30	0.464	14	30.1667	20.0	28.0	38.0	36.5	120.0	64.0	39.0	36.7	flash	
2026-09-03T21:36:00	0.994	30	30.1667	100.0	60.0	39.4	36.8	120.0	60.0	39.8	36.9	flash	
2026-09-03T21:36:30	0.857	25	29.1611	160.0	50.0	39.4	36.9	160.0	60.0	39.4	36.9	flash	
2026-09-03T21:37:00	0.630	19	30.1667	20.0	38.0	38.8	36.9	240.0	54.0	38.8	36.9	flash	
2026-09-03T21:37:30	0.464	14	30.1667	0.0	28.0	38.2	36.8	120.0	58.0	39.4	37.0	flash	
2026-09-03T21:38:00	1.260	38	30.1667	120.0	76.0	42.0	37.2	160.0	76.0	42.6	37.2	flash	
2026-09-03T21:38:30	0.762	23	30.1667	20.0	46.0	44.0	37.3	140.0	82.0	44.2	37.4	flash	
2026-09-03T21:39:00	0.663	20	30.1667	0.0	40.0	44.8	37.4	160.0	54.0	45.2	37.5	flash	
2026-09-03T21:39:30	0.652	19	29.1611	20.0	38.0	46.6	37.6	160.0	50.0	46.6	37.6	flash	
2026-09-03T21:40:00	0.398	12	30.1667	60.0	24.0	42.8	37.5	60.0	42.0	46.8	37.6	flash	
2026-09-03T21:40:30	0.497	15	30.1667	20.0	30.0	43.0	37.4	120.0	34.0	43.4	37.5	flash	
2026-09-03T21:41:00	0.729	22	30.1667	0.0	44.0	41.4	37.4	160.0	50.0	43.4	37.6	flash	
2026-09-03T21:41:30	0.497	15	30.1667	20.0	30.0	39.4	37.3	100.0	44.0	42.0	37.4	flash	
2026-09-03T21:42:00	0.232	7	30.1667	60.0	14.0	37.0	37.1	60.0	30.0	39.4	37.2	flash	
2026-09-03T21:42:30	0.617	18	29.1611	40.0	36.0	37.8	37.1	140.0	40.0	37.8	37.1	flash	
2026-09-03T21:43:00	0.597	18	30.1667	20.0	36.0	34.8	37.3	140.0	50.0	39.2	37.4	flash	
2026-09-03T21:43:30	0.796	24	30.1667	60.0	48.0	34.2	37.4	120.0	50.0	34.2	37.4	flash	
2026-09-03T21:44:00	0.530	16	30.1667	60.0	32.0	33.2	37.3	140.0	52.0	34.6	37.4	flash	
2026-09-03T21:44:30	0.729	22	30.1667	20.0	44.0	33.8	37.4	200.0	62.0	35.4	37.6	flash	
2026-09-03T21:45:00	0.895	27	30.1667	40.0	54.0	36.8	37.5	160.0	56.0	37.0	37.5	flash	
2026-09-03T21:45:30	0.446	13	29.1611	0.0	26.0	36.6	37.3	160.0	54.0	37.2	37.5	flash	
2026-09-03T21:46:00	0.663	20	30.1667	100.0	40.0	36.0	37.3	120.0	42.0	36.6	37.4	flash	
2026-09-03T21:46:30	0.530	16	30.1667	20.0	32.0	36.2	37.2	120.0	54.0	37.0	37.3	flash	
2026-09-03T21:47:00	0.729	22	30.1667	140.0	44.0	39.2	37.2	140.0	44.0	39.2	37.2	flash	
2026-09-03T21:47:30	0.464	14	30.1667	40.0	28.0	38.4	37.0	120.0	50.0	40.0	37.3	flash	
2026-09-03T21:48:00	0.994	30	30.1667	40.0	60.0	40.8	37.1	300.0	62.0	40.8	37.1	flash	
2026-09-03T21:48:30	0.549	16	29.1611	40.0	34.0	39.6	37.1	80.0	68.0	41.4	37.2	flash	
2026-09-03T21:49:00	0.497	15	30.1667	0.0	30.0	39.2	37.0	140.0	38.0	40.8	37.2	flash	
2026-09-03T21:49:30	0.762	23	30.1667	0.0	46.0	39.2	37.3	160.0	46.0	41.0	37.3	flash	
2026-09-03T21:50:00	0.597	18	30.1667	0.0	36.0	37.4	37.3	100.0	58.0	40.0	37.4	flash	
2026-09-03T21:50:30	0.431	13	30.1667	40.0	26.0	37.4	37.1	100.0	36.0	38.6	37.3	flash	
2026-09-03T21:51:00	0.597	18	30.1667	40.0	36.0	37.0	37.2	120.0	40.0	38.0	37.2	flash	
2026-09-03T21:51:30	0.309	9	29.1611	0.0	18.0	35.6	36.8	60.0	36.0	36.8	37.2	flash	
2026-09-03T21:52:00	0.928	28	30.1667	40.0	56.0	37.4	37.0	160.0	56.0	38.0	37.0	flash	
2026-09-03T21:52:30	0.464	14	30.1667	40.0	28.0	36.8	37.2	120.0	58.0	37.2	37.2	flash	
2026-09-03T21:53:00	0.464	14	30.1667	60.0	28.0	33.8	37.1	140.0	32.0	36.8	37.2	flash	
2026-09-03T21:53:30	0.862	26	30.1667	100.0	52.0	35.6	37.1	180.0	52.0	35.8	37.2	flash	
2026-09-03T21:54:00	0.464	14	30.1667	100.0	28.0	35.4	37.1	100.0	50.0	35.6	37.2	flash	
2026-09-03T21:54:30	0.514	15	29.1611	20.0	40.0	33.8	37.0	120.0	40.0	36.2	37.2	flash	
2026-09-03T21:55:00	0.663	20	30.1667	40.0	40.0	34.2	37.0	80.0	46.0	34.8	37.1	flash	
2026-09-03T21:55:30	0.829	25	30.1667	20.0	50.0	37.0	37.1	160.0	58.0	37.2	37.3	flash	
2026-09-03T21:56:00	0.597	18	30.1667	0.0	36.0	36.6	37.2	200.0	46.0	37.8	37.3	flash	
2026-09-03T21:56:30	0.232	7	30.1667	20.0	14.0	36.2	37.0	60.0	36.0	37.0	37.2	flash	
2026-09-03T21:57:00	0.796	24	30.1667	20.0	48.0	35.4	37.1	240.0	50.0	36.4	37.2	flash	
2026-09-03T21:57:30	0.446	13	29.1611	0.0	26.0	35.2	37.1	80.0	60.0	36.6	37.2	flash	
2026-09-03T21:58:00	0.497	15	30.1667	60.0	30.0	35.4	37.1	100.0	30.0	36.4	37.2	flash	
2026-09-03T21:58:30	0.530	16	30.1667	0.0	32.0	33.4	37.2	140.0	44.0	36.0	37.3	flash	
2026-09-03T21:59:00	0.928	28	30.1667	0.0	56.0	37.2	37.5	140.0	56.0	37.2	37.5	flash	
2026-09-03T21:59:30	0.464	14	30.1667	20.0	28.0	36.0	37.3	80.0	58.0	36.8	37.5	flash	
2026-09-03T22:00:00	0.862	26	30.1667	40.0	52.0	37.2	37.3	120.0	54.0	37.4	37.5	flash	
2026-09-03T22:00:30	0.343	10	29.1611	60.0	20.0	34.4	37.3	140.0	52.0	36.8	37.4	flash	
2026-09-03T22:01:00	0.729	22	30.1667	100.0	44.0	35.0	37.1	100.0	44.0	35.6	37.3	flash	
2026-09-03T22:01:30	0.729	22	30.1667	60.0	44.0	38.0	37.2	120.0	48.0	38.0	37.2	flash	
2026-09-03T22:02:00	0.298	9	30.1667	40.0	18.0	35.0	36.8	80.0	48.0	38.6	37.2	flash	
2026-09-03T22:02:30	0.431	13	30.1667	20.0	26.0	35.0	36.8	80.0	28.0	35.4	36.9	flash	
2026-09-03T22:03:00	0.331	10	30.1667	80.0	20.0	34.0	36.7	140.0	26.0	35.2	36.8	flash	
2026-09-03T22:03:30	0.862	26	30.1667	120.0	52.0	36.0	37.0	120.0	52.0	36.0	37.0	flash	
2026-09-03T22:04:00	0.789	23	29.1611	120.0	58.0	35.0	37.0	160.0	58.0	37.0	37.1	flash	
2026-09-03T22:04:30	0.862	26	30.1667	120.0	52.0	37.4	37.2	160.0	60.0	38.0	37.2	flash	
2026-09-03T22:05:00	0.431	13	30.1667	0.0	26.0	34.8	37.1	100.0	50.0	38.0	37.2	flash	
2026-09-03T22:05:30	0.994	30	30.1667	0.0	60.0	38.8	37.3	140.0	62.0	39.4	37.3	flash	
2026-09-03T22:06:00	0.762	23	30.1667	120.0	46.0	39.0	37.4	160.0	62.0	39.6	37.5	flash	
2026-09-03T22:06:30	0.580	7	12.0667	20.0	42.0	39.4	37.4	60.0	46.0	39.6	37.5	flash	
2026-09-03T23:07:00	0.884	8	9.05	80.0				80.0				flash	
2026-09-03T23:07:30	0.464	14	30.1667	40.0	28.0			80.0	32.0			flash	
2026-09-03T23:08:00	0.895	27	30.1667	80.0	54.0			120.0	54.0			flash	
2026-09-03T23:08:30	0.597	18	30.1667	0.0	36.0			120.0	54.0			flash	
2026-09-03T23:09:00	0.663	20	30.1667	60.0	40.0			120.0	40.0			flash	
2026-09-03T23:09:30	1.028	31	30.1667	0.0	62.0			320.0	68.0			flash	
2026-09-03T23:10:00	0.617	18	29.1611	120.0	36.0			140.0	66.0			flash	
2026-09-03T23:10:30	0.564	17	30.1667	0.0	34.0			160.0	46.0			flash	
2026-09-03T23:11:00	0.663	20	30.1667	160.0	40.0			160.0	44.0			flash	
2026-09-03T23:11:30	0.961	29	30.1667	40.0	58.0			140.0	70.0			flash	
2026-09-03T23:12:00	0.331	10	30.1667	20.0	20.0	40.8		60.0	54.0	42.0		flash	
2026-09-03T23:12:30	0.663	20	30.1667	0.0	40.0	42.0		120.0	42.0	42.6		flash	
2026-09-03T23:13:00	0.583	17	29.1611	0.0	34.0	40.4		120.0	50.0	42.2		flash	
2026-09-03T23:13:30	0.497	15	30.1667	20.0	30.0	39.4		100.0	38.0	40.4		flash	
2026-09-03T23:14:00	0.497	15	30.1667	0.0	30.0	38.8		100.0	40.0	40.4		flash	
2026-09-03T23:14:30	0.862	26	30.1667	0.0	52.0	37.4		200.0	52.0	39.0		flash	
2026-09-03T23:15:00	0.365	11	30.1667	60.0	22.0	36.0		80.0	52.0	37.4		flash	
2026-09-03T23:15:30	0.564	17	30.1667	40.0	34.0	36.0		140.0	40.0	36.6		flash	
2026-09-03T23:16:00	0.755	22	29.1278	40.0	44.0	36.8		180.0	56.0	37.8		flash	
2026-09-03T23:16:30	0.933	28	30	40.0	56.0	36.2		220.0	62.0	37.2		flash	
2026-09-03T23:17:00	0.600	18	30	0.0	36.0	37.8		120.0	66.0	38.0		flash	
2026-09-03T23:17:30	0.700	21	30	40.0	42.0	38.0		120.0	42.0	39.0		flash	
2026-09-03T23:18:00	0.767	23	30	20.0	46.0	39.2		140.0	58.0	39.2		flash	
2026-09-03T23:18:30	0.600	18	30	20.0	36.0	39.8		120.0	62.0	40.6		flash	
2026-09-03T23:19:00	0.466	14	30.0333	40.0	28.0	39.6		80.0	34.0	40.0		flash	
2026-09-03T23:19:30	0.862	26	30.1667	60.0	52.0	39.6		140.0	54.0	40.6		flash	
2026-09-03T23:20:00	0.564	17	30.1667	20.0	34.0	41.4		120.0	52.0	41.8		flash	
2026-09-03T23:20:30	0.597	18	30.1667	20.0	36.0	41.0		100.0	40.0	42.2		flash	
2026-09-03T23:21:00	0.729	22	30.1667	0.0	44.0	41.0		140.0	46.0	41.6		flash	
2026-09-03T23:21:30	0.829	25	30.1667	20.0	50.0	40.4		160.0	56.0	42.0		flash	
2026-09-03T23:22:00	0.309	9	29.1611	20.0	20.0	38.6		40.0	50.0	40.4		flash	
2026-09-03T23:22:30	0.398	12	30.1667	0.0	24.0	36.8		100.0	26.0	38.6		flash	
2026-09-03T23:23:00	0.663	20	30.1667	40.0	40.0	36.2		120.0	40.0	37.6		flash	
2026-09-03T23:23:30	0.729	22	30.1667	80.0	44.0	37.0		160.0	56.0	37.0		flash	
2026-09-03T23:24:00	0.530	16	30.1667	160.0	32.0	37.4		160.0	46.0	37.8		flash	
2026-09-03T23:24:30	0.796	24	30.1667	40.0	48.0	37.0		180.0	60.0	38.0		flash	
2026-09-03T23:25:00	0.617	18	29.1611	20.0	38.0	37.4		80.0	56.0	37.6		flash	
2026-09-03T23:25:30	0.497	15	30.1667	20.0	30.0	36.6		100.0	36.0	37.2		flash	
2026-09-03T23:26:00	0.762	23	30.1667	140.0	46.0	36.8		140.0	46.0	37.4		flash	
2026-09-03T23:26:30	0.564	17	30.1667	40.0	34.0	35.4		120.0	52.0	36.8		flash	
2026-09-03T23:27:00	0.464	14	30.1667	0.0	28.0	36.2		80.0	40.0	36.4		flash	
2026-09-03T23:27:30	0.862	26	30.1667	20.0	52.0	39.0		140.0	56.0	39.4		flash	
2026-09-03T23:28:00	0.652	19	29.1611	20.0	38.0	38.8		80.0	48.0	40.0		flash	
2026-09-03T23:28:30	0.464	14	30.1667	0.0	28.0	37.4		100.0	44.0	39.0		flash	
2026-09-03T23:29:00	0.464	14	30.1667	0.0	28.0	37.4		80.0	28.0	38.6		flash	
2026-09-03T23:29:30	0.431	13	30.1667	20.0	26.0	34.8		160.0	28.0	36.8		flash	
2026-09-03T23:30:00	0.663	20	30.1667	0.0	40.0	35.0		200.0	54.0	36.0		flash	
2026-09-03T23:30:30	0.630	19	30.1667	0.0	38.0	35.8		180.0	40.0	36.0		flash	
2026-09-03T23:31:00	0.720	21	29.1611	80.0	42.0	36.4		80.0	52.0	36.8		flash	
2026-09-03T23:31:30	0.597	18	30.1667	40.0	36.0	35.8		120.0	48.0	36.6		flash	
2026-09-03T23:32:00	0.166	5	30.1667	0.0	10.0	33.8		40.0	34.0	35.6		flash	
2026-09-03T23:32:30	0.729	22	30.1667	20.0	44.0	33.0		120.0	44.0	33.8		flash	
2026-09-03T23:33:00	0.431	13	30.1667	0.0	26.0	31.8		120.0	48.0	33.8		flash	
2026-09-03T23:33:30	0.663	20	30.1667	100.0	40.0	33.0		180.0	40.0	33.0		flash	
2026-09-03T23:34:00	0.446	13	29.1611	0.0	26.0	32.8		100.0	44.0	33.0		flash	
2026-09-03T23:34:30	0.630	19	30.1667	40.0	38.0	34.0		140.0	40.0	34.6		flash	
2026-09-03T23:35:00	0.232	7	30.1667	120.0	14.0	31.4		120.0	38.0	34.0		flash	
2026-09-03T23:35:30	0.829	25	30.1667	0.0	50.0	32.6		200.0	64.0	34.4		flash	
2026-09-03T23:36:00	0.431	13	30.1667	20.0	26.0	31.0		160.0	58.0	34.0		flash	
2026-09-03T23:36:30	0.564	17	30.1667	20.0	34.0	30.8		180.0	36.0	31.4		flash	
2026-09-03T23:37:00	0.446	13	29.1611	80.0	26.0	32.4		160.0	36.0	32.4		flash	
2026-09-03T23:37:30	1.067	32	30	0.0	64.0	34.4		180.0	84.0	35.4		flash	
2026-09-03T23:38:00	0.900	27	30	100.0	54.0	37.2		120.0	64.0	37.2		flash	
2026-09-03T23:38:30	0.767	23	30	20.0	46.0	37.8		220.0	82.0	40.0		flash	
2026-09-03T23:39:00	0.467	14	30	0.0	28.0	38.0		100.0	44.0	38.6		flash	
2026-09-03T23:39:30	1.133	34	30	80.0	68.0	41.2		200.0	68.0	41.2		flash	
2026-09-03T23:40:00	0.267	8	30	0.0	16.0	41.6		80.0	72.0	42.6		flash	
2026-09-03T23:40:30	0.962	29	30.1611	60.0	58.0	42.0		220.0	58.0	43.0		flash	
2026-09-03T23:41:00	0.663	20	30.1667	120.0	40.0	43.4		120.0	62.0	43.4		flash	
2026-09-03T23:41:30	0.530	16	30.1667	20.0	32.0	43.2		100.0	50.0	45.2		flash	
2026-09-03T23:42:00	0.729	22	30.1667	40.0	44.0	45.0		100.0	44.0	46.8		flash	
2026-09-03T23:42:30	0.464	14	30.1667	20.0	28.0	41.4		100.0	44.0	45.0		flash	
2026-09-03T23:43:00	0.431	13	30.1667	60.0	26.0	38.6		100.0	28.0	41.4		flash	
2026-09-03T23:43:30	0.480	14	29.1611	0.0	28.0	36.8		120.0	40.0	38.4		flash	
2026-09-03T23:44:00	0.331	10	30.1667	20.0	20.0	36.0		60.0	32.0	37.0		flash	
2026-09-03T23:44:30	0.994	30	30.1667	100.0	60.0	35.2		260.0	60.0	37.4		flash	
2026-09-03T23:45:00	0.464	14	30.1667	0.0	28.0	36.4		180.0	64.0	36.4		flash	
2026-09-03T23:45:30	0.398	12	30.1667	0.0	24.0	33.0		60.0	36.0	36.4		flash	
2026-09-03T23:46:00	0.829	25	30.1667	80.0	50.0	34.0		180.0	50.0	34.4		flash	
2026-09-03T23:46:30	0.343	10	29.1611	40.0	20.0	32.8		60.0	56.0	34.8		flash	
2026-09-03T23:47:00	0.696	21	30.1667	60.0	42.0	32.8		120.0	44.0	33.2		flash	
2026-09-03T23:47:30	0.597	18	30.1667	60.0	36.0	33.6		180.0	60.0	34.6		flash	
2026-09-03T23:48:00	0.961	29	30.1667	160.0	58.0	36.6		160.0	60.0	36.8		flash	
2026-09-03T23:48:30	0.365	11	30.1667	20.0	22.0	36.0		160.0	56.0	37.4		flash	
2026-09-03T23:49:00	0.398	12	30.1667	40.0	24.0	36.4		100.0	26.0	36.4		flash	
2026-09-03T23:49:30	0.823	24	29.1611	80.0	48.0	36.2		120.0	48.0	37.6		flash	
2026-09-03T23:50:00	0.331	10	30.1667	0.0	20.0	34.4		100.0	52.0	36.4		flash	
2026-09-03T23:50:30	1.028	31	30.1667	0.0	62.0	38.2		180.0	62.0	38.8		flash	
2026-09-03T23:51:00	0.431	13	30.1667	40.0	26.0	35.8		160.0	62.0	38.2		flash	
2026-09-03T23:51:30	0.564	17	30.1667	100.0	34.0	37.2		140.0	34.0	37.2		flash	
2026-09-03T23:52:00	0.663	20	30.1667	0.0	40.0	37.0		120.0	60.0	38.0		flash	
2026-09-03T23:52:30	0.412	12	29.1611	40.0	24.0	36.2		80.0	48.0	37.2		flash	
2026-09-03T23:53:00	0.497	15	30.1667	0.0	30.0	33.2		120.0	34.0	36.0		flash	
2026-09-03T23:53:30	0.464	14	30.1667	0.0	28.0	33.8		120.0	38.0	34.0		flash	
2026-09-03T23:54:00	0.431	13	30.1667	20.0	26.0	33.8		120.0	40.0	34.8		flash	
2026-09-03T23:54:30	0.597	18	30.1667	20.0	36.0	32.6		180.0	40.0	36.0		flash	
2026-09-03T23:55:00	0.597	18	30.1667	20.0	36.0	34.2		140.0	38.0	34.2		flash	
2026-09-03T23:55:30	0.758	22	29.0278	0.0	44.0	32.4		100.0	46.0	34.4		flash	
2026-09-03T23:56:00	0.533	16	30	0.0	32.0	33.0		140.0	44.0	33.4		flash	
2026-09-03T23:56:30	0.633	19	30	140.0	38.0	34.4		140.0	54.0	34.6		flash	
2026-09-03T23:57:00	0.533	16	30	40.0	32.0	32.6	36.7	100.0	42.0	34.0	36.7	flash	
2026-09-03T23:57:30	0.667	20	30	20.0	40.0	34.2	36.8	100.0	46.0	34.6	36.9	flash	
2026-09-03T23:58:00	0.567	17	30	40.0	34.0	34.6	36.6	100.0	46.0	35.4	36.8	flash	
2026-09-03T23:58:30	0.564	17	30.1333	0.0	34.0	35.2	36.6	140.0	46.0	36.6	36.7	flash	
2026-09-03T23:59:00	0.464	14	30.1667	20.0	28.0	35.4	36.5	120.0	34.0	36.2	36.7	flash	
2026-09-03T23:59:30	0.564	17	30.1667	20.0	34.0	35.2	36.2	140.0	48.0	36.0	36.5	flash	
2026-09-04T00:00:00	0.961	29	30.1667	60.0	58.0	37.4	36.4	240.0	58.0	37.8	36.5	flash	
2026-09-04T00:00:30	0.696	21	30.1667	60.0	42.0	37.2	36.5	120.0	64.0	38.0	36.5	flash	
2026-09-04T00:01:00	0.431	13	30.1667	80.0	26.0	36.6	36.3	160.0	42.0	38.8	36.5	flash	
2026-09-04T00:01:30	0.617	18	29.1611	0.0	36.0	36.4	36.1	120.0	44.0	37.8	36.4	flash	
2026-09-04T00:02:00	0.663	20	30.1667	80.0	40.0	37.2	36.3	120.0	40.0	37.8	36.3	flash	
2026-09-04T00:02:30	0.497	15	30.1667	0.0	30.0	36.2	36.2	120.0	40.0	36.6	36.3	flash	
2026-09-04T00:03:00	0.464	14	30.1667	80.0	28.0	35.6	36.2	80.0	42.0	36.2	36.2	flash	
2026-09-04T00:03:30	0.862	26	30.1667	80.0	52.0	37.4	36.4	180.0	60.0	37.4	36.4	flash	
2026-09-04T00:04:00	0.829	25	30.1667	120.0	50.0	39.6	36.6	140.0	52.0	39.6	36.6	flash	
2026-09-04T00:04:30	0.412	12	29.1611	0.0	26.0	38.6	36.3	180.0	64.0	41.0	36.7	flash	
2026-09-04T00:05:00	0.597	18	30.1667	40.0	36.0	36.4	36.5	80.0	36.0	39.8	36.5	flash	
2026-09-04T00:05:30	0.066	2	30.1667	0.0	4.0	32.6	36.1	20.0	36.0	36.6	36.4	flash	
2026-09-04T00:06:00	0.431	13	30.1667	20.0	26.0	32.6	36.0	100.0	26.0	33.6	36.2	flash	
2026-09-04T00:06:30	0.696	21	30.1667	0.0	42.0	33.2	35.8	160.0	52.0	34.0	36.1	flash	
2026-09-04T00:07:00	0.398	12	30.1667	40.0	24.0	31.6	35.7	80.0	42.0	33.4	35.8	flash	
2026-09-04T00:07:30	0.720	21	29.1611	20.0	44.0	32.8	35.7	120.0	44.0	33.4	35.7	flash	
2026-09-04T00:08:00	0.829	25	30.1667	160.0	50.0	35.8	35.7	160.0	54.0	35.8	35.8	flash	
2026-09-04T00:08:30	0.729	22	30.1667	20.0	44.0	34.2	35.8	160.0	62.0	36.0	35.8	flash	
2026-09-04T00:09:00	0.696	21	30.1667	120.0	42.0	33.6	36.0	140.0	52.0	35.6	36.0	flash	
2026-09-04T00:09:30	0.398	12	30.1667	0.0	24.0	33.4	35.7	140.0	40.0	33.8	36.0	flash	
2026-09-04T00:10:00	1.028	31	30.1667	40.0	62.0	36.0	36.0	200.0	62.0	36.2	36.0	flash	
2026-09-04T00:10:30	0.343	10	29.1611	0.0	20.0	37.6	35.8	60.0	52.0	37.6	35.9	flash	
2026-09-04T00:11:00	0.928	28	30.1667	120.0	56.0	40.8	35.9	240.0	56.0	40.8	36.1	flash	
2026-09-04T00:11:30	0.862	26	30.1667	40.0	52.0	41.6	36.0	160.0	60.0	41.6	36.1	flash	
2026-09-04T00:12:00	0.564	17	30.1667	20.0	34.0	42.8	36.1	120.0	62.0	42.8	36.1	flash	
2026-09-04T00:12:30	0.663	20	30.1667	0.0	40.0	42.4	36.3	180.0	46.0	43.4	36.3	flash	
2026-09-04T00:13:00	0.796	24	30.1667	120.0	48.0	42.2	36.3	160.0	54.0	43.8	36.4	flash	
2026-09-04T00:13:30	0.376	11	29.2667	40.0	26.0	40.0	36.1	140.0	52.0	42.8	36.4	flash	
2026-09-04T00:14:00	0.956	29	30.3333	120.0	58.0	42.0	36.4	160.0	58.0	42.0	36.4	flash	
2026-09-04T00:14:30	0.429	13	30.3333	80.0	26.0	41.8	36.2	140.0	58.0	41.8	36.4	flash	
2026-09-04T00:15:00	0.818	24	29.3222	80.0	52.0	40.4	36.3	180.0	56.0	42.4	36.3	flash	
2026-09-04T00:15:30	0.429	13	30.3333	20.0	26.0	41.0	36.2	100.0	48.0	41.0	36.3	flash	
2026-09-04T00:16:00	0.462	14	30.3333	0.0	28.0	38.2	36.1	160.0	34.0	41.0	36.2	flash	
2026-09-04T00:16:30	1.167	34	29.1333	140.0	68.0	39.8	36.4	180.0	68.0	40.2	36.4	flash	
2026-09-04T00:17:00	0.867	26	30	80.0	52.0	41.8	36.6	160.0	74.0	41.8	36.6	flash	
2026-09-04T00:17:30	0.900	27	30	20.0	54.0	43.0	36.7	160.0	78.0	43.8	36.7	flash	
2026-09-04T00:18:00	1.567	47	30	0.0	94.0	48.0	37.2	440.0	110.0	49.6	37.4	flash	
2026-09-04T00:18:30	1.233	37	30	40.0	74.0	53.2	37.7	320.0	96.0	53.2	37.7	flash	
2026-09-04T00:19:00	0.467	14	30	20.0	28.0	50.8	37.7	60.0	78.0	52.8	37.7	flash	
2026-09-04T00:19:30	0.631	19	30.0944	140.0	38.0	51.4	37.8	140.0	38.0	51.4	37.8	flash	
2026-09-04T00:20:00	0.762	23	30.1667	0.0	46.0	50.8	37.9	140.0	68.0	52.0	37.9	flash	
2026-09-04T00:20:30	0.398	12	30.1667	0.0	24.0	50.6	37.7	60.0	52.0	52.0	38.0	flash	
2026-09-04T00:21:00	0.663	20	30.1667	80.0	40.0	51.8	37.7	160.0	40.0	52.4	37.8	flash	
2026-09-04T00:21:30	0.663	20	30.1667	80.0	40.0	49.0	37.7	100.0	58.0	52.6	37.8	flash	
2026-09-04T00:22:00	0.298	9	30.1667	0.0	18.0	45.6	37.8	80.0	40.0	49.6	37.8	flash	
2026-09-04T00:22:30	0.686	20	29.1611	40.0	40.0	44.2	37.8	180.0	40.0	45.6	38.0	flash	
2026-09-04T00:23:00	0.630	19	30.1667	40.0	38.0	38.6	37.9	100.0	50.0	45.2	37.9	flash	
2026-09-04T00:23:30	0.961	29	30.1667	20.0	58.0	37.0	38.1	140.0	64.0	40.8	38.3	flash	
2026-09-04T00:24:00	0.431	13	30.1667	0.0	26.0	36.8	38.1	100.0	62.0	38.2	38.3	flash	
2026-09-04T00:24:30	0.862	26	30.1667	100.0	52.0	38.2	38.2	180.0	52.0	39.6	38.3	flash	
2026-09-04T00:25:00	0.729	22	30.1667	80.0	44.0	38.0	38.5	160.0	58.0	39.4	38.6	flash	
2026-09-04T00:25:30	1.063	31	29.1611	0.0	68.0	41.8	38.6	140.0	70.0	42.0	38.7	flash	
2026-09-04T00:26:00	0.331	10	30.1667	40.0	20.0	39.8	38.6	40.0	66.0	42.8	38.7	flash	
2026-09-04T00:26:30	1.094	33	30.1667	20.0	66.0	42.4	38.9	180.0	70.0	43.2	38.9	flash	
2026-09-04T00:27:00	0.431	13	30.1667	20.0	26.0	43.2	38.9	100.0	66.0	43.4	39.1	flash	
2026-09-04T00:27:30	0.398	12	30.1667	0.0	24.0	41.6	38.5	80.0	28.0	43.2	38.9	flash	
2026-09-04T00:28:00	0.928	28	30.1667	80.0	56.0	43.4	38.5	140.0	56.0	43.6	38.6	flash	
2026-09-04T00:28:30	0.412	12	29.1611	20.0	26.0	40.0	38.3	80.0	56.0	43.8	38.5	flash	
2026-09-04T00:29:00	0.431	13	30.1667	20.0	26.0	40.0	38.3	80.0	30.0	40.6	38.4	flash	
2026-09-04T00:29:30	0.630	19	30.1667	0.0	38.0	38.6	38.0	120.0	42.0	40.8	38.5	flash	
2026-09-04T00:30:00	0.696	21	30.1667	40.0	42.0	39.0	38.2	160.0	46.0	39.8	38.2	flash	
2026-09-04T00:30:30	0.497	15	30.1667	160.0	30.0	35.2	38.0	160.0	42.0	38.8	38.2	flash	
2026-09-04T00:31:00	0.464	14	30.1667	20.0	28.0	36.0	37.8	160.0	42.0	36.2	38.0	flash	
2026-09-04T00:31:30	0.617	18	29.1611	80.0	38.0	33.0	37.9	80.0	38.0	36.6	37.9	flash	
2026-09-04T00:32:00	0.762	23	30.1667	0.0	46.0	35.0	37.9	200.0	58.0	35.6	38.1	flash	
2026-09-04T00:32:30	0.928	28	30.1667	60.0	56.0	38.2	38.2	120.0	56.0	38.2	38.2	flash	
2026-09-04T00:33:00	0.630	19	30.1667	100.0	38.0	36.6	38.3	100.0	58.0	38.6	38.4	flash	
2026-09-04T00:33:30	0.497	15	30.1667	40.0	30.0	37.0	38.3	80.0	42.0	37.2	38.4	flash	
2026-09-04T00:34:00	0.331	10	30.1667	0.0	20.0	36.4	38.3	40.0	28.0	37.0	38.4	flash	
2026-09-04T00:34:30	0.789	23	29.1611	20.0	46.0	37.2	38.3	180.0	46.0	37.6	38.5	flash	
2026-09-04T00:35:00	0.796	24	30.1667	60.0	48.0	37.8	38.4	120.0	50.0	37.8	38.4	flash	
2026-09-04T00:35:30	0.630	19	30.1667	40.0	38.0	39.4	38.5	140.0	52.0	40.0	38.6	flash	
2026-09-04T00:36:00	0.431	13	30.1667	20.0	26.0	38.6	38.3	100.0	40.0	38.8	38.6	flash	
2026-09-04T00:36:30	0.696	21	30.1667	20.0	42.0	39.0	38.5	260.0	46.0	40.2	38.5	flash	
2026-09-04T00:37:00	0.431	13	30.1667	0.0	26.0	37.0	38.3	80.0	44.0	39.0	38.5	flash	
2026-09-04T00:37:30	0.720	21	29.1611	40.0	42.0	36.0	38.4	200.0	42.0	37.2	38.4	flash	
2026-09-04T00:38:00	0.298	9	30.1667	40.0	18.0	33.6	38.0	100.0	42.0	35.6	38.4	flash	
2026-09-04T00:38:30	0.464	14	30.1667	0.0	28.0	33.4	38.1	100.0	38.0	34.2	38.1	flash	
2026-09-04T00:39:00	0.431	13	30.1667	40.0	26.0	34.0	38.1	100.0	28.0	34.0	38.2	flash	
2026-09-04T00:39:30	1.160	35	30.1667	40.0	70.0	36.4	38.3	300.0	70.0	37.2	38.4	flash	
2026-09-04T00:40:00	0.630	19	30.1667	20.0	38.0	35.4	38.5	100.0	76.0	37.2	38.5	flash	
2026-09-04T00:40:30	0.514	15	29.1611	0.0	32.0	34.6	38.2	100.0	44.0	35.4	38.5	flash	
2026-09-04T00:41:00	0.431	13	30.1667	40.0	26.0	34.6	38.2	80.0	38.0	35.4	38.3	flash	
2026-09-04T00:41:30	0.928	28	30.1667	20.0	56.0	36.0	38.5	160.0	60.0	36.4	38.5	flash	
2026-09-04T00:42:00	0.564	17	30.1667	40.0	34.0	36.8	38.3	120.0	60.0	36.8	38.4	flash	
2026-09-04T00:42:30	0.365	11	30.1667	80.0	22.0	34.8	38.3	80.0	34.0	37.2	38.3	flash	
2026-09-04T00:43:00	0.431	13	30.1667	0.0	26.0	35.6	38.3	80.0	38.0	36.6	38.4	flash	
2026-09-04T00:43:30	1.989	2	1.00556	40.0	30.0	36.0	38.3	40.0	30.0	36.0	38.3	flash	
2026-09-04T02:08:00	1.187	18	15.1667	0.0				160.0				flash	
2026-09-04T02:08:30	0.725	22	30.3333	20.0	44.0			120.0	62.0			flash	
2026-09-04T02:09:00	0.758	23	30.3333	100.0	46.0			140.0	46.0			flash	
2026-09-04T02:09:30	0.887	26	29.3222	0.0	54.0			160.0	62.0			flash	
2026-09-04T02:10:00	0.659	20	30.3333	40.0	40.0			200.0	52.0			flash	
2026-09-04T02:10:30	0.659	20	30.3333	40.0	40.0			120.0	48.0			flash	
2026-09-04T02:11:00	0.786	23	29.25	60.0	46.0			140.0	50.0			flash	
2026-09-04T02:11:30	0.895	27	30.1667	140.0	54.0			180.0	60.0			flash	
2026-09-04T02:12:00	0.398	12	30.1667	20.0	24.0			60.0	54.0			flash	
2026-09-04T02:12:30	0.597	18	30.1667	20.0	36.0			120.0	36.0			flash	
2026-09-04T02:13:00	0.796	24	30.1667	80.0	48.0	43.0		120.0	50.0	44.0		flash	
2026-09-04T02:13:30	0.696	21	30.1667	0.0	42.0	42.8		160.0	52.0	43.2		flash	
2026-09-04T02:14:00	0.446	13	29.1611	40.0	26.0	41.0		80.0	46.0	43.6		flash	
2026-09-04T02:14:30	0.564	17	30.1667	0.0	34.0	39.0		120.0	38.0	41.2		flash	
2026-09-04T02:15:00	0.895	27	30.1667	40.0	54.0	40.8		120.0	60.0	42.0		flash	
2026-09-04T02:15:30	0.497	15	30.1667	0.0	30.0	39.4		160.0	52.0	41.0		flash	
2026-09-04T02:16:00	0.331	10	30.1667	0.0	20.0	36.8		80.0	34.0	39.4		flash	
2026-09-04T02:16:30	0.431	13	30.1667	80.0	26.0	34.0		100.0	26.0	36.8		flash	
2026-09-04T02:17:00	0.790	23	29.1	0.0	48.0	36.2		100.0	62.0	36.6		flash	
2026-09-04T02:17:30	0.267	8	30	40.0	16.0	34.2		60.0	48.0	36.4		flash	
2026-09-04T02:18:00	0.333	10	30	0.0	20.0	31.4		80.0	30.0	34.2		flash	
2026-09-04T02:18:30	0.633	19	30	40.0	38.0	31.0		100.0	38.0	31.6		flash	
2026-09-04T02:19:00	0.833	25	30	0.0	50.0	33.8		120.0	60.0	34.0		flash	
2026-09-04T02:19:30	0.567	17	30	0.0	34.0	33.4		120.0	48.0	34.8		flash	
2026-09-04T02:20:00	0.599	18	30.0611	20.0	36.0	31.6		120.0	44.0	33.4		flash	
2026-09-04T02:20:30	0.564	17	30.1667	0.0	34.0	32.0		180.0	44.0	32.6		flash	
2026-09-04T02:21:00	0.464	14	30.1667	40.0	28.0	32.8		100.0	38.0	32.8		flash	
2026-09-04T02:21:30	0.729	22	30.1667	0.0	44.0	34.8		180.0	48.0	36.0		flash	
2026-09-04T02:22:00	0.398	12	30.1667	0.0	24.0	32.4		100.0	48.0	34.6		flash	
2026-09-04T02:22:30	0.762	23	30.1667	0.0	46.0	35.4		140.0	46.0	36.0		flash	
2026-09-04T02:23:00	0.171	5	29.1611	0.0	10.0	34.4		40.0	46.0	35.6		flash	
2026-09-04T02:23:30	0.895	27	30.1667	40.0	54.0	36.0		140.0	54.0	36.6		flash	
2026-09-04T02:24:00	0.530	16	30.1667	40.0	32.0	34.2		160.0	50.0	36.2		flash	
2026-09-04T02:24:30	0.265	8	30.1667	20.0	16.0	32.4		60.0	34.0	34.8		flash	
2026-09-04T02:25:00	0.630	19	30.1667	40.0	38.0	32.6		140.0	40.0	33.6		flash	
2026-09-04T02:25:30	0.630	19	30.1667	20.0	38.0	33.0		120.0	40.0	33.8		flash	
2026-09-04T02:26:00	0.309	9	29.1611	0.0	18.0	32.0		80.0	42.0	33.4		flash	
2026-09-04T02:26:30	0.630	19	30.1667	20.0	38.0	31.4		120.0	38.0	32.2		flash	
2026-09-04T02:27:00	0.497	15	30.1667	0.0	30.0	32.0		100.0	46.0	32.4		flash	
2026-09-04T02:27:30	0.762	23	30.1667	20.0	46.0	32.0		140.0	46.0	33.2		flash	
2026-09-04T02:28:00	0.497	15	30.1667	20.0	30.0	34.0		140.0	48.0	34.0		flash	
2026-09-04T02:28:30	0.497	15	30.1667	40.0	30.0	31.6		100.0	40.0	33.4		flash	
2026-09-04T02:29:00	0.789	23	29.1611	20.0	48.0	33.0		220.0	56.0	33.2		flash	
2026-09-04T02:29:30	0.663	20	30.1667	20.0	40.0	35.6		180.0	46.0	35.6		flash	
2026-09-04T02:30:00	0.530	16	30.1667	20.0	32.0	34.8		100.0	50.0	35.6		flash	
2026-09-04T02:30:30	0.530	16	30.1667	0.0	32.0	34.2		120.0	42.0	35.6		flash	
2026-09-04T02:31:00	0.564	17	30.1667	20.0	34.0	35.8		100.0	34.0	35.8		flash	
2026-09-04T02:31:30	0.365	11	30.1667	80.0	22.0	34.2		80.0	34.0	35.6		flash	
2026-09-04T02:32:00	0.549	16	29.1611	20.0	32.0	34.4		140.0	38.0	34.4		flash	
2026-09-04T02:32:30	0.464	14	30.1667	60.0	28.0	32.6		120.0	48.0	35.0		flash	
2026-09-04T02:33:00	0.696	21	30.1667	60.0	42.0	33.8		180.0	46.0	34.8		flash	
2026-09-04T02:33:30	0.497	15	30.1667	0.0	30.0	34.0		120.0	42.0	35.2		flash	
2026-09-04T02:34:00	0.862	26	30.1667	20.0	52.0	34.4		140.0	52.0	36.4		flash	
2026-09-04T02:34:30	0.497	15	30.1667	60.0	30.0	33.4		80.0	52.0	34.6		flash	
2026-09-04T02:35:00	0.994	29	29.1611	40.0	60.0	36.2		180.0	62.0	36.2		flash	
2026-09-04T02:35:30	0.398	12	30.1667	0.0	24.0	35.2		140.0	58.0	36.0		flash	
2026-09-04T02:36:00	0.597	18	30.1667	0.0	36.0	35.6		80.0	48.0	36.6		flash	
2026-09-04T02:36:30	0.663	20	30.1667	60.0	40.0	37.2		180.0	42.0	37.6		flash	
2026-09-04T02:37:00	0.530	16	30.1667	20.0	32.0	37.2		160.0	54.0	39.2		flash	
2026-09-04T02:37:30	0.431	13	30.1667	20.0	26.0	37.0		100.0	32.0	37.8		flash	
2026-09-04T02:38:00	1.201	35	29.1333	100.0	70.0	40.0		240.0	70.0	40.0		flash	
2026-09-04T02:38:30	0.667	20	30	80.0	40.0	40.8		180.0	78.0	41.0		flash	
2026-09-04T02:39:00	0.533	16	30	20.0	32.0	38.8		100.0	46.0	41.2		flash	
2026-09-04T02:39:30	0.367	11	30	20.0	22.0	38.2		80.0	32.0	38.8		flash	
2026-09-04T02:40:00	0.600	18	30	20.0	36.0	36.0		100.0	40.0	39.0		flash	
2026-09-04T02:40:30	0.700	21	30	40.0	42.0	37.6		120.0	44.0	38.6		flash	
2026-09-04T02:41:00	0.667	20	30	60.0	40.0	38.0		120.0	52.0	39.0		flash	
2026-09-04T02:41:30	0.600	18	30	20.0	36.0	37.6		120.0	42.0	39.0		flash	
2026-09-04T02:42:00	0.800	24	30	40.0	48.0	39.4		220.0	48.0	39.4		flash	
2026-09-04T02:42:30	0.233	7	30	20.0	14.0	38.0		100.0	56.0	39.8		flash	
2026-09-04T02:43:00	0.567	17	30	0.0	34.0	34.4		160.0	36.0	38.4		flash	
2026-09-04T02:43:30	0.367	11	30	40.0	22.0	32.6		120.0	38.0	34.6		flash	
2026-09-04T02:44:00	0.466	14	30.0444	0.0	28.0	32.2		120.0	34.0	33.4		flash	
2026-09-04T02:44:30	1.187	36	30.3333	180.0	72.0	37.2		240.0	72.0	37.2		flash	
2026-09-04T02:45:00	0.363	11	30.3333	20.0	22.0	35.8		140.0	74.0	36.4		flash	
2026-09-04T02:45:30	0.375	11	29.3222	20.0	24.0	33.8		100.0	30.0	35.8		flash	
2026-09-04T02:46:00	1.088	33	30.3333	20.0	66.0	36.4		220.0	68.0	37.4		flash	
2026-09-04T02:46:30	0.396	12	30.3333	40.0	24.0	35.2		60.0	68.0	36.2		flash	
2026-09-04T02:47:00	0.546	16	29.3	60.0	36.0	33.6		80.0	38.0	36.2		flash	
2026-09-04T02:47:30	0.633	19	30	20.0	38.0	36.0		120.0	44.0	36.2		flash	
2026-09-04T02:48:00	0.600	18	30	60.0	36.0	36.2		100.0	40.0	36.4		flash	
2026-09-04T02:48:30	0.467	14	30	0.0	28.0	36.8		160.0	44.0	37.2		flash	
2026-09-04T02:49:00	0.567	17	30	20.0	34.0	37.4		80.0	40.0	37.4		flash	
2026-09-04T02:49:30	0.400	12	30	0.0	24.0	33.0		120.0	34.0	37.4		flash	
2026-09-04T02:50:00	0.466	14	30.0111	0.0	28.0	33.4		140.0	28.0	33.6		flash	
2026-09-04T02:50:30	0.398	12	30.1667	0.0	24.0	33.4		100.0	36.0	33.8		flash	
2026-09-04T02:51:00	0.928	28	30.1667	140.0	56.0	32.4		140.0	56.0	34.0		flash	
2026-09-04T02:51:30	0.564	17	30.1667	60.0	34.0	33.8		160.0	62.0	33.8		flash	
2026-09-04T02:52:00	0.597	18	30.1667	80.0	36.0	33.8		100.0	36.0	33.8		flash	
2026-09-04T02:52:30	0.497	15	30.1667	20.0	30.0	33.0		120.0	52.0	34.4		flash	
2026-09-04T02:53:00	0.686	20	29.1611	20.0	40.0	33.4		120.0	40.0	34.0		flash	
2026-09-04T02:53:30	0.663	20	30.1667	0.0	40.0	34.6		140.0	58.0	35.2		flash	
2026-09-04T02:54:00	0.497	15	30.1667	40.0	30.0	34.2		100.0	44.0	34.6		flash	
2026-09-04T02:54:30	0.597	18	30.1667	0.0	36.0	35.4		140.0	42.0	35.4		flash	
2026-09-04T02:55:00	0.630	19	30.1667	0.0	38.0	36.4		160.0	42.0	37.6		flash	
2026-09-04T02:55:30	0.431	13	30.1667	0.0	26.0	36.6		100.0	42.0	37.2		flash	
2026-09-04T02:56:00	0.686	20	29.1611	60.0	40.0	35.8		100.0	40.0	37.0		flash	
2026-09-04T02:56:30	0.331	10	30.1667	60.0	20.0	33.6		100.0	42.0	35.2		flash	
2026-09-04T02:57:00	0.663	20	30.1667	20.0	40.0	34.6		120.0	46.0	35.6		flash	
2026-09-04T02:57:30	0.729	22	30.1667	80.0	44.0	35.4		100.0	46.0	35.4		flash	
2026-09-04T02:58:00	0.696	21	30.1667	0.0	42.0	35.6	35.6	240.0	68.0	38.2	35.9	flash	
2026-09-04T02:58:30	0.530	16	30.1667	0.0	32.0	34.8	35.5	140.0	46.0	36.0	35.6	flash	
2026-09-04T02:59:00	0.564	17	30.1667	20.0	34.0	35.2	35.4	160.0	40.0	35.8	35.6	flash	
2026-09-04T02:59:30	0.549	16	29.1611	0.0	32.0	34.8	35.2	140.0	34.0	35.4	35.3	flash	
2026-09-04T03:00:00	0.663	20	30.1667	60.0	40.0	35.0	35.2	120.0	46.0	35.6	35.3	flash	
2026-09-04T03:00:30	0.729	22	30.1667	60.0	44.0	36.8	35.2	100.0	50.0	36.8	35.3	flash	
2026-09-04T03:01:00	0.431	13	30.1667	20.0	26.0	35.4	35.0	80.0	44.0	37.6	35.2	flash	
2026-09-04T03:01:30	0.398	12	30.1667	0.0	24.0	35.8	34.7	80.0	30.0	37.4	35.0	flash	
2026-09-04T03:02:00	0.895	27	30.1667	20.0	54.0	37.2	35.0	140.0	54.0	37.8	35.0	flash	
2026-09-04T03:02:30	0.789	23	29.1611	60.0	46.0	38.0	35.1	220.0	58.0	38.6	35.2	flash	
2026-09-04T03:03:00	0.630	19	30.1667	0.0	38.0	37.0	35.0	100.0	58.0	38.2	35.1	flash	
2026-09-04T03:03:30	0.895	27	30.1667	40.0	54.0	39.2	35.1	200.0	54.0	39.2	35.1	flash	
2026-09-04T03:04:00	0.464	14	30.1667	20.0	28.0	38.6	35.1	100.0	62.0	39.6	35.2	flash	
2026-09-04T03:04:30	0.564	17	30.1667	0.0	34.0	38.8	35.1	120.0	36.0	39.4	35.2	flash	
2026-09-04T03:05:00	0.530	16	30.1667	40.0	32.0	38.0	34.9	80.0	42.0	39.2	35.2	flash	
2026-09-04T03:05:30	0.652	19	29.1611	0.0	38.0	37.4	35.0	120.0	44.0	38.6	35.1	flash	
2026-09-04T03:06:00	0.895	27	30.1667	80.0	54.0	40.2	35.3	280.0	54.0	40.4	35.3	flash	
2026-09-04T03:06:30	0.597	18	30.1667	0.0	36.0	41.4	35.5	100.0	68.0	42.2	35.7	flash	
2026-09-04T03:07:00	0.994	30	30.1667	60.0	60.0	42.0	35.6	240.0	60.0	42.0	35.6	flash	
2026-09-04T03:07:30	0.331	10	30.1667	20.0	20.0	39.4	35.6	120.0	62.0	42.0	35.7	flash	
2026-09-04T03:08:00	0.630	19	30.1667	0.0	38.0	39.4	35.8	120.0	40.0	39.6	35.8	flash	
2026-09-04T03:08:30	0.343	10	29.1611	60.0	20.0	36.2	35.6	80.0	42.0	39.8	35.9	flash	
2026-09-04T03:09:00	0.497	15	30.1667	0.0	30.0	36.4	35.4	100.0	38.0	36.6	35.6	flash	
2026-09-04T03:09:30	0.497	15	30.1667	20.0	30.0	35.8	35.4	140.0	42.0	37.6	35.6	flash	
2026-09-04T03:10:00	0.696	21	30.1667	80.0	42.0	36.8	35.4	120.0	42.0	36.8	35.4	flash	
2026-09-04T03:10:30	0.398	12	30.1667	20.0	24.0	35.4	35.3	140.0	52.0	37.0	35.5	flash	
2026-09-04T03:11:00	0.796	24	30.1667	80.0	48.0	34.8	35.5	140.0	52.0	37.2	35.5	flash	
2026-09-04T03:11:30	0.857	25	29.1611	40.0	52.0	36.2	35.6	140.0	60.0	36.2	35.7	flash	
2026-09-04T03:12:00	0.630	19	30.1667	20.0	38.0	34.0	35.7	120.0	58.0	37.8	35.7	flash	
2026-09-04T03:12:30	0.994	30	30.1667	20.0	60.0	38.2	35.9	180.0	72.0	38.4	36.0	flash	
2026-09-04T03:13:00	0.497	15	30.1667	20.0	30.0	37.2	36.1	80.0	62.0	38.2	36.1	flash	
2026-09-04T03:13:30	0.729	22	30.1667	80.0	44.0	39.6	36.0	180.0	44.0	39.6	36.0	flash	
2026-09-04T03:14:00	0.597	18	30.1667	0.0	36.0	40.2	36.0	160.0	44.0	40.2	36.1	flash	
2026-09-04T03:14:30	0.514	15	29.1611	40.0	30.0	40.2	36.2	100.0	46.0	40.4	36.2	flash	
2026-09-04T03:15:00	0.663	20	30.1667	40.0	40.0	40.2	36.2	120.0	46.0	41.4	36.2	flash	
2026-09-04T03:15:30	0.994	30	30.1667	100.0	60.0	43.6	36.4	200.0	60.0	43.6	36.4	flash	
2026-09-04T03:16:00	0.829	25	30.1667	20.0	50.0	44.0	36.7	140.0	70.0	44.6	36.7	flash	
2026-09-04T03:16:30	0.199	6	30.1667	0.0	12.0	40.0	36.5	40.0	46.0	43.8	36.7	flash	
2026-09-04T03:17:00	0.331	10	30.1667	0.0	20.0	38.2	36.4	60.0	24.0	40.6	36.5	flash	
2026-09-04T03:17:30	0.379	11	29.0333	20.0	22.0	34.4	36.1	120.0	28.0	38.2	36.4	flash	
2026-09-04T03:18:00	0.533	16	30	0.0	32.0	34.6	36.1	100.0	36.0	36.2	36.3	flash	
2026-09-04T03:18:30	0.667	20	30	0.0	40.0	34.8	36.3	140.0	40.0	36.2	36.3	flash	
2026-09-04T03:19:00	0.333	10	30	0.0	20.0	32.6	36.0	80.0	42.0	35.2	36.2	flash	
2026-09-04T03:19:30	0.200	6	30	20.0	12.0	30.8	35.7	40.0	20.0	32.8	36.0	flash	
2026-09-04T03:20:00	0.600	18	30	0.0	36.0	30.4	35.8	220.0	40.0	31.2	35.8	flash	
2026-09-04T03:20:30	0.830	25	30.1278	80.0	50.0	30.0	35.9	180.0	70.0	32.6	36.0	flash	
2026-09-04T03:21:00	0.298	9	30.1667	0.0	18.0	26.2	35.8	60.0	40.0	29.8	36.0	flash	
2026-09-04T03:21:30	0.597	18	30.1667	0.0	36.0	28.6	35.9	120.0	38.0	29.2	36.1	flash	
2026-09-04T03:22:00	0.762	23	30.1667	0.0	46.0	31.2	36.0	220.0	46.0	31.2	36.1	flash	
2026-09-04T03:22:30	0.762	23	30.1667	60.0	46.0	33.6	36.2	180.0	46.0	33.8	36.3	flash	
2026-09-04T03:23:00	0.829	25	30.1667	60.0	50.0	35.4	36.3	120.0	58.0	35.4	36.3	flash	
2026-09-04T03:23:30	0.960	28	29.1611	20.0	56.0	37.0	36.6	140.0	62.0	37.0	36.6	flash	
2026-09-04T03:24:00	0.398	12	30.1667	0.0	24.0	37.4	36.3	100.0	56.0	37.4	36.6	flash	
2026-09-04T03:24:30	0.829	25	30.1667	80.0	50.0	41.2	36.5	140.0	50.0	41.2	36.5	flash	
2026-09-04T03:25:00	0.928	28	30.1667	180.0	56.0	43.2	36.5	180.0	56.0	43.4	36.5	flash	
2026-09-04T03:25:30	0.464	14	30.1667	20.0	28.0	41.0	36.5	200.0	62.0	42.0	36.7	flash	
2026-09-04T03:26:00	0.630	19	30.1667	0.0	38.0	43.0	36.5	140.0	42.0	43.0	36.6	flash	
2026-09-04T03:26:30	0.754	22	29.1611	20.0	44.0	43.8	36.6	160.0	48.0	43.8	36.7	flash	
2026-09-04T03:27:00	0.530	16	30.1667	0.0	32.0	42.4	36.6	100.0	48.0	44.4	36.6	flash	
2026-09-04T03:27:30	0.895	27	30.1667	20.0	54.0	43.2	36.8	180.0	60.0	45.4	36.8	flash	
2026-09-04T03:28:00	0.431	13	30.1667	0.0	26.0	40.8	36.4	100.0	54.0	43.8	36.9	flash	
2026-09-04T03:28:30	0.564	17	30.1667	120.0	34.0	38.6	36.3	160.0	38.0	42.0	36.6	flash	
2026-09-04T03:29:00	0.961	29	30.1667	40.0	58.0	42.0	36.6	200.0	66.0	42.8	36.6	flash	
2026-09-04T03:29:30	0.720	21	29.1611	80.0	44.0	41.2	36.8	100.0	68.0	42.6	36.8	flash	
2026-09-04T03:30:00	0.961	29	30.1667	100.0	58.0	42.4	37.0	160.0	60.0	42.8	37.0	flash	
2026-09-04T03:30:30	0.298	9	30.1667	40.0	18.0	40.4	36.8	60.0	56.0	42.0	37.0	flash	
2026-09-04T03:31:00	0.431	13	30.1667	0.0	26.0	39.2	36.6	120.0	30.0	41.2	36.8	flash	
2026-09-04T03:31:30	0.630	19	30.1667	100.0	38.0	38.6	36.7	140.0	40.0	40.4	36.7	flash	
2026-09-04T03:32:00	0.630	19	30.1667	20.0	38.0	39.2	36.6	180.0	48.0	40.0	36.8	flash	
2026-09-04T03:32:30	0.514	15	29.1611	0.0	30.0	37.0	36.7	160.0	38.0	39.2	36.7	flash	
2026-09-04T03:33:00	0.398	12	30.1667	20.0	24.0	36.6	36.6	60.0	36.0	37.0	36.8	flash	
2026-09-04T03:33:30	0.431	13	30.1667	20.0	26.0	36.0	36.7	140.0	28.0	37.0	36.7	flash	
2026-09-04T03:34:00	0.729	22	30.1667	40.0	44.0	34.6	36.8	160.0	46.0	35.8	36.8	flash	
2026-09-04T03:34:30	0.928	28	30.1667	20.0	56.0	35.8	36.7	160.0	72.0	36.8	36.9	flash	
2026-09-04T03:35:00	0.762	23	30.1667	40.0	46.0	34.6	36.9	160.0	64.0	37.2	36.9	flash	
2026-09-04T03:35:30	0.686	20	29.1611	20.0	40.0	36.8	37.1	100.0	46.0	37.6	37.1	flash	
2026-09-04T03:36:00	0.829	25	30.1667	100.0	50.0	39.2	36.9	220.0	50.0	39.2	37.2	flash	
2026-09-04T03:36:30	0.862	26	30.1667	0.0	52.0	41.6	37.2	120.0	78.0	41.6	37.3	flash	
2026-09-04T03:37:00	1.094	33	30.1667	0.0	66.0	43.4	37.5	240.0	72.0	44.0	37.6	flash	
2026-09-04T03:37:30	0.630	19	30.1667	20.0	38.0	44.2	37.5	180.0	66.0	44.2	37.6	flash	
2026-09-04T03:38:00	0.564	17	30.1667	20.0	34.0	45.2	37.5	100.0	52.0	45.2	37.6	flash	
2026-09-04T03:38:30	0.720	21	29.1611	140.0	42.0	46.8	37.7	140.0	42.0	46.8	37.7	flash	
2026-09-04T03:39:00	0.398	12	30.1667	60.0	24.0	44.8	37.6	100.0	50.0	48.0	37.7	flash	
2026-09-04T03:39:30	0.928	28	30.1667	0.0	56.0	44.8	37.9	140.0	62.0	45.2	37.9	flash	
2026-09-04T03:40:00	0.597	18	30.1667	100.0	36.0	43.8	38.0	160.0	60.0	44.8	38.0	flash	
2026-09-04T03:40:30	0.530	16	30.1667	20.0	32.0	43.0	38.0	120.0	42.0	44.0	38.1	flash	
2026-09-04T03:41:00	0.762	23	30.1667	100.0	46.0	42.6	37.9	160.0	52.0	44.6	38.1	flash	
2026-09-04T03:41:30	0.789	23	29.1611	20.0	50.0	42.0	38.1	180.0	56.0	43.2	38.1	flash	
2026-09-04T03:42:00	1.094	33	30.1667	60.0	66.0	42.0	38.4	380.0	80.0	44.6	38.5	flash	
2026-09-04T03:42:30	0.464	14	30.1667	0.0	28.0	41.0	38.3	160.0	70.0	43.2	38.4	flash	
2026-09-04T03:43:00	0.431	13	30.1667	0.0	26.0	40.2	38.2	100.0	32.0	41.0	38.4	flash	
2026-09-04T03:43:30	0.862	26	30.1667	120.0	52.0	41.2	38.3	160.0	52.0	42.4	38.3	flash	
2026-09-04T03:44:00	0.630	19	30.1667	20.0	38.0	42.6	38.4	120.0	54.0	43.2	38.4	flash	
2026-09-04T03:44:30	3.566	104	29.1611	260.0	208.0	57.8	40.1	1720.0	208.0	58.4	40.1	flash	
2026-09-04T03:45:00	0.564	17	30.1667	80.0	34.0	57.6	40.1	180.0	218.0	58.8	40.2	flash	
2026-09-04T03:45:30	0.696	21	30.1667	80.0	42.0	58.6	40.2	100.0	54.0	59.4	40.2	flash	
2026-09-04T03:46:00	0.398	12	30.1667	20.0	24.0	56.8	40.1	140.0	40.0	59.0	40.3	flash	
2026-09-04T03:46:30	0.796	24	30.1667	0.0	48.0	56.6	40.4	200.0	64.0	57.2	40.4	flash	
2026-09-04T03:47:00	0.298	9	30.1667	0.0	18.0	51.8	40.1	80.0	46.0	56.2	40.3	flash	
2026-09-04T03:47:30	0.412	12	29.1611	0.0	24.0	51.4	40.0	100.0	28.0	51.8	40.2	flash	
2026-09-04T03:48:00	0.564	17	30.1667	0.0	34.0	52.2	39.9	100.0	38.0	52.6	40.0	flash	
2026-09-04T03:48:30	0.298	9	30.1667	0.0	18.0	49.6	39.7	80.0	36.0	52.4	39.9	flash	
2026-09-04T03:49:00	0.630	19	30.1667	0.0	38.0	48.8	39.8	120.0	38.0	50.2	39.8	flash	
2026-09-04T03:49:30	0.431	13	30.1667	0.0	26.0	30.6	39.7	80.0	36.0	49.6	39.8	flash	
2026-09-04T03:50:00	0.464	14	30.1667	20.0	28.0	30.0	39.6	120.0	32.0	31.8	39.7	flash	
2026-09-04T03:50:30	0.514	15	29.1611	180.0	30.0	29.6	39.4	180.0	34.0	30.2	39.6	flash	
2026-09-04T03:51:00	0.597	18	30.1667	20.0	36.0	30.0	39.5	100.0	52.0	31.0	39.5	flash	
2026-09-04T03:51:30	0.232	7	30.1667	40.0	14.0	26.6	39.4	60.0	36.0	30.0	39.6	flash	
2026-09-04T03:52:00	0.762	23	30.1667	40.0	46.0	29.4	39.4	160.0	46.0	29.4	39.4	flash	
2026-09-04T03:52:30	0.232	7	30.1667	0.0	14.0	28.4	39.0	60.0	48.0	29.6	39.4	flash	
2026-09-04T03:53:00	0.928	28	30.1667	60.0	56.0	30.6	39.2	200.0	56.0	30.6	39.2	flash	
2026-09-04T03:53:30	0.754	22	29.1611	0.0	46.0	33.2	39.1	140.0	56.0	33.2	39.4	flash	
2026-09-04T03:54:00	0.398	12	30.1667	0.0	24.0	31.8	39.1	120.0	46.0	33.4	39.1	flash	
2026-09-04T03:54:30	0.696	21	30.1667	40.0	42.0	33.4	39.2	180.0	42.0	33.4	39.3	flash	
2026-09-04T03:55:00	0.829	25	30.1667	80.0	50.0	35.6	39.3	140.0	64.0	35.8	39.4	flash	
2026-09-04T03:55:30	0.630	19	30.1667	0.0	38.0	36.4	39.3	160.0	52.0	38.2	39.4	flash	
2026-09-04T03:56:00	0.729	22	30.1667	80.0	44.0	37.2	39.2	100.0	54.0	37.6	39.5	flash	
2026-09-04T03:56:30	0.617	18	29.1611	0.0	38.0	39.6	39.2	100.0	50.0	39.8	39.3	flash	
2026-09-04T03:57:00	0.564	17	30.1667	40.0	34.0	38.4	39.0	80.0	40.0	40.8	39.4	flash	
2026-09-04T03:57:30	0.829	25	30.1667	60.0	50.0	41.8	39.3	140.0	52.0	41.8	39.3	flash	
2026-09-04T03:58:00	0.564	17	30.1667	0.0	34.0	39.8	39.2	120.0	60.0	42.0	39.4	flash	
2026-09-04T03:58:30	0.961	29	30.1667	20.0	58.0	41.0	39.6	220.0	58.0	41.2	39.7	flash	
2026-09-04T03:59:00	0.729	22	30.1667	80.0	44.0	43.0	39.8	160.0	56.0	43.0	39.8	flash	
2026-09-04T03:59:30	0.857	25	29.1611	60.0	50.0	43.8	40.0	200.0	60.0	44.6	40.0	flash	
2026-09-04T04:00:00	0.829	25	30.1667	0.0	50.0	44.6	40.1	180.0	60.0	44.8	40.2	flash	
2026-09-04T04:00:30	0.564	17	30.1667	0.0	34.0	43.4	40.1	120.0	58.0	44.4	40.2	flash	
2026-09-04T04:01:00	0.762	23	30.1667	160.0	46.0	43.8	40.1	160.0	48.0	44.0	40.2	flash	
2026-09-04T04:01:30	0.663	20	30.1667	180.0	40.0	44.0	40.0	200.0	54.0	44.0	40.1	flash	
2026-09-04T04:02:00	0.564	17	30.1667	20.0	34.0	44.0	40.0	100.0	52.0	44.6	40.1	flash	
2026-09-04T04:02:30	0.652	19	29.1611	20.0	38.0	43.2	39.8	100.0	42.0	43.6	40.0	flash	
2026-09-04T04:03:00	0.398	12	30.1667	40.0	24.0	41.8	39.7	100.0	42.0	43.0	39.9	flash	
2026-09-04T04:03:30	0.696	21	30.1667	20.0	42.0	40.2	39.7	140.0	44.0	43.0	39.9	flash	
2026-09-04T04:04:00	0.597	18	30.1667	40.0	36.0	39.4	39.7	160.0	52.0	42.0	39.9	flash	
2026-09-04T04:04:30	0.597	18	30.1667	0.0	36.0	38.0	39.7	100.0	46.0	40.6	39.9	flash	
2026-09-04T04:05:00	0.994	30	30.1667	60.0	60.0	39.0	39.9	200.0	60.0	39.0	39.9	flash	
2026-09-04T04:05:30	0.996	29	29.1167	20.0	58.0	41.4	40.0	140.0	80.0	41.4	40.2	flash	
2026-09-04T04:06:00	1.100	33	30	20.0	66.0	43.4	40.1	200.0	74.0	44.8	40.2	flash	
2026-09-04T04:06:30	1.733	52	30	0.0	104.0	49.8	41.0	340.0	114.0	52.0	41.0	flash	
2026-09-04T04:07:00	1.600	48	30	40.0	96.0	56.0	41.8	320.0	106.0	56.2	41.8	flash	
2026-09-04T04:07:30	0.300	9	30	0.0	18.0	54.0	41.7	80.0	96.0	56.0	41.8	flash	
2026-09-04T04:08:00	0.867	26	30	120.0	52.0	57.0	41.9	160.0	52.0	57.0	41.9	flash	
2026-09-04T04:08:30	0.433	13	30.0444	20.0	26.0	55.4	41.8	140.0	56.0	57.2	42.0	flash	
2026-09-04T04:09:00	0.663	20	30.1667	40.0	40.0	55.8	42.0	120.0	40.0	55.8	42.0	flash	
2026-09-04T04:09:30	0.630	19	30.1667	0.0	38.0	55.8	42.2	160.0	42.0	56.4	42.3	flash	
2026-09-04T04:10:00	0.829	25	30.1667	40.0	50.0	54.8	42.4	160.0	54.0	56.6	42.5	flash	
2026-09-04T04:10:30	0.630	19	30.1667	20.0	38.0	52.8	42.3	120.0	52.0	54.8	42.3	flash	
2026-09-04T04:11:00	0.431	13	30.1667	20.0	26.0	48.8	42.3	100.0	42.0	52.6	42.3	flash	
2026-09-04T04:11:30	0.274	8	29.1611	0.0	16.0	40.0	42.1	100.0	28.0	48.4	42.3	flash	
2026-09-04T04:12:00	1.061	32	30.1667	20.0	64.0	36.8	42.3	260.0	64.0	42.4	42.6	flash	
2026-09-04T04:12:30	0.696	21	30.1667	80.0	42.0	39.2	42.3	160.0	64.0	39.2	42.5	flash	
2026-09-04T04:13:00	0.530	16	30.1667	0.0	32.0	37.2	42.1	160.0	44.0	41.0	42.4	flash	
2026-09-04T04:13:30	0.298	9	30.1667	20.0	18.0	36.4	41.7	60.0	32.0	37.6	42.1	flash	
2026-09-04T04:14:00	0.696	21	30.1667	20.0	42.0	36.6	41.9	180.0	44.0	37.0	42.0	flash	
2026-09-04T04:14:30	0.411	12	29.1948	0.0	24.0	35.2	41.6	120.0	44.0	37.6	41.9	flash	
2026-09-04T04:15:00	0.824	25	30.3352	120.0	50.0	35.2	41.7	180.0	50.0	35.8	41.7	flash	
2026-09-04T04:15:30	0.824	25	30.3352	80.0	50.0	36.4	41.8	140.0	62.0	36.4	41.8	flash	
2026-09-04T04:16:00	0.239	7	29.324	0.0	16.0	35.2	41.6	60.0	48.0	37.0	41.9	flash	
2026-09-04T04:16:30	0.297	9	30.3352	20.0	18.0	35.4	41.3	100.0	20.0	35.8	41.6	flash	
2026-09-04T04:17:00	0.330	10	30.3352	0.0	20.0	31.0	41.2	40.0	22.0	35.4	41.3	flash	
2026-09-04T04:17:30	0.580	17	29.2959	40.0	34.0	30.2	41.0	100.0	34.0	31.0	41.2	flash	
2026-09-04T04:18:00	0.895	27	30.1667	120.0	54.0	32.4	41.3	160.0	54.0	32.4	41.3	flash	
2026-09-04T04:18:30	0.564	17	30.1667	20.0	34.0	34.2	41.3	140.0	54.0	34.4	41.4	flash	
2026-09-04T04:19:00	0.796	24	30.1667	20.0	48.0	34.6	41.2	160.0	52.0	35.0	41.3	flash	
2026-09-04T04:19:30	0.696	21	30.1667	120.0	42.0	36.4	41.2	120.0	50.0	36.4	41.2	flash	
2026-09-04T04:20:00	0.994	30	30.1667	80.0	60.0	37.4	41.2	140.0	64.0	38.4	41.3	flash	
2026-09-04T04:20:30	0.720	21	29.1611	80.0	46.0	36.8	41.4	120.0	64.0	37.8	41.4	flash	
2026-09-04T04:21:00	0.464	14	30.1667	20.0	28.0	38.0	41.4	100.0	44.0	38.0	41.5	flash	
2026-09-04T04:21:30	0.829	25	30.1667	140.0	50.0	41.2	41.7	160.0	50.0	41.2	41.7	flash	
2026-09-04T04:22:00	0.729	22	30.1667	0.0	44.0	43.6	41.6	140.0	74.0	44.4	41.7	flash	
2026-09-04T04:22:30	0.862	26	30.1667	140.0	52.0	45.4	41.8	160.0	52.0	45.4	41.8	flash	
2026-09-04T04:23:00	0.696	21	30.1667	20.0	42.0	44.2	42.0	240.0	76.0	47.4	42.1	flash	
2026-09-04T04:23:30	0.583	17	29.1611	0.0	34.0	44.2	42.1	140.0	44.0	45.8	42.2	flash	
2026-09-04T04:24:00	0.597	18	30.1667	20.0	36.0	43.0	42.0	160.0	38.0	44.2	42.2	flash	
2026-09-04T04:24:30	0.365	11	30.1667	40.0	22.0	41.8	41.7	100.0	36.0	43.0	42.0	flash	
2026-09-04T04:25:00	0.729	22	30.1667	0.0	44.0	39.8	41.7	180.0	48.0	41.6	41.7	flash	
2026-09-04T04:25:30	0.530	16	30.1667	60.0	32.0	38.4	41.6	100.0	54.0	40.0	41.7	flash	
2026-09-04T04:26:00	0.564	17	30.1667	0.0	34.0	39.0	41.4	100.0	44.0	40.2	41.7	flash	
2026-09-04T04:26:30	0.617	18	29.1611	60.0	36.0	38.0	41.3	120.0	42.0	40.4	41.5	flash	
2026-09-04T04:27:00	0.696	21	30.1667	40.0	42.0	37.4	41.0	140.0	48.0	37.6	41.3	flash	
2026-09-04T04:27:30	0.663	20	30.1667	80.0	40.0	37.2	41.0	100.0	42.0	37.4	41.1	flash	
2026-09-04T04:28:00	0.398	12	30.1667	20.0	24.0	34.4	40.9	140.0	56.0	36.4	41.2	flash	
2026-09-04T04:28:30	0.166	5	30.1667	0.0	10.0	32.0	40.6	60.0	22.0	34.4	41.0	flash	
2026-09-04T04:29:00	0.199	6	30.1667	0.0	12.0	29.6	40.5	80.0	12.0	32.2	40.6	flash	
2026-09-04T04:29:30	0.789	23	29.1611	100.0	46.0	32.0	40.4	120.0	46.0	32.4	40.5	flash	
2026-09-04T04:30:00	0.398	12	30.1667	40.0	24.0	30.0	40.3	60.0	56.0	32.6	40.5	flash	
2026-09-04T04:30:30	0.696	21	30.1667	0.0	42.0	31.2	40.4	140.0	48.0	32.0	40.5	flash	
2026-09-04T04:31:00	0.365	11	30.1667	40.0	22.0	29.8	40.2	100.0	42.0	31.0	40.4	flash	
2026-09-04T04:31:30	0.663	20	30.1667	40.0	40.0	30.2	40.1	140.0	40.0	30.4	40.1	flash	
2026-09-04T04:32:00	0.928	28	30.1667	0.0	56.0	31.6	40.0	160.0	64.0	32.4	40.1	flash	
2026-09-04T04:32:30	0.754	22	29.1611	0.0	44.0	32.4	40.1	120.0	60.0	32.8	40.1	flash	
2026-09-04T04:33:00	0.464	14	30.1667	40.0	28.0	32.6	40.2	80.0	52.0	32.6	40.2	flash	
2026-09-04T04:33:30	0.365	11	30.1667	0.0	22.0	33.6	39.9	80.0	30.0	33.6	40.2	flash	
2026-09-04T04:34:00	0.729	22	30.1667	0.0	44.0	36.8	39.9	120.0	44.0	36.8	40.0	flash	
2026-09-04T04:34:30	0.630	19	30.1667	40.0	38.0	36.0	38.2	120.0	56.0	38.0	40.0	flash	
2026-09-04T04:35:00	0.464	14	30.1667	20.0	28.0	36.4	38.2	120.0	42.0	36.6	38.3	flash	
2026-09-04T04:35:30	0.630	19	30.1667	0.0	38.0	36.0	38.1	140.0	44.0	37.4	38.3	flash	
2026-09-04T04:36:00	0.549	16	29.1611	0.0	32.0	37.0	38.2	140.0	44.0	37.6	38.4	flash	
2026-09-04T04:36:30	0.464	14	30.1667	20.0	28.0	36.0	38.0	80.0	34.0	37.2	38.2	flash	
2026-09-04T04:37:00	0.862	26	30.1667	80.0	52.0	35.4	38.3	120.0	52.0	37.2	38.3	flash	
2026-09-04T04:37:30	0.530	16	30.1667	60.0	32.0	34.2	38.4	80.0	56.0	35.8	38.5	flash	
2026-09-04T04:38:00	0.564	17	30.1667	20.0	34.0	34.8	38.4	60.0	38.0	35.2	38.5	flash	
2026-09-04T04:38:30	0.564	17	30.1667	20.0	34.0	36.0	38.6	140.0	38.0	36.0	38.6	flash	
2026-09-04T04:39:00	0.517	15	29.0056	0.0	30.0	34.6	38.5	120.0	46.0	37.4	38.7	flash	
2026-09-04T04:39:30	0.600	18	30	20.0	36.0	34.4	38.6	120.0	42.0	36.4	38.7	flash	
2026-09-04T04:40:00	0.500	15	30	0.0	30.0	34.8	38.6	80.0	34.0	35.2	38.7	flash	
2026-09-04T04:40:30	0.367	11	30	20.0	22.0	33.0	38.6	120.0	40.0	34.6	38.7	flash	
2026-09-04T04:41:00	0.833	25	30	140.0	50.0	34.8	38.7	140.0	50.0	34.8	38.7	flash	
2026-09-04T04:41:30	0.633	19	30	120.0	38.0	36.0	38.9	140.0	52.0	36.0	38.9	flash	
2026-09-04T04:42:00	0.730	22	30.1556	20.0	44.0	35.2	38.9	160.0	54.0	36.4	39.1	flash	
2026-09-04T04:42:30	0.928	28	30.1667	20.0	56.0	37.4	39.3	280.0	66.0	38.0	39.3	flash	
2026-09-04T04:43:00	0.365	11	30.1667	0.0	22.0	36.4	39.0	80.0	62.0	38.0	39.4	flash	
2026-09-04T04:43:30	0.398	12	30.1667	0.0	24.0	35.2	38.8	140.0	26.0	36.8	39.0	flash	
2026-09-04T04:44:00	0.365	11	30.1667	40.0	22.0	34.4	38.8	60.0	24.0	35.2	38.8	flash	
2026-09-04T04:44:30	0.597	18	30.1667	0.0	36.0	34.4	38.7	120.0	42.0	35.0	38.9	flash	
2026-09-04T04:45:00	0.652	19	29.1611	0.0	38.0	35.2	38.7	160.0	44.0	35.2	38.7	flash	
2026-09-04T04:45:30	0.331	10	30.1667	0.0	20.0	35.0	38.4	80.0	38.0	35.2	38.6	flash	
2026-09-04T04:46:00	0.994	30	30.1667	100.0	60.0	36.0	38.6	140.0	60.0	36.4	38.6	flash	
2026-09-04T04:46:30	0.597	18	30.1667	20.0	36.0	35.8	38.6	120.0	66.0	37.4	38.7	flash	
2026-09-04T04:47:00	0.762	23	30.1667	20.0	46.0	36.0	38.7	140.0	50.0	37.8	38.7	flash	
2026-09-04T04:47:30	0.530	16	30.1667	100.0	32.0	33.6	38.5	140.0	48.0	36.2	38.6	flash	
2026-09-04T04:48:00	0.689	20	29.0167	0.0	42.0	35.4	38.6	120.0	56.0	35.6	38.6	flash	
2026-09-04T04:48:30	0.633	19	30	60.0	38.0	36.8	38.4	120.0	42.0	36.8	38.6	flash	
2026-09-04T04:49:00	0.500	15	30	0.0	30.0	37.8	38.2	80.0	48.0	38.6	38.4	flash	
2026-09-04T04:49:30	0.533	16	30	20.0	32.0	37.2	38.1	100.0	32.0	37.8	38.2	flash	
2026-09-04T04:50:00	0.433	13	30	20.0	26.0	36.0	37.8	80.0	34.0	37.6	38.0	flash	
2026-09-04T04:50:30	0.233	7	30	100.0	14.0	35.4	37.6	100.0	28.0	36.4	37.8	flash	
2026-09-04T04:51:00	0.829	25	30.1389	100.0	50.0	34.4	37.6	120.0	54.0	36.6	37.8	flash	
2026-09-04T04:51:30	0.597	18	30.1667	20.0	36.0	34.4	37.6	140.0	52.0	35.2	37.8	flash	
2026-09-04T04:52:00	0.398	12	30.1667	40.0	24.0	32.4	37.5	60.0	36.0	34.4	37.6	flash	
2026-09-04T04:52:30	0.564	17	30.1667	20.0	34.0	32.6	37.5	180.0	40.0	34.4	37.6	flash	
2026-09-04T04:53:00	0.464	14	30.1667	60.0	28.0	31.2	37.5	80.0	34.0	32.4	37.5	flash	
2026-09-04T04:53:30	0.497	15	30.1667	0.0	30.0	30.4	37.4	80.0	46.0	32.2	37.6	flash	
2026-09-04T04:54:00	0.309	9	29.1611	100.0	18.0	29.2	37.2	100.0	30.0	30.4	37.4	flash	
2026-09-04T04:54:30	0.497	15	30.1667	100.0	30.0	29.0	37.1	100.0	30.0	29.8	37.2	flash	
2026-09-04T04:55:00	0.530	16	30.1667	40.0	32.0	29.6	36.9	80.0	38.0	29.8	37.2	flash	
2026-09-04T04:55:30	0.630	19	30.1667	40.0	38.0	32.0	36.7	120.0	42.0	33.0	36.9	flash	
2026-09-04T04:56:00	0.994	30	30.1667	20.0	60.0	33.0	36.6	200.0	68.0	33.8	36.9	flash	
2026-09-04T04:56:30	0.431	13	30.1667	40.0	26.0	32.0	35.8	120.0	58.0	33.6	36.6	flash	
2026-09-04T04:57:00	0.480	14	29.1611	40.0	28.0	32.4	35.1	100.0	30.0	32.6	35.8	flash	
2026-09-04T04:57:30	0.497	15	30.1667	20.0	30.0	32.2	35.3	60.0	40.0	32.8	35.3	flash	
2026-09-04T04:58:00	0.829	25	30.1667	40.0	50.0	34.2	35.2	180.0	56.0	35.8	35.5	flash	
2026-09-04T04:58:30	0.331	10	30.1667	40.0	20.0	33.2	35.2	60.0	50.0	34.4	35.2	flash	
2026-09-04T04:59:00	0.663	20	30.1667	40.0	40.0	35.4	35.2	140.0	40.0	36.0	35.2	flash	
2026-09-04T04:59:30	0.564	17	30.1667	20.0	34.0	35.8	35.1	100.0	42.0	36.6	35.2	flash	
2026-09-04T05:00:00	0.583	17	29.1611	100.0	34.0	36.0	35.0	100.0	36.0	36.2	35.1	flash	
2026-09-04T05:00:30	0.729	22	30.1667	20.0	44.0	36.6	35.0	180.0	56.0	38.0	35.2	flash	
2026-09-04T05:01:00	0.564	17	30.1667	0.0	34.0	34.0	35.1	100.0	48.0	37.0	35.2	flash	
2026-09-04T05:01:30	0.663	20	30.1667	0.0	40.0	35.4	35.4	140.0	56.0	35.8	35.4	flash	
2026-09-04T05:02:00	0.696	21	30.1667	0.0	42.0	36.8	35.1	120.0	48.0	38.0	35.4	flash	
2026-09-04T05:02:30	0.597	18	30.1667	40.0	36.0	37.4	35.1	140.0	42.0	37.4	35.1	flash	
2026-09-04T05:03:00	0.480	14	29.1611	0.0	32.0	35.4	35.0	80.0	48.0	37.6	35.1	flash	
2026-09-04T05:03:30	0.530	16	30.1667	20.0	32.0	36.4	35.2	100.0	32.0	37.0	35.2	flash	
2026-09-04T05:04:00	0.696	21	30.1667	40.0	42.0	37.0	35.2	120.0	42.0	37.8	35.3	flash	
2026-09-04T05:04:30	0.729	22	30.1667	0.0	44.0	37.6	35.4	160.0	58.0	38.2	35.4	flash	
2026-09-04T05:05:00	0.663	20	30.1667	160.0	40.0	38.2	35.3	160.0	46.0	38.6	35.4	flash	
2026-09-04T05:05:30	0.663	20	30.1667	140.0	40.0	37.8	35.2	140.0	54.0	38.4	35.3	flash	
2026-09-04T05:06:00	0.620	18	29.05	60.0	48.0	38.0	35.4	140.0	50.0	38.8	35.4	flash	
2026-09-04T05:06:30	0.467	14	30	60.0	28.0	36.8	35.5	80.0	40.0	38.0	35.5	flash	
2026-09-04T05:07:00	0.633	19	30	20.0	38.0	36.4	35.7	180.0	42.0	37.0	35.7	flash	
2026-09-04T05:07:30	0.433	13	30	40.0	26.0	35.8	35.6	80.0	38.0	36.8	35.7	flash	
2026-09-04T05:08:00	0.967	29	30	40.0	58.0	38.4	35.7	160.0	58.0	38.4	35.7	flash	
2026-09-04T05:08:30	0.600	18	30	40.0	36.0	39.0	35.7	120.0	64.0	39.2	35.8	flash	
2026-09-04T05:09:00	0.731	22	30.1111	20.0	44.0	39.2	35.6	200.0	50.0	40.4	35.8	flash	
2026-09-04T05:09:30	0.762	23	30.1667	40.0	46.0	39.2	35.7	240.0	48.0	39.6	35.8	flash	
2026-09-04T05:10:00	0.464	14	30.1667	20.0	28.0	39.0	35.4	120.0	46.0	39.6	35.7	flash	
2026-09-04T05:10:30	0.497	15	30.1667	60.0	30.0	38.2	35.2	140.0	40.0	38.4	35.4	flash	
2026-09-04T05:11:00	0.564	17	30.1667	40.0	34.0	36.8	35.3	160.0	36.0	37.0	35.3	flash	
2026-09-04T05:11:30	0.530	16	30.1667	20.0	32.0	37.2	35.1	120.0	44.0	37.6	35.3	flash	
2026-09-04T05:12:00	0.412	12	29.1611	0.0	26.0	35.8	34.9	120.0	36.0	37.8	35.1	flash	
2026-09-04T05:12:30	0.597	18	30.1667	0.0	36.0	36.8	34.8	120.0	46.0	37.8	35.1	flash	
2026-09-04T05:13:00	0.597	18	30.1667	20.0	36.0	34.6	34.7	180.0	40.0	37.4	34.8	flash	
2026-09-04T05:13:30	0.895	27	30.1667	60.0	54.0	36.4	34.9	260.0	54.0	36.4	34.9	flash	
2026-09-04T05:14:00	0.564	17	30.1667	60.0	34.0	35.4	34.9	80.0	60.0	37.2	35.0	flash	
2026-09-04T05:14:30	0.597	18	30.1667	0.0	36.0	34.4	35.0	220.0	42.0	36.8	35.1	flash	
2026-09-04T05:15:00	0.549	16	29.1611	0.0	32.0	34.8	34.9	100.0	52.0	35.8	35.1	flash	
2026-09-04T05:15:30	0.630	19	30.1667	0.0	38.0	35.6	35.0	180.0	38.0	36.2	35.0	flash	
2026-09-04T05:16:00	0.630	19	30.1667	20.0	38.0	36.4	35.0	100.0	50.0	37.4	35.0	flash	
2026-09-04T05:16:30	0.762	23	30.1667	40.0	46.0	37.6	35.1	140.0	58.0	38.2	35.1	flash	
2026-09-04T05:17:00	0.862	26	30.1667	160.0	52.0	40.2	35.2	160.0	54.0	40.2	35.2	flash	
2026-09-04T05:17:30	0.729	22	30.1667	20.0	44.0	41.0	35.2	160.0	62.0	41.0	35.3	flash	
2026-09-04T05:18:00	0.479	14	29.2566	0.0	28.0	40.2	35.3	80.0	46.0	41.4	35.3	flash	
2026-09-04T05:18:30	0.791	24	30.3352	120.0	48.0	40.2	35.6	120.0	48.0	41.4	35.6	flash	
2026-09-04T05:19:00	0.593	18	30.3352	80.0	36.0	39.8	35.9	120.0	50.0	40.0	35.9	flash	
2026-09-04T05:19:30	0.989	29	29.324	0.0	58.0	42.0	36.0	160.0	76.0	43.2	36.2	flash	
2026-09-04T05:20:00	0.429	13	30.3352	100.0	26.0	41.4	36.0	100.0	58.0	42.0	36.0	flash	
2026-09-04T05:20:30	0.758	23	30.3352	20.0	46.0	42.2	36.1	140.0	54.0	43.4	36.1	flash	
2026-09-04T05:21:00	0.582	17	29.2341	0.0	36.0	41.8	36.2	140.0	46.0	42.6	36.2	flash	
2026-09-04T05:21:30	0.762	23	30.1667	40.0	46.0	42.0	36.3	180.0	46.0	42.4	36.3	flash	
2026-09-04T05:22:00	0.564	17	30.1667	0.0	34.0	40.0	36.0	200.0	60.0	41.8	36.2	flash	
2026-09-04T05:22:30	0.497	15	30.1667	0.0	30.0	38.6	35.9	100.0	52.0	41.2	36.2	flash	
2026-09-04T05:23:00	0.497	15	30.1667	0.0	30.0	38.8	35.9	120.0	30.0	39.6	36.0	flash	
2026-09-04T05:23:30	0.829	25	30.1667	20.0	50.0	39.0	36.2	180.0	56.0	40.8	36.2	flash	
2026-09-04T05:24:00	0.583	17	29.1611	100.0	34.0	38.8	36.1	220.0	50.0	40.4	36.3	flash	
2026-09-04T05:24:30	0.597	18	30.1667	20.0	36.0	36.6	36.1	100.0	44.0	38.8	36.1	flash	
2026-09-04T05:25:00	0.497	15	30.1667	0.0	30.0	37.0	36.1	140.0	44.0	38.0	36.2	flash	
2026-09-04T05:25:30	0.464	14	30.1667	120.0	28.0	35.4	36.0	120.0	34.0	37.4	36.1	flash	
2026-09-04T05:26:00	0.630	19	30.1667	60.0	38.0	35.6	36.0	140.0	48.0	36.4	36.0	flash	
2026-09-04T05:26:30	0.365	11	30.1667	60.0	22.0	33.2	36.0	60.0	44.0	35.6	36.1	flash	
2026-09-04T05:27:00	0.652	19	29.1611	120.0	44.0	33.6	35.9	140.0	44.0	35.0	36.0	flash	
2026-09-04T05:27:30	0.464	14	30.1667	0.0	28.0	33.4	35.8	140.0	40.0	33.8	35.9	flash	
2026-09-04T05:28:00	1.227	37	30.1667	20.0	74.0	37.8	36.2	160.0	74.0	37.8	36.2	flash	
2026-09-04T05:28:30	0.431	13	30.1667	40.0	26.0	35.4	36.1	80.0	74.0	38.2	36.2	flash	
2026-09-04T05:29:00	0.630	19	30.1667	80.0	38.0	35.8	36.2	120.0	38.0	36.0	36.2	flash	
2026-09-04T05:29:30	0.497	15	30.1667	20.0	30.0	35.2	36.1	120.0	44.0	36.2	36.2	flash	
2026-09-04T05:30:00	1.029	30	29.1611	100.0	60.0	38.2	36.4	180.0	62.0	38.4	36.4	flash	
2026-09-04T05:30:30	0.530	16	30.1667	0.0	32.0	39.2	36.5	140.0	62.0	40.2	36.6	flash	
2026-09-04T05:31:00	0.398	12	30.1667	0.0	24.0	37.2	36.3	80.0	44.0	39.8	36.7	flash	
2026-09-04T05:31:30	0.829	25	30.1667	60.0	50.0	40.6	36.4	120.0	50.0	40.6	36.5	flash	
2026-09-04T05:32:00	0.564	17	30.1667	60.0	34.0	39.6	36.3	200.0	56.0	40.4	36.5	flash	
2026-09-04T05:32:30	0.497	15	30.1667	0.0	30.0	39.8	36.0	120.0	40.0	40.0	36.3	flash	
2026-09-04T05:33:00	0.926	27	29.1611	180.0	54.0	37.8	36.4	180.0	54.0	40.0	36.4	flash	
2026-09-04T05:33:30	0.663	20	30.1667	20.0	40.0	39.2	36.5	160.0	64.0	39.8	36.6	flash	
2026-09-04T05:34:00	0.895	27	30.1667	20.0	54.0	41.2	36.9	120.0	58.0	41.6	36.9	flash	
2026-09-04T05:34:30	0.530	16	30.1667	40.0	32.0	41.0	36.8	160.0	62.0	42.4	36.9	flash	
2026-09-04T05:35:00	0.630	19	30.1667	140.0	38.0	38.8	36.8	140.0	38.0	41.2	36.9	flash	
2026-09-04T05:35:30	0.630	19	30.1667	60.0	38.0	39.4	37.0	160.0	52.0	40.2	37.0	flash	
2026-09-04T05:36:00	0.652	19	29.1611	60.0	40.0	40.8	36.8	160.0	44.0	40.8	37.0	flash	
2026-09-04T05:36:30	0.530	16	30.1667	80.0	32.0	39.2	36.7	120.0	42.0	40.8	36.8	flash	
2026-09-04T05:37:00	0.398	12	30.1667	0.0	24.0	38.2	36.5	100.0	44.0	39.8	36.7	flash	
2026-09-04T05:37:30	0.729	22	30.1667	60.0	44.0	39.4	36.6	140.0	44.0	40.4	36.8	flash	
2026-09-04T05:38:00	0.994	30	30.1667	20.0	60.0	40.0	36.8	180.0	66.0	41.6	36.8	flash	
2026-09-04T05:38:30	0.597	18	30.1667	40.0	36.0	39.6	36.8	180.0	72.0	39.8	36.9	flash	
2026-09-04T05:39:00	0.686	20	29.1611	60.0	40.0	38.4	36.9	100.0	52.0	39.4	36.9	flash	
2026-09-04T05:39:30	0.597	18	30.1667	40.0	36.0	38.8	36.9	180.0	58.0	39.0	37.1	flash	
2026-09-04T05:40:00	1.028	31	30.1667	80.0	62.0	41.6	37.3	240.0	64.0	42.4	37.3	flash	
2026-09-04T05:40:30	0.729	22	30.1667	160.0	44.0	41.8	37.6	160.0	64.0	41.8	37.6	flash	
2026-09-04T05:41:00	0.464	14	30.1667	0.0	28.0	40.6	37.4	200.0	56.0	42.4	37.6	flash	
2026-09-04T05:41:30	0.994	30	30.1667	20.0	60.0	43.4	37.6	180.0	60.0	44.2	37.6	flash	
2026-09-04T05:42:00	0.412	12	29.1611	20.0	24.0	43.4	37.6	120.0	60.0	43.4	37.7	flash	
2026-09-04T05:42:30	0.696	21	30.1667	20.0	42.0	43.8	37.7	180.0	42.0	43.8	37.7	flash	
2026-09-04T05:43:00	0.762	23	30.1667	20.0	46.0	41.8	37.9	180.0	56.0	45.0	37.9	flash	
2026-09-04T05:43:30	0.365	11	30.1667	0.0	22.0	40.4	37.8	100.0	48.0	42.6	37.9	flash	
2026-09-04T05:44:00	0.663	20	30.1667	20.0	40.0	40.4	38.0	120.0	42.0	41.8	38.1	flash	
2026-09-04T05:44:30	0.564	17	30.1667	120.0	34.0	40.2	38.1	120.0	34.0	40.4	38.1	flash	
2026-09-04T05:45:00	0.652	19	29.1611	20.0	40.0	37.8	38.1	100.0	60.0	41.4	38.2	flash	
2026-09-04T05:45:30	0.166	5	30.1667	0.0	10.0	35.6	37.8	40.0	38.0	37.8	38.1	flash	
2026-09-04T05:46:00	0.762	23	30.1667	20.0	46.0	36.2	37.7	140.0	46.0	36.2	37.9	flash	
2026-09-04T05:46:30	0.232	7	30.1667	40.0	14.0	31.6	37.6	40.0	46.0	36.2	37.7	flash	
2026-09-04T05:47:00	0.630	19	30.1667	20.0	38.0	33.0	37.7	140.0	40.0	33.2	37.7	flash	
2026-09-04T05:47:30	0.365	11	30.1667	0.0	22.0	31.0	37.6	60.0	40.0	33.4	37.7	flash	
2026-09-04T05:48:00	0.652	19	29.1222	60.0	38.0	30.2	37.5	120.0	38.0	31.4	37.6	flash	
2026-09-04T05:48:30	0.667	20	30	20.0	40.0	32.0	37.7	140.0	60.0	32.2	37.8	flash	
2026-09-04T05:49:00	0.533	16	30	60.0	32.0	31.4	37.6	140.0	38.0	32.0	37.7	flash	
2026-09-04T05:49:30	0.767	23	30	40.0	46.0	32.6	37.7	160.0	52.0	34.4	37.8	flash	
2026-09-04T05:50:00	0.667	20	30	0.0	40.0	32.6	37.8	140.0	52.0	33.6	38.0	flash	
2026-09-04T05:50:30	0.467	14	30	0.0	28.0	34.4	37.6	200.0	46.0	34.8	37.9	flash	
2026-09-04T05:51:00	0.900	27	30	20.0	54.0	35.2	37.8	160.0	54.0	35.4	37.8	flash	
2026-09-04T05:51:30	0.533	16	30	40.0	32.0	37.2	37.7	80.0	58.0	37.2	37.8	flash	
2026-09-04T05:52:00	0.733	22	30	40.0	44.0	37.6	37.8	160.0	46.0	38.8	37.8	flash	
2026-09-04T05:52:30	0.967	29	30	160.0	58.0	41.2	38.0	160.0	68.0	41.2	38.0	flash	
2026-09-04T05:53:00	0.533	16	30	220.0	32.0	40.6	38.0	220.0	56.0	41.2	38.0	flash	
2026-09-04T05:53:30	0.300	9	30	0.0	18.0	38.4	37.9	120.0	46.0	40.8	38.1	flash	
2026-09-04T05:54:00	0.899	27	30.0333	40.0	54.0	40.6	38.0	140.0	54.0	41.4	38.1	flash	
2026-09-04T05:54:30	0.497	15	30.1667	0.0	30.0	39.0	37.9	100.0	56.0	40.6	38.0	flash	
2026-09-04T05:55:00	0.431	13	30.1667	20.0	26.0	37.6	37.8	60.0	36.0	39.4	37.9	flash	
2026-09-04T05:55:30	0.166	5	30.1667	0.0	10.0	35.8	37.5	40.0	26.0	38.0	37.7	flash	
2026-09-04T05:56:00	0.232	7	30.1667	40.0	14.0	31.8	37.2	40.0	14.0	35.8	37.4	flash	
2026-09-04T05:56:30	0.398	12	30.1667	40.0	24.0	31.0	37.2	120.0	28.0	32.0	37.2	flash	
2026-09-04T05:57:00	1.029	30	29.1611	40.0	60.0	32.6	37.4	220.0	68.0	35.0	37.6	flash	
2026-09-04T05:57:30	0.729	22	30.1667	60.0	44.0	31.2	37.6	140.0	74.0	33.2	37.6	flash	
2026-09-04T05:58:00	0.530	16	30.1667	40.0	32.0	31.2	37.3	80.0	50.0	33.6	37.6	flash	
2026-09-04T05:58:30	0.696	21	30.1667	80.0	42.0	33.6	37.4	100.0	42.0	33.6	37.4	flash	
2026-09-04T05:59:00	0.530	16	30.1667	0.0	32.0	31.4	37.2	120.0	48.0	34.0	37.4	flash	
2026-09-04T05:59:30	0.530	16	30.1667	60.0	32.0	31.6	37.1	100.0	34.0	31.8	37.3	flash	
2026-09-04T06:00:00	0.514	15	29.1611	100.0	32.0	32.2	37.1	120.0	34.0	32.2	37.2	flash	
2026-09-04T06:00:30	0.331	10	30.1667	0.0	20.0	33.0	37.0	60.0	30.0	33.0	37.1	flash	
2026-09-04T06:01:00	0.530	16	30.1667	0.0	32.0	35.2	37.0	140.0	38.0	35.4	37.2	flash	
2026-09-04T06:01:30	0.829	25	30.1667	0.0	50.0	37.4	37.2	220.0	56.0	38.6	37.3	flash	
2026-09-04T06:02:00	0.464	14	30.1667	0.0	28.0	34.2	37.2	120.0	52.0	39.2	37.4	flash	
2026-09-04T06:02:30	0.663	20	30.1667	20.0	40.0	33.8	37.3	160.0	40.0	35.6	37.3	flash	
2026-09-04T06:03:00	0.823	24	29.1611	40.0	48.0	35.6	37.4	160.0	50.0	35.8	37.4	flash	
2026-09-04T06:03:30	0.298	9	30.1667	40.0	18.0	33.6	37.1	100.0	50.0	35.6	37.4	flash	
2026-09-04T06:04:00	0.431	13	30.1667	0.0	26.0	32.4	37.0	140.0	40.0	34.0	37.1	flash	
2026-09-04T06:04:30	0.530	16	30.1667	40.0	32.0	32.6	36.9	180.0	32.0	33.4	37.0	flash	
2026-09-04T06:05:00	0.762	23	30.1667	60.0	46.0	34.0	37.0	180.0	58.0	35.0	37.1	flash	
2026-09-04T06:05:30	0.232	7	30.1667	0.0	14.0	33.4	36.8	100.0	42.0	34.0	37.0	flash	
2026-09-04T06:06:00	0.377	11	29.1611	0.0	22.0	32.4	36.6	80.0	32.0	34.0	36.9	flash	
2026-09-04T06:06:30	0.729	22	30.1667	80.0	44.0	31.8	36.6	140.0	44.0	32.4	36.7	flash	
2026-09-04T06:07:00	0.431	13	30.1667	60.0	26.0	31.6	36.4	100.0	50.0	31.8	36.6	flash	
2026-09-04T06:07:30	0.331	10	30.1667	20.0	20.0	29.6	36.1	80.0	32.0	31.8	36.4	flash	
2026-09-04T06:08:00	0.497	15	30.1667	40.0	30.0	27.8	36.1	80.0	30.0	29.6	36.2	flash	
2026-09-04T06:08:30	0.663	20	30.1667	80.0	40.0	30.0	36.1	120.0	42.0	30.4	36.2	flash	
2026-09-04T06:09:00	0.652	19	29.1556	80.0	44.0	31.2	36.1	120.0	46.0	31.2	36.1	flash	
2026-09-04T06:09:30	0.433	13	30	220.0	26.0	30.8	35.8	220.0	38.0	31.4	36.1	flash	
2026-09-04T06:10:00	0.467	14	30	60.0	28.0	29.0	35.8	120.0	44.0	30.8	35.8	flash	
2026-09-04T06:10:30	0.733	22	30	80.0	44.0	31.8	35.8	160.0	50.0	31.8	36.0	flash	
2026-09-04T06:11:00	0.600	18	30	180.0	36.0	33.2	35.8	180.0	40.0	33.2	35.9	flash	
2026-09-04T06:11:30	0.733	22	30	80.0	44.0	33.8	35.8	200.0	58.0	34.4	35.9	flash	
2026-09-04T06:12:00	0.833	25	30.0056	120.0	50.0	35.6	35.9	120.0	54.0	35.6	35.9	flash	
2026-09-04T06:12:30	0.597	18	30.1667	20.0	36.0	37.2	36.0	160.0	60.0	37.2	36.0	flash	
2026-09-04T06:13:00	0.696	21	30.1667	0.0	42.0	38.4	36.1	180.0	44.0	38.8	36.1	flash	
2026-09-04T06:13:30	0.464	14	30.1667	80.0	28.0	37.8	35.9	80.0	50.0	38.6	36.2	flash	
2026-09-04T06:14:00	0.696	21	30.1667	20.0	42.0	37.6	36.0	180.0	48.0	38.8	36.0	flash	
2026-09-04T06:14:30	0.630	19	30.1667	120.0	38.0	38.8	36.0	120.0	56.0	39.8	36.0	flash	
2026-09-04T06:15:00	0.377	11	29.1611	100.0	24.0	38.8	35.9	120.0	40.0	38.8	36.0	flash	
2026-09-04T06:15:30	0.431	13	30.1667	60.0	26.0	36.4	35.9	120.0	32.0	37.6	36.0	flash	
2026-09-04T06:16:00	0.365	11	30.1667	20.0	22.0	35.0	35.7	100.0	30.0	37.2	35.9	flash	
2026-09-04T06:16:30	0.497	15	30.1667	40.0	30.0	33.6	35.9	60.0	30.0	35.6	35.9	flash	
2026-09-04T06:17:00	0.464	14	30.1667	0.0	28.0	31.4	35.7	160.0	38.0	33.6	35.8	flash	
2026-09-04T06:17:30	0.564	17	30.1667	60.0	34.0	31.2	35.8	120.0	36.0	31.2	35.8	flash	
2026-09-04T06:18:00	0.530	16	30.1667	0.0	32.0	30.2	35.3	120.0	44.0	32.4	35.8	flash	
2026-09-04T06:18:30	1.063	31	29.1611	60.0	62.0	34.0	35.7	240.0	66.0	34.0	35.7	flash	
2026-09-04T06:19:00	0.398	12	30.1667	20.0	24.0	32.0	35.6	80.0	62.0	33.8	35.8	flash	
2026-09-04T06:19:30	0.564	17	30.1667	60.0	34.0	31.6	35.6	80.0	34.0	32.2	35.7	flash	
2026-09-04T06:20:00	0.530	16	30.1667	0.0	32.0	32.4	35.3	120.0	46.0	33.6	35.6	flash	
2026-09-04T06:20:30	0.663	20	30.1667	0.0	40.0	33.8	35.4	100.0	46.0	35.0	35.5	flash	
2026-09-04T06:21:00	0.762	23	30.1667	40.0	46.0	36.2	35.6	200.0	46.0	36.4	35.6	flash	
2026-09-04T06:21:30	0.960	28	29.1611	0.0	60.0	39.0	35.7	220.0	60.0	39.8	35.8	flash	
2026-09-04T06:22:00	0.497	15	30.1667	0.0	30.0	39.0	35.7	100.0	68.0	40.4	35.8	flash	
2026-09-04T06:22:30	0.663	20	30.1667	180.0	40.0	39.6	35.7	180.0	40.0	39.8	35.7	flash	
2026-09-04T06:23:00	0.398	12	30.1667	0.0	24.0	38.8	35.4	120.0	44.0	40.4	35.7	flash	
2026-09-04T06:23:30	0.298	9	30.1667	0.0	18.0	34.4	35.2	100.0	24.0	38.8	35.4	flash	
2026-09-04T06:24:00	0.663	20	30.1667	20.0	40.0	36.0	35.1	180.0	42.0	36.4	35.2	flash	
2026-09-04T06:24:30	0.412	12	29.1611	80.0	24.0	35.4	35.0	80.0	40.0	36.0	35.1	flash	
2026-09-04T06:25:00	0.729	22	30.1667	0.0	44.0	36.2	35.1	120.0	58.0	37.0	35.3	flash	
2026-09-04T06:25:30	0.199	6	30.1667	20.0	12.0	33.4	34.8	60.0	44.0	36.2	35.1	flash	
2026-09-04T06:26:00	0.729	22	30.1667	40.0	44.0	33.6	34.9	140.0	44.0	35.4	35.0	flash	
2026-09-04T06:26:30	0.398	12	30.1667	0.0	24.0	30.0	34.8	80.0	44.0	34.8	35.0	flash	
2026-09-04T06:27:00	0.696	21	30.1667	40.0	42.0	31.2	35.0	140.0	42.0	31.6	35.0	flash	
2026-09-04T06:27:30	0.857	25	29.1611	40.0	54.0	32.8	35.1	200.0	58.0	34.0	35.1	flash	
2026-09-04T06:28:00	0.398	12	30.1667	0.0	24.0	32.2	34.7	140.0	54.0	33.4	35.2	flash	
2026-09-04T06:28:30	0.762	23	30.1667	160.0	46.0	35.0	34.8	180.0	46.0	35.0	34.8	flash	
2026-09-04T06:29:00	0.431	13	30.1667	0.0	26.0	33.6	34.6	160.0	58.0	36.0	34.9	flash	
2026-09-04T06:29:30	0.829	25	30.1667	100.0	50.0	36.2	34.8	180.0	52.0	36.4	34.8	flash	
2026-09-04T06:30:00	0.597	18	30.1667	60.0	36.0	35.4	34.5	100.0	48.0	36.4	34.8	flash	
2026-09-04T06:30:30	0.549	16	29.1611	0.0	36.0	37.6	34.5	80.0	46.0	37.6	34.6	flash	
2026-09-04T06:31:00	0.398	12	30.1667	40.0	24.0	35.8	34.3	120.0	34.0	37.8	34.4	flash	
2026-09-04T06:31:30	0.431	13	30.1667	40.0	26.0	35.6	34.0	140.0	40.0	35.8	34.4	flash	
2026-09-04T06:32:00	0.464	14	30.1667	20.0	28.0	34.6	34.0	80.0	38.0	36.8	34.2	flash	
2026-09-04T06:32:30	0.729	22	30.1667	0.0	44.0	33.6	34.1	120.0	46.0	35.8	34.2	flash	
2026-09-04T06:33:00	0.298	9	30.1667	20.0	18.0	33.0	33.8	80.0	46.0	33.8	34.1	flash	
2026-09-04T06:33:30	0.965	28	29.0278	120.0	58.0	34.0	34.1	120.0	58.0	35.0	34.1	flash	
2026-09-04T06:34:00	0.600	18	30	100.0	36.0	35.0	34.1	140.0	56.0	35.2	34.1	flash	
2026-09-04T06:34:30	0.633	19	30	0.0	38.0	34.6	34.1	160.0	56.0	36.0	34.4	flash	
2026-09-04T06:35:00	0.800	24	30	20.0	48.0	35.4	34.2	160.0	52.0	36.0	34.3	flash	
2026-09-04T06:35:30	0.400	12	30	20.0	24.0	34.2	34.4	80.0	48.0	35.2	34.4	flash	
2026-09-04T06:36:00	0.767	23	30	40.0	46.0	36.4	34.4	180.0	48.0	37.2	34.4	flash	
2026-09-04T06:36:30	0.365	11	30.1333	0.0	22.0	36.0	34.5	100.0	46.0	36.6	34.5	flash	
2026-09-04T06:37:00	0.232	7	30.1667	0.0	14.0	34.8	34.2	40.0	26.0	36.4	34.5	flash	
2026-09-04T06:37:30	0.597	18	30.1667	20.0	36.0	33.8	34.3	80.0	36.0	35.4	34.3	flash	
2026-09-04T06:38:00	0.729	22	30.1667	20.0	44.0	36.6	34.4	140.0	50.0	36.8	34.5	flash	
2026-09-04T06:38:30	0.961	29	30.1667	160.0	58.0	36.6	34.6	180.0	60.0	37.6	34.6	flash	
2026-09-04T06:39:00	0.497	15	30.1667	60.0	30.0	36.0	34.6	160.0	56.0	37.0	34.7	flash	
2026-09-04T06:39:30	0.514	15	29.1611	0.0	34.0	35.2	34.4	100.0	44.0	36.4	34.6	flash	
2026-09-04T06:40:00	0.597	18	30.1667	20.0	36.0	34.0	34.4	180.0	38.0	35.2	34.4	flash	
2026-09-04T06:40:30	0.729	22	30.1667	0.0	44.0	36.0	34.5	220.0	64.0	36.8	34.5	flash	
2026-09-04T06:41:00	0.729	22	30.1667	140.0	44.0	35.8	34.4	140.0	44.0	36.4	34.5	flash	
2026-09-04T06:41:30	0.530	16	30.1667	0.0	32.0	36.8	34.4	200.0	64.0	38.0	34.6	flash	
2026-09-04T06:42:00	0.796	24	30.1667	40.0	48.0	40.2	34.5	200.0	48.0	40.2	34.6	flash	
2026-09-04T06:42:30	0.652	19	29.1611	120.0	40.0	40.6	34.3	160.0	52.0	40.6	34.4	flash	
2026-09-04T06:43:00	0.630	19	30.1667	20.0	38.0	40.0	34.3	100.0	50.0	40.4	34.6	flash	
2026-09-04T06:43:30	0.796	24	30.1667	60.0	48.0	38.8	34.6	200.0	48.0	40.2	34.6	flash	
2026-09-04T06:44:00	0.762	23	30.1667	100.0	46.0	40.8	34.5	180.0	64.0	40.8	34.7	flash	
2026-09-04T06:44:30	0.464	14	30.1667	0.0	28.0	40.2	34.5	160.0	50.0	41.4	34.7	flash	
2026-09-04T06:45:00	0.663	20	30.1667	0.0	40.0	40.6	34.7	120.0	40.0	41.4	34.7	flash	
2026-09-04T06:45:30	0.686	20	29.1611	60.0	40.0	40.2	35.0	100.0	58.0	41.6	35.0	flash	
2026-09-04T06:46:00	0.530	16	30.1667	80.0	32.0	39.8	35.2	80.0	42.0	41.8	35.2	flash	
2026-09-04T06:46:30	0.331	10	30.1667	80.0	20.0	37.8	35.1	100.0	30.0	39.0	35.2	flash	
2026-09-04T06:47:00	0.729	22	30.1667	60.0	44.0	37.6	34.9	260.0	48.0	40.4	35.3	flash	
2026-09-04T06:47:30	0.497	15	30.1667	20.0	30.0	36.6	34.8	120.0	54.0	38.2	35.0	flash	
2026-09-04T06:48:00	0.630	19	30.1667	40.0	38.0	36.6	34.9	160.0	46.0	36.8	34.9	flash	
2026-09-04T06:48:30	0.686	20	29.1611	120.0	40.0	36.0	34.9	120.0	50.0	37.2	34.9	flash	
2026-09-04T06:49:00	0.696	21	30.1667	120.0	42.0	36.0	34.9	120.0	44.0	36.0	34.9	flash	
2026-09-04T06:49:30	0.298	9	30.1667	0.0	18.0	34.4	34.8	100.0	42.0	35.4	34.9	flash	
2026-09-04T06:50:00	0.464	14	30.1667	40.0	28.0	33.2	34.8	80.0	34.0	35.8	34.9	flash	
2026-09-04T06:50:30	0.464	14	30.1667	20.0	28.0	32.0	34.9	120.0	34.0	33.4	35.0	flash	
2026-09-04T06:51:00	0.796	24	30.1667	60.0	48.0	33.6	35.0	160.0	48.0	33.8	35.0	flash	
2026-09-04T06:51:30	0.514	15	29.1611	0.0	34.0	34.6	34.8	140.0	60.0	36.2	35.1	flash	
2026-09-04T06:52:00	0.464	14	30.1667	60.0	28.0	33.4	34.8	120.0	34.0	36.2	34.9	flash	
2026-09-04T06:52:30	0.961	29	30.1667	40.0	58.0	36.0	35.0	160.0	62.0	36.6	35.0	flash	
2026-09-04T06:53:00	0.663	20	30.1667	20.0	40.0	36.0	34.9	100.0	58.0	37.6	35.0	flash	
2026-09-04T06:53:30	0.994	30	30.1667	0.0	60.0	38.0	35.3	280.0	66.0	39.6	35.4	flash	
2026-09-04T06:54:00	0.663	20	30.1667	100.0	40.0	37.8	35.5	120.0	60.0	38.8	35.5	flash	
2026-09-04T06:54:30	0.789	23	29.1611	80.0	48.0	40.6	35.6	120.0	56.0	40.6	35.7	flash	
2026-09-04T06:55:00	0.398	12	30.1667	0.0	24.0	40.2	35.4	160.0	46.0	40.8	35.6	flash	
2026-09-04T06:55:30	0.464	14	30.1667	20.0	28.0	40.2	35.5	80.0	34.0	40.2	35.6	flash	
2026-09-04T06:56:00	0.597	18	30.1667	40.0	36.0	39.4	35.7	120.0	38.0	40.8	35.7	flash	
2026-09-04T06:56:30	0.398	12	30.1667	60.0	24.0	38.4	35.5	100.0	44.0	39.6	35.8	flash	
2026-09-04T06:57:00	0.497	15	30.1667	0.0	30.0	38.6	35.5	120.0	38.0	39.4	35.7	flash	
2026-09-04T06:57:30	3.566	104	29.1611	20.0	208.0	53.8	37.4	1760.0	208.0	54.4	37.4	flash	
2026-09-04T06:58:00	0.862	26	30.1667	60.0	52.0	54.8	37.6	160.0	224.0	55.8	37.7	flash	
2026-09-04T06:58:30	0.630	19	30.1667	0.0	38.0	52.6	37.7	100.0	54.0	55.2	37.7	flash	
2026-09-04T06:59:00	0.630	19	30.1667	20.0	38.0	52.6	37.6	100.0	50.0	54.0	37.7	flash	
2026-09-04T06:59:30	0.265	8	30.1667	0.0	16.0	49.4	37.5	40.0	38.0	52.4	37.7	flash	
2026-09-04T07:00:00	0.895	27	30.1667	40.0	54.0	52.4	37.8	180.0	54.0	53.0	37.8	flash	
2026-09-04T07:00:30	0.549	16	29.1611	0.0	32.0	53.0	37.6	60.0	56.0	53.0	37.8	flash	
2026-09-04T07:01:00	0.597	18	30.1667	120.0	36.0	52.8	37.6	160.0	46.0	54.2	37.8	flash	
2026-09-04T07:01:30	0.696	21	30.1667	0.0	42.0	54.6	37.6	180.0	60.0	55.4	37.9	flash	
2026-09-04T07:02:00	0.630	19	30.1667	60.0	38.0	55.4	37.5	120.0	38.0	55.4	37.6	flash	
2026-09-04T07:02:30	0.331	10	30.1667	0.0	20.0	36.6	37.3	80.0	42.0	56.0	37.5	flash	
2026-09-04T07:03:00	0.497	15	30.1667	40.0	30.0	34.4	37.2	120.0	30.0	36.6	37.4	flash	
2026-09-04T07:03:30	0.549	16	29.1611	180.0	34.0	33.8	37.3	180.0	40.0	34.8	37.3	flash	
2026-09-04T07:04:00	0.663	20	30.1667	20.0	40.0	34.0	37.3	200.0	56.0	35.0	37.4	flash	
2026-09-04T07:04:30	0.862	26	30.1667	20.0	52.0	37.6	37.4	140.0	56.0	37.6	37.5	flash	
2026-09-04T07:05:00	0.961	29	30.1667	20.0	58.0	38.0	37.7	240.0	62.0	38.6	37.8	flash	
2026-09-04T07:05:30	0.431	13	30.1667	0.0	26.0	37.4	37.7	100.0	66.0	39.0	37.9	flash	
2026-09-04T07:06:00	0.530	16	30.1667	40.0	32.0	37.0	37.8	140.0	32.0	38.4	37.8	flash	
2026-09-04T07:06:30	0.480	14	29.1611	20.0	28.0	35.6	37.8	100.0	40.0	36.8	37.9	flash	
2026-09-04T07:07:00	0.663	20	30.1667	60.0	40.0	36.0	37.9	100.0	42.0	36.6	38.0	flash	
2026-09-04T07:07:30	0.564	17	30.1667	60.0	34.0	37.2	37.9	160.0	50.0	37.2	38.1	flash	
2026-09-04T07:08:00	0.564	17	30.1667	0.0	34.0	37.8	38.0	140.0	50.0	38.8	38.1	flash	
2026-09-04T07:08:30	0.431	13	30.1667	0.0	26.0	37.0	37.6	80.0	34.0	38.8	38.0	flash	
2026-09-04T07:09:00	0.796	24	30.1667	40.0	48.0	37.8	37.8	120.0	48.0	37.8	37.8	flash	
2026-09-04T07:09:30	0.378	11	29.0889	0.0	22.0	35.0	37.8	80.0	48.0	37.8	37.9	flash	
2026-09-04T07:10:00	0.433	13	30	0.0	26.0	31.6	37.7	120.0	34.0	35.2	37.8	flash	
2026-09-04T07:10:30	0.233	7	30	0.0	14.0	30.4	37.4	40.0	26.0	31.6	37.7	flash	
2026-09-04T07:11:00	0.733	22	30	200.0	44.0	31.6	37.4	200.0	44.0	31.6	37.5	flash	
2026-09-04T07:11:30	0.667	20	30	60.0	40.0	32.8	37.2	140.0	58.0	33.4	37.6	flash	
2026-09-04T07:12:00	0.633	19	30	60.0	38.0	32.8	37.3	120.0	38.0	33.8	37.3	flash	
2026-09-04T07:12:30	0.399	12	30.0722	0.0	24.0	31.8	37.2	80.0	42.0	33.0	37.4	flash	
2026-09-04T07:13:00	0.564	17	30.1667	40.0	34.0	31.6	37.2	100.0	36.0	32.8	37.3	flash	
2026-09-04T07:13:30	0.796	24	30.1667	80.0	48.0	33.8	37.5	120.0	48.0	33.8	37.5	flash	
2026-09-04T07:14:00	0.597	18	30.1667	40.0	36.0	32.6	37.5	140.0	50.0	33.8	37.6	flash	
2026-09-04T07:14:30	0.829	25	30.1667	100.0	50.0	35.4	37.8	160.0	50.0	35.4	37.8	flash	
2026-09-04T07:15:00	0.630	19	30.1667	40.0	38.0	36.6	37.7	120.0	56.0	36.6	37.8	flash	
2026-09-04T07:15:30	0.617	18	29.1611	0.0	38.0	38.8	38.0	120.0	44.0	38.8	38.0	flash	
2026-09-04T07:16:00	0.497	15	30.1667	20.0	30.0	37.4	37.8	80.0	36.0	39.4	38.0	flash	
2026-09-04T07:16:30	0.663	20	30.1667	0.0	40.0	37.4	38.0	100.0	48.0	38.0	38.0	flash	
2026-09-04T07:17:00	0.464	14	30.1667	0.0	28.0	36.4	37.9	120.0	42.0	38.6	38.1	flash	
2026-09-04T07:17:30	0.464	14	30.1667	60.0	28.0	36.8	37.6	80.0	36.0	37.0	37.9	flash	
2026-09-04T07:18:00	0.398	12	30.1667	0.0	24.0	35.8	37.6	160.0	36.0	36.8	37.6	flash	
2026-09-04T07:18:30	0.480	14	29.1611	120.0	28.0	34.2	37.4	120.0	28.0	35.8	37.6	flash	
2026-09-04T07:19:00	0.829	25	30.1667	80.0	50.0	35.2	37.7	140.0	54.0	35.4	37.7	flash	
2026-09-04T07:19:30	0.464	14	30.1667	0.0	28.0	33.0	37.5	100.0	56.0	36.8	37.7	flash	
2026-09-04T07:20:00	0.829	25	30.1667	160.0	50.0	34.4	37.6	160.0	50.0	34.4	37.6	flash	
2026-09-04T07:20:30	0.796	24	30.1667	20.0	48.0	35.4	37.7	160.0	74.0	36.4	37.8	flash	
2026-09-04T07:21:00	0.729	22	30.1667	20.0	44.0	36.8	37.9	140.0	48.0	37.0	38.0	flash	
2026-09-04T07:21:30	0.857	25	29.1611	120.0	52.0	37.8	38.2	120.0	56.0	37.8	38.2	flash	
2026-09-04T07:22:00	0.796	24	30.1667	100.0	48.0	39.8	38.4	200.0	54.0	39.8	38.4	flash	
2026-09-04T07:22:30	0.530	16	30.1667	20.0	32.0	40.6	38.3	160.0	54.0	40.8	38.4	flash	
2026-09-04T07:23:00	0.696	21	30.1667	40.0	42.0	42.0	38.5	240.0	66.0	42.6	38.5	flash	
2026-09-04T07:23:30	0.530	16	30.1667	60.0	32.0	42.4	38.3	100.0	44.0	43.0	38.5	flash	
2026-09-04T07:24:00	0.895	27	30.1667	0.0	54.0	42.8	38.4	160.0	64.0	44.2	38.6	flash	
2026-09-04T07:24:30	0.274	8	29.1611	0.0	16.0	41.6	38.2	100.0	54.0	42.8	38.4	flash	
2026-09-04T07:25:00	0.630	19	30.1667	20.0	38.0	41.2	38.1	120.0	38.0	42.6	38.3	flash	
2026-09-04T07:25:30	0.298	9	30.1667	20.0	18.0	37.4	38.1	100.0	38.0	40.4	38.1	flash	
2026-09-04T07:26:00	0.762	23	30.1667	0.0	46.0	37.8	38.1	200.0	48.0	38.2	38.2	flash	
2026-09-04T07:26:30	0.729	22	30.1667	80.0	44.0	37.0	38.3	140.0	54.0	38.6	38.3	flash	
2026-09-04T07:27:00	0.365	11	30.1667	40.0	22.0	34.4	38.4	120.0	48.0	37.6	38.4	flash	
2026-09-04T07:27:30	0.412	12	29.1611	40.0	28.0	33.6	38.3	80.0	28.0	35.6	38.3	flash	
2026-09-04T07:28:00	0.431	13	30.1667	40.0	26.0	32.4	38.1	120.0	30.0	33.6	38.3	flash	
2026-09-04T07:28:30	0.564	17	30.1667	20.0	34.0	32.2	37.8	80.0	38.0	33.0	38.1	flash	
2026-09-04T07:29:00	0.729	22	30.1667	20.0	44.0	31.2	38.0	160.0	46.0	33.0	38.0	flash	
2026-09-04T07:29:30	0.298	9	30.1667	0.0	18.0	31.4	37.8	60.0	38.0	31.6	38.0	flash	
2026-09-04T07:30:00	0.630	19	30.1667	20.0	38.0	31.4	37.9	200.0	42.0	32.8	38.0	flash	
2026-09-04T07:30:30	0.686	20	29.1611	20.0	42.0	33.6	37.8	120.0	50.0	33.6	37.9	flash	
2026-09-04T07:31:00	1.028	31	30.1667	40.0	62.0	35.2	38.1	400.0	64.0	37.0	38.2	flash	
2026-09-04T07:31:30	0.597	18	30.1667	40.0	36.0	34.8	38.0	120.0	78.0	36.2	38.0	flash	
2026-09-04T07:32:00	0.829	25	30.1667	60.0	50.0	37.6	38.1	200.0	50.0	37.6	38.2	flash	
2026-09-04T07:32:30	0.497	15	30.1667	0.0	30.0	37.8	38.0	100.0	54.0	38.6	38.2	flash	
2026-09-04T07:33:00	0.597	18	30.1667	40.0	36.0	38.8	38.0	140.0	38.0	39.8	38.1	flash	
2026-09-04T07:33:30	0.343	10	29.1611	20.0	20.0	37.4	37.7	60.0	38.0	38.8	38.0	flash	
2026-09-04T07:34:00	0.464	14	30.1667	40.0	28.0	35.8	37.6	120.0	30.0	37.4	37.7	flash	
2026-09-04T07:34:30	0.530	16	30.1667	60.0	32.0	37.2	37.5	100.0	42.0	37.4	37.6	flash	
2026-09-04T07:35:00	0.762	23	30.1667	40.0	46.0	38.2	37.6	160.0	48.0	38.4	37.6	flash	
2026-09-04T07:35:30	0.630	19	30.1667	0.0	38.0	37.8	37.6	100.0	52.0	38.8	37.6	flash	
2026-09-04T07:36:00	0.928	28	30.1667	0.0	56.0	37.2	37.8	180.0	64.0	40.8	37.9	flash	
2026-09-04T07:36:30	0.617	18	29.1611	60.0	36.0	37.4	38.0	100.0	56.0	37.8	38.0	flash	
2026-09-04T07:37:00	0.829	25	30.1667	140.0	50.0	37.4	38.1	160.0	54.0	38.6	38.1	flash	
2026-09-04T07:37:30	0.663	20	30.1667	40.0	40.0	38.2	38.2	180.0	52.0	38.2	38.2	flash	
2026-09-04T07:38:00	0.564	17	30.1667	40.0	34.0	38.0	38.1	140.0	58.0	39.6	38.3	flash	
2026-09-04T07:38:30	0.564	17	30.1667	0.0	34.0	39.4	38.0	200.0	50.0	40.0	38.2	flash	
2026-09-04T07:39:00	0.762	23	30.1667	40.0	46.0	41.2	38.1	140.0	46.0	42.2	38.3	flash	
2026-09-04T07:39:30	0.583	17	29.1611	20.0	36.0	41.4	38.2	100.0	50.0	42.0	38.2	flash	
2026-09-04T07:40:00	0.762	23	30.1667	20.0	46.0	41.4	38.4	200.0	62.0	43.0	38.4	flash	
2026-09-04T07:40:30	0.597	18	30.1667	0.0	36.0	41.2	38.5	140.0	54.0	42.6	38.6	flash	
2026-09-04T07:41:00	0.895	27	30.1667	20.0	54.0	41.0	38.6	140.0	58.0	42.0	38.7	flash	
2026-09-04T07:41:30	0.530	16	30.1667	40.0	32.0	40.6	38.6	100.0	58.0	42.0	38.6	flash	
2026-09-04T07:42:00	0.829	25	30.1667	0.0	50.0	40.6	38.8	140.0	60.0	42.6	38.9	flash	
2026-09-04T07:42:30	0.754	22	29.1611	160.0	44.0	41.0	38.7	160.0	46.0	42.2	38.8	flash	
2026-09-04T07:43:00	0.829	25	30.1667	40.0	50.0	42.8	38.8	200.0	64.0	43.6	38.8	flash	
2026-09-04T07:43:30	0.431	13	30.1667	20.0	26.0	41.8	38.4	100.0	46.0	42.8	38.8	flash	
2026-09-04T07:44:00	0.862	26	30.1667	20.0	52.0	42.6	38.6	160.0	60.0	43.6	38.7	flash	
2026-09-04T07:44:30	0.597	18	30.1667	0.0	36.0	42.6	38.4	120.0	46.0	44.4	38.6	flash	
2026-09-04T07:45:00	0.530	16	30.1667	0.0	32.0	41.2	38.5	180.0	36.0	42.6	38.5	flash	
2026-09-04T07:45:30	0.514	15	29.1611	80.0	30.0	40.6	38.6	140.0	40.0	41.2	38.6	flash	
2026-09-04T07:46:00	0.398	12	30.1667	20.0	24.0	37.6	38.4	100.0	32.0	40.6	38.5	flash	
2026-09-04T07:46:30	0.497	15	30.1667	0.0	30.0	37.4	38.5	160.0	38.0	38.4	38.6	flash	
2026-09-04T07:47:00	0.099	3	30.1667	20.0	6.0	33.0	38.2	40.0	30.0	37.4	38.5	flash	
2026-09-04T07:47:30	0.762	23	30.1667	40.0	46.0	33.2	36.6	120.0	46.0	34.4	38.3	flash	
2026-09-04T07:48:00	0.331	10	30.1667	40.0	20.0	30.2	36.3	100.0	44.0	32.8	36.6	flash	
2026-09-04T07:48:30	0.549	16	29.1611	20.0	32.0	31.0	36.2	100.0	38.0	31.6	36.3	flash	
2026-09-04T07:49:00	0.564	17	30.1667	60.0	34.0	29.2	36.2	80.0	34.0	30.8	36.3	flash	
2026-09-04T07:49:30	0.199	6	30.1667	0.0	12.0	26.6	36.2	60.0	38.0	29.4	36.3	flash	
2026-09-04T07:50:00	0.530	16	30.1667	40.0	32.0	26.6	35.9	180.0	32.0	28.6	36.2	flash	
2026-09-04T07:50:30	0.630	19	30.1667	60.0	38.0	27.4	36.0	120.0	38.0	29.2	36.0	flash	
2026-09-04T07:51:00	0.398	12	30.1667	20.0	24.0	27.4	35.9	100.0	42.0	29.0	36.0	flash	
2026-09-04T07:51:30	0.754	22	29.1611	60.0	46.0	28.8	35.9	220.0	46.0	30.0	35.9	flash	
2026-09-04T07:52:00	0.867	26	30	20.0	52.0	33.4	36.1	140.0	56.0	33.6	36.1	flash	
2026-09-04T07:52:30	0.467	14	30	40.0	28.0	31.8	36.1	100.0	52.0	33.4	36.1	flash	
2026-09-04T07:53:00	0.833	25	30	40.0	50.0	34.6	36.3	200.0	54.0	35.2	36.4	flash	
2026-09-04T07:53:30	0.833	25	30	0.0	50.0	36.4	36.5	160.0	70.0	37.2	36.7	flash	
2026-09-04T07:54:00	0.333	10	30	60.0	20.0	35.2	36.3	80.0	48.0	37.2	36.5	flash	
2026-09-04T07:54:30	0.300	9	30	0.0	18.0	35.6	36.0	80.0	24.0	35.8	36.3	flash	
2026-09-04T07:55:00	1.022	31	30.3333	20.0	62.0	38.6	36.0	200.0	62.0	38.8	36.3	flash	
2026-09-04T07:55:30	0.791	24	30.3333	0.0	48.0	39.6	36.2	160.0	56.0	40.2	36.3	flash	
2026-09-04T07:56:00	0.396	12	30.3333	80.0	24.0	39.6	36.1	80.0	50.0	39.8	36.2	flash	
2026-09-04T07:56:30	0.784	23	29.3222	20.0	52.0	39.8	36.3	160.0	58.0	40.2	36.3	flash	
2026-09-04T07:57:00	0.692	21	30.3333	80.0	42.0	38.8	36.3	140.0	54.0	40.6	36.4	flash	
2026-09-04T07:57:30	0.890	27	30.3333	20.0	54.0	41.4	36.5	260.0	78.0	42.6	36.6	flash	
2026-09-04T07:58:00	0.552	16	29.0111	0.0	32.0	39.6	36.5	100.0	56.0	41.6	36.6	flash	
2026-09-04T07:58:30	0.733	22	30	100.0	44.0	39.0	36.7	140.0	44.0	39.6	36.7	flash	
2026-09-04T07:59:00	0.533	16	30	0.0	32.0	40.2	36.5	120.0	54.0	40.8	36.7	flash	
2026-09-04T07:59:30	0.333	10	30	20.0	20.0	40.4	36.5	100.0	32.0	41.4	36.6	flash	
2026-09-04T08:00:00	0.467	14	30	0.0	28.0	37.0	36.5	160.0	44.0	40.8	36.8	flash	
2026-09-04T08:00:30	0.633	19	30	40.0	38.0	36.0	36.8	140.0	50.0	39.2	36.8	flash	
2026-09-04T08:01:00	0.829	25	30.1556	0.0	50.0	39.2	36.8	180.0	56.0	40.0	37.1	flash	
2026-09-04T08:01:30	0.331	10	30.1667	40.0	20.0	36.0	36.6	60.0	52.0	38.8	36.8	flash	
2026-09-04T08:02:00	0.464	14	30.1667	60.0	28.0	35.0	36.5	220.0	32.0	36.4	36.6	flash	
2026-09-04T08:02:30	0.431	13	30.1667	100.0	26.0	31.8	36.6	120.0	30.0	34.6	36.6	flash	
2026-09-04T08:03:00	0.497	15	30.1667	20.0	30.0	31.6	36.5	140.0	44.0	32.4	36.6	flash	
2026-09-04T08:03:30	0.696	21	30.1667	20.0	42.0	31.4	36.5	120.0	44.0	32.4	36.6	flash	
2026-09-04T08:04:00	0.960	28	29.1611	0.0	56.0	33.8	36.7	160.0	74.0	33.8	36.7	flash	
2026-09-04T08:04:30	0.630	19	30.1667	160.0	38.0	35.6	36.5	160.0	58.0	35.6	36.7	flash	
2026-09-04T08:05:00	0.530	16	30.1667	0.0	32.0	36.0	36.5	160.0	48.0	36.2	36.6	flash	
2026-09-04T08:05:30	0.497	15	30.1667	0.0	30.0	35.2	36.4	120.0	40.0	35.8	36.5	flash	
2026-09-04T08:06:00	0.829	25	30.1667	20.0	50.0	35.2	36.6	140.0	50.0	36.6	36.6	flash	
2026-09-04T08:06:30	0.729	22	30.1667	40.0	44.0	37.6	36.7	160.0	58.0	38.0	36.7	flash	
2026-09-04T08:07:00	0.994	29	29.1611	40.0	62.0	40.8	37.0	180.0	62.0	42.8	37.0	flash	
2026-09-04T08:07:30	0.199	6	30.1667	0.0	12.0	39.6	36.8	60.0	60.0	41.6	37.0	flash	
2026-09-04T08:08:00	0.497	15	30.1667	0.0	30.0	39.2	36.9	100.0	30.0	40.6	36.9	flash	
2026-09-04T08:08:30	0.000	0	30.1667	0.0	0.0	35.0	36.6	0.0	30.0	39.2	36.9	flash	
2026-09-04T08:09:00	0.497	15	30.1667	60.0	30.0	32.4	36.4	80.0	30.0	35.0	36.5	flash	
2026-09-04T08:09:30	0.663	20	30.1667	20.0	40.0	32.6	36.5	180.0	54.0	35.4	36.6	flash	
2026-09-04T08:10:00	0.686	20	29.1611	80.0	40.0	33.4	36.5	100.0	40.0	34.2	36.7	flash	
2026-09-04T08:10:30	0.365	11	30.1667	0.0	22.0	32.6	36.1	100.0	44.0	34.2	36.4	flash	
2026-09-04T08:11:00	0.431	13	30.1667	80.0	26.0	30.2	36.0	80.0	32.0	33.4	36.2	flash	
2026-09-04T08:11:30	0.630	19	30.1667	80.0	38.0	30.0	35.8	100.0	40.0	30.4	36.0	flash	
2026-09-04T08:12:00	0.597	18	30.1667	60.0	36.0	27.4	35.7	160.0	42.0	30.0	36.0	flash	
2026-09-04T08:12:30	0.564	17	30.1667	140.0	34.0	29.6	35.7	160.0	38.0	29.6	35.8	flash	
2026-09-04T08:13:00	0.480	14	29.1611	0.0	30.0	29.4	35.6	100.0	46.0	30.0	35.8	flash	
2026-09-04T08:13:30	0.530	16	30.1667	0.0	32.0	32.6	35.6	120.0	32.0	32.6	35.7	flash	
2026-09-04T08:14:00	0.663	20	30.1667	40.0	40.0	33.6	35.5	140.0	40.0	34.2	35.6	flash	
2026-09-04T08:14:30	0.729	22	30.1667	0.0	44.0	34.0	35.7	140.0	70.0	34.6	35.7	flash	
2026-09-04T08:15:00	0.928	28	30.1667	20.0	56.0	35.6	35.9	240.0	56.0	36.2	35.9	flash	
2026-09-04T08:15:30	0.564	17	30.1667	20.0	34.0	36.8	36.1	120.0	82.0	37.0	36.1	flash	
2026-09-04T08:16:00	1.063	31	29.1611	60.0	64.0	40.6	36.2	180.0	64.0	41.0	36.3	flash	
2026-09-04T08:16:30	0.762	23	30.1667	0.0	46.0	42.0	36.3	120.0	68.0	42.4	36.5	flash	
2026-09-04T08:17:00	0.497	15	30.1667	60.0	30.0	40.8	36.4	100.0	46.0	41.6	36.4	flash	
2026-09-04T08:17:30	0.663	20	30.1667	60.0	40.0	41.4	36.5	100.0	52.0	43.0	36.6	flash	
2026-09-04T08:18:00	0.663	20	30.1667	80.0	40.0	42.4	36.6	120.0	40.0	42.4	36.7	flash	
2026-09-04T08:18:30	0.762	23	30.1667	60.0	46.0	43.8	36.8	180.0	66.0	45.2	36.9	flash	
2026-09-04T08:19:00	0.343	10	29.1611	100.0	22.0	41.8	36.5	100.0	46.0	44.0	36.7	flash	
2026-09-04T08:19:30	0.796	24	30.1667	40.0	48.0	42.2	36.8	140.0	58.0	43.2	36.8	flash	
2026-09-04T08:20:00	0.564	17	30.1667	80.0	34.0	40.0	36.8	100.0	52.0	44.0	37.0	flash	
2026-09-04T08:20:30	0.564	17	30.1667	60.0	34.0	40.2	36.7	120.0	52.0	41.4	36.9	flash	
2026-09-04T08:21:00	0.497	15	30.1667	40.0	30.0	36.8	36.4	120.0	36.0	40.6	36.9	flash	
2026-09-04T08:21:30	0.431	13	30.1667	40.0	26.0	34.8	36.3	60.0	32.0	37.0	36.4	flash	
2026-09-04T08:22:00	0.240	7	29.1611	0.0	14.0	33.2	36.0	60.0	26.0	34.8	36.3	flash	
2026-09-04T08:22:30	0.464	14	30.1667	20.0	28.0	32.0	35.9	120.0	28.0	33.2	36.0	flash	
2026-09-04T08:23:00	0.862	26	30.1667	120.0	52.0	33.2	36.1	160.0	52.0	33.4	36.1	flash	
2026-09-04T08:23:30	0.199	6	30.1667	0.0	12.0	30.0	36.0	100.0	56.0	33.6	36.1	flash	
2026-09-04T08:24:00	0.663	20	30.1667	0.0	40.0	31.8	36.1	200.0	40.0	32.8	36.3	flash	
2026-09-04T08:24:30	0.530	16	30.1667	20.0	32.0	30.2	36.1	120.0	46.0	31.8	36.2	flash	
2026-09-04T08:25:00	0.480	14	29.1611	0.0	28.0	30.0	35.9	100.0	38.0	30.6	36.1	flash	
2026-09-04T08:25:30	0.762	23	30.1667	20.0	46.0	31.2	36.0	140.0	48.0	31.2	36.1	flash	
2026-09-04T08:26:00	0.365	11	30.1667	40.0	22.0	30.2	35.7	60.0	50.0	31.0	36.0	flash	
2026-09-04T08:26:30	0.729	22	30.1667	80.0	44.0	31.8	35.8	140.0	44.0	31.8	35.8	flash	
2026-09-04T08:27:00	0.663	20	30.1667	40.0	40.0	34.4	35.7	100.0	52.0	34.4	35.8	flash	
2026-09-04T08:27:30	0.762	23	30.1667	20.0	46.0	36.2	35.7	140.0	54.0	36.6	35.9	flash	
2026-09-04T08:28:00	0.686	20	29.1611	100.0	42.0	35.4	35.8	180.0	56.0	37.6	35.8	flash	
2026-09-04T08:28:30	0.663	20	30.1667	60.0	40.0	37.8	35.8	140.0	50.0	37.8	35.9	flash	
2026-09-04T08:29:00	0.331	10	30.1667	80.0	20.0	35.8	35.6	100.0	38.0	38.2	35.9	flash	
2026-09-04T08:29:30	0.663	20	30.1667	0.0	40.0	36.6	35.6	180.0	48.0	37.0	35.7	flash	
2026-09-04T08:30:00	0.994	30	30.1667	60.0	60.0	39.8	35.8	140.0	68.0	39.8	35.8	flash	
2026-09-04T08:30:30	1.260	38	30.1667	0.0	76.0	42.8	36.2	260.0	82.0	43.0	36.2	flash	
2026-09-04T08:31:00	1.170	34	29.0611	20.0	68.0	47.6	36.3	280.0	102.0	47.6	36.3	flash	
2026-09-04T08:31:30	0.467	14	30	0.0	28.0	46.0	36.3	200.0	76.0	49.0	36.4	flash	
2026-09-04T08:32:00	0.600	18	30	40.0	36.0	45.6	36.1	80.0	36.0	46.4	36.3	flash	
2026-09-04T08:32:30	0.600	18	30	120.0	36.0	44.6	36.1	160.0	40.0	46.0	36.2	flash	
2026-09-04T08:33:00	0.500	15	30	0.0	30.0	44.2	35.9	140.0	46.0	45.0	36.1	flash	
2026-09-04T08:33:30	0.500	15	30	40.0	30.0	42.4	35.9	120.0	46.0	44.2	36.0	flash	
2026-09-04T08:34:00	3.543	107	30.2	20.0	214.0	61.8	37.5	1780.0	218.0	62.6	37.6	flash	
2026-09-04T08:34:30	0.791	24	30.3333	20.0	48.0	62.6	37.6	140.0	228.0	64.8	37.7	flash	
2026-09-04T08:35:00	0.462	14	30.3333	20.0	28.0	59.4	37.6	180.0	48.0	62.6	37.8	flash	
2026-09-04T08:35:30	0.375	11	29.3222	60.0	24.0	54.0	37.5	80.0	32.0	59.4	37.7	flash	
2026-09-04T08:36:00	0.429	13	30.3333	0.0	26.0	49.8	37.5	100.0	36.0	54.8	37.7	flash	
2026-09-04T08:36:30	0.923	28	30.3333	60.0	56.0	52.6	37.8	160.0	56.0	52.6	37.8	flash	
2026-09-04T08:37:00	0.583	17	29.1444	120.0	34.0	52.4	38.1	120.0	58.0	52.6	38.1	flash	
2026-09-04T08:37:30	0.533	16	30	0.0	32.0	52.0	38.0	120.0	44.0	53.4	38.1	flash	
2026-09-04T08:38:00	0.667	20	30	60.0	40.0	53.0	38.1	160.0	44.0	53.6	38.2	flash	
2026-09-04T08:38:30	0.333	10	30	0.0	20.0	52.0	38.0	80.0	48.0	53.2	38.2	flash	
2026-09-04T08:39:00	0.500	15	30	60.0	30.0	33.6	38.0	120.0	30.0	51.8	38.1	flash	
2026-09-04T08:39:30	0.567	17	30	20.0	34.0	32.2	38.2	120.0	40.0	34.0	38.2	flash	
2026-09-04T08:40:00	0.598	18	30.0889	0.0	36.0	33.2	38.2	140.0	48.0	33.2	38.3	flash	
2026-09-04T08:40:30	0.530	16	30.1667	20.0	32.0	34.0	38.2	120.0	40.0	34.6	38.3	flash	
2026-09-04T08:41:00	0.530	16	30.1667	20.0	32.0	34.6	38.3	80.0	40.0	34.6	38.3	flash	
2026-09-04T08:41:30	0.729	22	30.1667	40.0	44.0	33.4	38.3	140.0	44.0	35.8	38.4	flash	
2026-09-04T08:42:00	0.497	15	30.1667	40.0	30.0	33.0	38.0	80.0	38.0	33.8	38.3	flash	
2026-09-04T08:42:30	0.398	12	30.1667	0.0	24.0	32.2	38.0	140.0	32.0	33.2	38.1	flash	
2026-09-04T08:43:00	0.446	13	29.1611	0.0	26.0	30.8	37.8	120.0	38.0	32.4	38.0	flash	
2026-09-04T08:43:30	0.729	22	30.1667	20.0	44.0	33.2	37.7	160.0	44.0	33.2	37.8	flash	
2026-09-04T08:44:00	0.961	29	30.1667	100.0	58.0	36.0	38.1	220.0	58.0	36.4	38.1	flash	
2026-09-04T08:44:30	0.497	15	30.1667	0.0	30.0	35.6	38.2	100.0	60.0	36.6	38.2	flash	
2026-09-04T08:45:00	0.663	20	30.1667	140.0	40.0	36.0	38.0	140.0	40.0	36.4	38.2	flash	
2026-09-04T08:45:30	0.862	26	30.1667	20.0	52.0	38.0	38.0	180.0	64.0	38.6	38.2	flash	
2026-09-04T08:46:00	0.583	17	29.1611	60.0	34.0	38.2	38.2	100.0	52.0	38.2	38.2	flash	
2026-09-04T08:46:30	0.530	16	30.1667	20.0	32.0	37.2	38.0	160.0	52.0	38.2	38.2	flash	
2026-09-04T08:47:00	0.762	23	30.1667	0.0	46.0	38.8	38.1	140.0	48.0	39.8	38.2	flash	
2026-09-04T08:47:30	0.298	9	30.1667	20.0	18.0	38.0	37.7	80.0	46.0	39.2	38.0	flash	
2026-09-04T08:48:00	0.564	17	30.1667	0.0	34.0	38.8	37.7	180.0	36.0	39.0	37.7	flash	
2026-09-04T08:48:30	0.166	5	30.1667	0.0	10.0	35.4	37.3	60.0	32.0	38.6	37.7	flash	
2026-09-04T08:49:00	0.960	28	29.1611	100.0	56.0	35.2	37.6	100.0	56.0	36.8	37.6	flash	
2026-09-04T08:49:30	0.696	21	30.1667	0.0	42.0	36.4	37.8	200.0	66.0	36.8	37.8	flash	
2026-09-04T08:50:00	0.298	9	30.1667	40.0	18.0	34.4	37.7	40.0	42.0	36.4	37.8	flash	
2026-09-04T08:50:30	0.265	8	30.1667	20.0	16.0	30.6	37.5	80.0	18.0	34.2	37.7	flash	
2026-09-04T08:51:00	0.166	5	30.1667	20.0	10.0	28.2	37.1	60.0	18.0	30.6	37.5	flash	
2026-09-04T08:51:30	0.497	15	30.1667	60.0	30.0	28.0	37.2	100.0	32.0	29.2	37.2	flash	
2026-09-04T08:52:00	0.823	24	29.1611	40.0	50.0	28.2	37.4	100.0	54.0	29.2	37.6	flash	
2026-09-04T08:52:30	1.425	43	30.1667	140.0	86.0	35.0	38.0	240.0	86.0	35.2	38.1	flash	
2026-09-04T08:53:00	0.829	25	30.1667	0.0	50.0	36.6	38.2	340.0	118.0	38.4	38.3	flash	
2026-09-04T08:53:30	0.133	4	30.1667	0.0	8.0	36.4	37.8	40.0	54.0	37.0	38.2	flash	
2026-09-04T08:54:00	0.895	27	30.1667	80.0	54.0	36.2	37.8	140.0	54.0	37.2	37.9	flash	
2026-09-04T08:54:30	0.564	17	30.1667	0.0	34.0	35.4	37.8	120.0	50.0	36.2	38.0	flash	
2026-09-04T08:55:00	0.960	28	29.1611	80.0	56.0	39.2	38.0	200.0	56.0	39.4	38.1	flash	
2026-09-04T08:55:30	0.431	13	30.1667	20.0	26.0	40.4	38.0	80.0	56.0	41.0	38.1	flash	
2026-09-04T08:56:00	0.829	25	30.1667	120.0	50.0	44.2	38.0	240.0	52.0	44.2	38.0	flash	
2026-09-04T08:56:30	0.564	17	30.1667	60.0	34.0	44.8	37.9	160.0	54.0	45.0	38.0	flash	
2026-09-04T08:57:00	0.762	23	30.1667	40.0	46.0	44.4	37.8	140.0	60.0	44.8	37.9	flash	
2026-09-04T08:57:30	0.398	12	30.1667	0.0	24.0	38.2	37.9	80.0	54.0	45.4	37.9	flash	
2026-09-04T08:58:00	0.790	23	29.1056	20.0	46.0	37.8	38.0	180.0	46.0	39.4	38.1	flash	
2026-09-04T08:58:30	0.767	23	30	80.0	46.0	41.6	38.5	140.0	54.0	41.6	38.5	flash	
2026-09-04T08:59:00	0.833	25	30	160.0	50.0	41.6	38.7	160.0	54.0	41.6	38.7	flash	
2026-09-04T08:59:30	0.533	16	30	0.0	32.0	41.0	38.6	160.0	62.0	42.0	38.7	flash	
2026-09-04T09:00:00	0.867	26	30	60.0	52.0	40.6	38.8	160.0	52.0	42.6	38.8	flash	
2026-09-04T09:00:30	0.700	21	30	40.0	42.0	42.4	38.9	140.0	52.0	42.4	38.9	flash	
2026-09-04T09:01:00	0.466	14	30.0556	60.0	28.0	40.0	39.0	160.0	56.0	44.0	39.0	flash	
2026-09-04T09:01:30	0.431	13	30.1667	0.0	26.0	39.4	38.9	140.0	32.0	40.6	39.0	flash	
2026-09-04T09:02:00	0.331	10	30.1667	0.0	20.0	36.8	38.7	100.0	34.0	39.6	38.9	flash	
2026-09-04T09:02:30	0.497	15	30.1667	0.0	30.0	37.2	38.7	100.0	34.0	37.8	38.9	flash	
2026-09-04T09:03:00	0.961	29	30.1667	20.0	58.0	38.4	38.9	240.0	58.0	39.4	39.0	flash	
2026-09-04T09:03:30	0.398	12	30.1667	20.0	24.0	36.2	38.9	100.0	58.0	38.2	39.0	flash	
2026-09-04T09:04:00	0.514	15	29.1611	0.0	32.0	34.2	38.8	200.0	34.0	36.8	38.9	flash	
2026-09-04T09:04:30	0.796	24	30.1667	0.0	48.0	35.8	38.8	120.0	64.0	36.0	38.8	flash	
2026-09-04T09:05:00	0.564	17	30.1667	40.0	34.0	34.0	38.6	100.0	46.0	36.0	39.0	flash	
2026-09-04T09:05:30	0.762	23	30.1667	20.0	46.0	34.4	38.7	140.0	50.0	34.8	38.7	flash	
2026-09-04T09:06:00	0.729	22	30.1667	100.0	44.0	36.0	38.5	140.0	58.0	36.2	38.7	flash	
2026-09-04T09:06:30	0.630	19	30.1667	20.0	38.0	37.2	38.4	180.0	60.0	38.6	38.6	flash	
2026-09-04T09:07:00	0.686	20	29.1611	40.0	40.0	39.2	38.5	120.0	40.0	39.2	38.6	flash	
2026-09-04T09:07:30	0.331	10	30.1667	0.0	20.0	38.2	38.3	80.0	40.0	39.2	38.5	flash	
2026-09-04T09:08:00	0.762	23	30.1667	0.0	46.0	37.0	38.4	140.0	46.0	39.4	38.5	flash	
2026-09-04T09:08:30	0.398	12	30.1667	20.0	24.0	37.2	38.2	80.0	44.0	38.0	38.4	flash	
2026-09-04T09:09:00	0.928	28	30.1667	20.0	56.0	39.6	38.5	160.0	58.0	40.0	38.6	flash	
2026-09-04T09:09:30	0.729	22	30.1667	80.0	44.0	39.2	38.5	160.0	56.0	39.2	38.5	flash	
2026-09-04T09:10:00	0.857	25	29.1611	0.0	50.0	40.8	38.7	160.0	82.0	42.0	38.8	flash	
2026-09-04T09:10:30	0.464	14	30.1667	60.0	28.0	39.0	38.6	120.0	50.0	40.8	38.7	flash	
2026-09-04T09:11:00	0.431	13	30.1667	40.0	26.0	37.2	38.6	120.0	32.0	39.0	38.6	flash	
2026-09-04T09:11:30	0.530	16	30.1667	0.0	32.0	36.6	38.6	120.0	46.0	38.4	38.7	flash	
2026-09-04T09:12:00	0.464	14	30.1667	20.0	28.0	35.4	38.8	80.0	30.0	37.4	38.8	flash	
2026-09-04T09:12:30	0.431	13	30.1667	60.0	26.0	36.0	38.7	80.0	34.0	36.2	38.8	flash	
2026-09-04T09:13:00	0.617	18	29.1611	80.0	36.0	35.0	38.6	120.0	36.0	36.0	38.8	flash	
2026-09-04T09:13:30	0.464	14	30.1667	20.0	28.0	35.6	38.7	100.0	38.0	35.6	38.7	flash	
2026-09-04T09:14:00	0.497	15	30.1667	20.0	30.0	32.8	38.6	160.0	38.0	35.4	38.7	flash	
2026-09-04T09:14:30	0.530	16	30.1667	40.0	32.0	31.6	38.6	100.0	44.0	34.2	38.7	flash	
2026-09-04T09:15:00	0.762	23	30.1667	0.0	46.0	31.2	38.8	140.0	54.0	32.4	38.9	flash	
2026-09-04T09:15:30	0.829	25	30.1667	40.0	50.0	33.4	38.9	180.0	60.0	34.0	39.0	flash	
2026-09-04T09:16:00	0.549	16	29.1611	140.0	32.0	34.0	39.0	140.0	52.0	34.2	39.0	flash	
2026-09-04T09:16:30	0.464	14	30.1667	0.0	28.0	33.6	38.8	160.0	48.0	34.2	39.1	flash	
2026-09-04T09:17:00	0.597	18	30.1667	20.0	36.0	34.4	38.8	140.0	48.0	34.8	38.9	flash	
2026-09-04T09:17:30	0.431	13	30.1667	20.0	26.0	34.4	38.6	100.0	38.0	34.8	38.8	flash	
2026-09-04T09:18:00	1.061	32	30.1667	60.0	64.0	37.2	38.8	180.0	64.0	37.8	38.9	flash	
2026-09-04T09:18:30	0.895	27	30.1667	180.0	54.0	39.8	38.9	180.0	64.0	39.8	38.9	flash	
2026-09-04T09:19:00	0.754	22	29.1611	140.0	50.0	41.4	39.2	140.0	62.0	42.0	39.2	flash	
2026-09-04T09:19:30	0.497	15	30.1667	0.0	30.0	41.2	39.1	120.0	48.0	42.4	39.3	flash	
2026-09-04T09:20:00	0.530	16	30.1667	40.0	32.0	39.6	38.8	80.0	32.0	41.2	39.1	flash	
2026-09-04T09:20:30	0.497	15	30.1667	40.0	30.0	37.6	38.3	100.0	40.0	40.0	38.9	flash	
2026-09-04T09:21:00	0.961	29	30.1667	40.0	58.0	40.2	38.2	140.0	60.0	41.4	38.5	flash	
2026-09-04T09:21:30	0.464	14	30.1667	0.0	28.0	40.2	38.2	100.0	54.0	40.2	38.2	flash	
2026-09-04T09:22:00	0.583	17	29.1611	120.0	34.0	40.0	38.2	120.0	38.0	41.2	38.3	flash	
2026-09-04T09:22:30	1.260	38	30.1667	40.0	76.0	45.0	38.6	280.0	84.0	45.0	38.8	flash	
2026-09-04T09:23:00	0.829	25	30.1667	0.0	50.0	43.6	38.8	280.0	78.0	45.2	38.8	flash	
2026-09-04T09:23:30	1.094	33	30.1667	80.0	66.0	45.4	39.2	220.0	78.0	46.2	39.2	flash	
2026-09-04T09:24:00	0.530	16	30.1667	160.0	32.0	43.6	37.4	160.0	64.0	45.0	39.2	flash	
2026-09-04T09:24:30	0.530	16	30.1667	100.0	32.0	43.8	37.2	160.0	44.0	43.8	37.4	flash	
2026-09-04T09:25:00	0.309	9	29.15	0.0	22.0	42.4	37.1	80.0	40.0	44.4	37.3	flash	
2026-09-04T09:25:30	0.567	17	30	20.0	34.0	43.2	37.2	100.0	36.0	44.0	37.3	flash	
2026-09-04T09:26:00	0.467	14	30	0.0	28.0	40.0	37.2	80.0	34.0	43.0	37.3	flash	
2026-09-04T09:26:30	0.700	21	30	40.0	42.0	41.2	37.1	200.0	42.0	41.6	37.4	flash	
2026-09-04T09:27:00	0.300	9	30	0.0	18.0	40.4	36.9	120.0	44.0	41.2	37.1	flash	
2026-09-04T09:27:30	0.667	20	30	20.0	40.0	36.4	37.0	120.0	40.0	40.6	37.1	flash	
2026-09-04T09:28:00	0.633	19	30.0111	20.0	38.0	34.8	37.0	180.0	42.0	37.2	37.0	flash	
2026-09-04T09:28:30	0.829	25	30.1667	80.0	50.0	33.4	37.3	100.0	64.0	34.8	37.3	flash	
2026-09-04T09:29:00	0.597	18	30.1667	80.0	36.0	35.2	37.4	100.0	50.0	35.2	37.4	flash	
2026-09-04T09:29:30	0.597	18	30.1667	40.0	36.0	34.4	37.4	160.0	44.0	34.6	37.4	flash	
2026-09-04T09:30:00	0.862	26	30.1667	40.0	52.0	37.4	37.5	160.0	58.0	37.4	37.6	flash	
2026-09-04T09:30:30	0.630	19	30.1667	20.0	38.0	37.8	37.6	220.0	58.0	38.0	37.6	flash	
2026-09-04T09:31:00	1.166	34	29.1611	180.0	68.0	41.8	38.0	180.0	68.0	41.8	38.0	flash	
2026-09-04T09:31:30	0.331	10	30.1667	0.0	20.0	39.6	37.7	180.0	78.0	42.2	38.0	flash	
2026-09-04T09:32:00	0.564	17	30.1667	0.0	34.0	41.2	37.8	140.0	36.0	42.0	38.0	flash	
2026-09-04T09:32:30	0.961	29	30.1667	0.0	58.0	43.0	38.1	180.0	62.0	43.6	38.2	flash	
2026-09-04T09:33:00	0.597	18	30.1667	0.0	36.0	42.8	38.2	100.0	64.0	45.4	38.3	flash	
2026-09-04T09:33:30	0.232	7	30.1667	20.0	14.0	39.2	37.9	60.0	36.0	42.8	38.2	flash	
2026-09-04T09:34:00	0.617	18	29.1611	60.0	36.0	39.2	37.7	140.0	36.0	40.8	37.9	flash	
2026-09-04T09:34:30	0.895	27	30.1667	60.0	54.0	41.2	37.9	180.0	56.0	42.6	37.9	flash	
2026-09-04T09:35:00	0.762	23	30.1667	40.0	46.0	40.6	38.0	180.0	60.0	42.4	38.1	flash	
2026-09-04T09:35:30	0.564	17	30.1667	120.0	34.0	40.0	37.8	120.0	44.0	41.2	38.0	flash	
2026-09-04T09:36:00	0.862	26	30.1667	60.0	52.0	38.4	38.0	120.0	58.0	42.2	38.1	flash	
2026-09-04T09:36:30	0.696	21	30.1667	0.0	42.0	40.6	38.1	120.0	52.0	40.6	38.1	flash	
2026-09-04T09:37:00	0.331	10	30.1667	0.0	20.0	39.2	37.8	80.0	46.0	40.8	38.1	flash	
2026-09-04T09:37:30	0.892	26	29.1611	20.0	52.0	38.6	38.2	120.0	52.0	40.0	38.2	flash	
2026-09-04T09:38:00	0.464	14	30.1667	0.0	28.0	37.8	38.1	120.0	52.0	38.6	38.3	flash	
2026-09-04T09:38:30	0.530	16	30.1667	100.0	32.0	39.6	38.3	120.0	32.0	39.6	38.3	flash	
2026-09-04T09:39:00	0.464	14	30.1667	100.0	28.0	38.8	38.0	120.0	36.0	40.0	38.3	flash	
2026-09-04T09:39:30	0.597	18	30.1667	60.0	36.0	37.0	38.0	120.0	42.0	38.8	38.0	flash	
2026-09-04T09:40:00	0.928	28	30.1667	140.0	56.0	38.0	38.4	180.0	60.0	38.2	38.4	flash	
2026-09-04T09:40:30	0.720	21	29.1611	0.0	42.0	38.8	38.6	180.0	84.0	41.0	38.7	flash	
2026-09-04T09:41:00	0.696	21	30.1667	40.0	42.0	37.8	38.9	140.0	42.0	39.2	39.0	flash	
2026-09-04T09:41:30	0.497	15	30.1667	40.0	30.0	36.6	39.0	80.0	44.0	38.0	39.0	flash	
2026-09-04T09:42:00	0.564	17	30.1667	120.0	34.0	38.0	38.8	120.0	36.0	38.0	38.9	flash	
2026-09-04T09:42:30	0.696	21	30.1667	80.0	42.0	37.0	38.4	140.0	52.0	38.2	38.8	flash	
2026-09-04T09:43:00	0.298	9	30.1667	20.0	18.0	36.0	38.0	60.0	44.0	37.4	38.4	flash	
2026-09-04T09:43:30	0.857	25	29.1611	60.0	52.0	38.8	38.5	140.0	52.0	38.8	38.5	flash	
2026-09-04T09:44:00	0.994	30	30.1667	20.0	60.0	41.2	38.6	200.0	74.0	42.0	38.6	flash	
2026-09-04T09:44:30	0.365	11	30.1667	40.0	22.0	40.0	38.4	100.0	60.0	41.4	38.5	flash	
2026-09-04T09:45:00	0.497	15	30.1667	80.0	30.0	37.0	38.1	120.0	30.0	39.8	38.4	flash	
2026-09-04T09:45:30	0.431	13	30.1667	0.0	26.0	35.4	38.1	140.0	50.0	37.2	38.3	flash	
2026-09-04T09:46:00	0.497	15	30.1667	0.0	30.0	34.2	37.9	160.0	30.0	35.8	38.2	flash	
2026-09-04T09:46:30	0.926	27	29.1611	0.0	54.0	36.8	38.2	260.0	70.0	38.6	38.4	flash	
2026-09-04T09:47:00	0.597	18	30.1667	0.0	36.0	37.0	38.1	80.0	60.0	39.2	38.3	flash	
2026-09-04T09:47:30	1.028	31	30.1667	60.0	62.0	38.8	38.4	140.0	62.0	39.8	38.4	flash	
2026-09-04T09:48:00	0.331	10	30.1667	0.0	20.0	39.2	38.2	80.0	66.0	39.8	38.5	flash	
2026-09-04T09:48:30	0.431	13	30.1667	60.0	26.0	36.6	38.0	80.0	26.0	39.2	38.2	flash	
2026-09-04T09:49:00	0.497	15	30.1667	0.0	30.0	33.6	37.8	80.0	36.0	36.8	38.0	flash	
2026-09-04T09:49:30	0.652	19	29.1611	20.0	38.0	35.2	37.8	80.0	38.0	35.4	37.8	flash	
2026-09-04T09:50:00	0.796	24	30.1667	140.0	48.0	37.4	37.8	140.0	50.0	37.6	37.8	flash	
2026-09-04T09:50:30	0.729	22	30.1667	80.0	44.0	38.8	37.8	160.0	64.0	39.2	38.0	flash	
2026-09-04T09:51:00	0.265	8	30.1667	20.0	16.0	37.4	37.7	80.0	44.0	39.0	37.8	flash	
2026-09-04T09:51:30	0.696	21	30.1667	60.0	42.0	36.2	37.8	140.0	42.0	38.0	37.9	flash	
2026-09-04T09:52:00	0.331	10	30.1667	0.0	20.0	34.6	37.8	80.0	50.0	36.4	38.0	flash	
2026-09-04T09:52:30	1.097	32	29.1611	60.0	64.0	34.8	38.2	160.0	64.0	35.8	38.2	flash	
2026-09-04T09:53:00	0.696	21	30.1667	80.0	42.0	37.0	38.0	80.0	70.0	37.0	38.3	flash	
2026-09-04T09:53:30	0.630	19	30.1667	20.0	38.0	38.8	38.2	120.0	48.0	38.8	38.2	flash	
2026-09-04T09:54:00	0.398	12	30.1667	20.0	24.0	37.6	38.1	100.0	40.0	38.4	38.2	flash	
2026-09-04T09:54:30	1.061	32	30.1667	20.0	64.0	40.2	38.3	220.0	74.0	41.2	38.3	flash	
2026-09-04T09:55:00	0.464	14	30.1667	40.0	28.0	38.2	38.2	120.0	64.0	40.4	38.3	flash	
2026-09-04T09:55:30	0.652	19	29.1611	0.0	42.0	37.8	38.1	140.0	42.0	38.4	38.3	flash	
2026-09-04T09:56:00	0.796	24	30.1667	20.0	48.0	40.8	38.2	200.0	52.0	41.2	38.3	flash	
2026-09-04T09:56:30	0.464	14	30.1667	0.0	28.0	39.8	38.1	140.0	48.0	40.8	38.2	flash	
2026-09-04T09:57:00	0.497	15	30.1667	20.0	30.0	40.4	38.0	140.0	44.0	40.4	38.1	flash	
2026-09-04T09:57:30	0.597	18	30.1667	0.0	36.0	37.6	38.1	120.0	38.0	41.2	38.1	flash	
2026-09-04T09:58:00	0.862	26	30.1667	40.0	52.0	38.6	38.2	180.0	62.0	39.6	38.3	flash	
2026-09-04T09:58:30	0.823	24	29.1611	100.0	48.0	39.6	38.4	120.0	54.0	39.6	38.4	flash	
2026-09-04T09:59:00	0.762	23	30.1667	20.0	46.0	42.0	38.3	120.0	58.0	42.2	38.5	flash	
2026-09-04T09:59:30	0.696	21	30.1667	80.0	42.0	39.6	38.3	100.0	50.0	42.2	38.5	flash	
2026-09-04T10:00:00	0.895	27	30.1667	80.0	54.0	42.6	38.3	120.0	58.0	42.6	38.4	flash	
2026-09-04T10:00:30	0.431	13	30.1667	20.0	26.0	41.0	38.3	60.0	52.0	42.6	38.5	flash	
2026-09-04T10:01:00	0.663	20	30.1667	40.0	40.0	40.2	38.5	100.0	40.0	41.6	38.5	flash	
2026-09-04T10:01:30	0.448	13	29.0444	0.0	28.0	40.0	38.4	100.0	36.0	41.4	38.4	flash	
2026-09-04T10:02:00	0.600	18	30	0.0	36.0	40.6	38.5	160.0	50.0	42.2	38.5	flash	
2026-09-04T10:02:30	0.500	15	30	20.0	30.0	40.0	38.5	100.0	34.0	41.2	38.6	flash	
2026-09-04T10:03:00	0.767	23	30	80.0	46.0	39.4	38.7	140.0	48.0	41.2	38.7	flash	
2026-09-04T10:03:30	0.400	12	30	0.0	24.0	37.2	38.6	100.0	46.0	39.8	38.7	flash	
2026-09-04T10:04:00	0.767	23	30	20.0	46.0	37.0	38.8	120.0	46.0	37.8	38.8	flash	
2026-09-04T10:04:30	0.863	26	30.1167	120.0	52.0	38.4	39.0	160.0	52.0	38.4	39.0	flash	
2026-09-04T10:05:00	0.564	17	30.1667	40.0	34.0	36.0	38.8	100.0	62.0	38.0	38.9	flash	
2026-09-04T10:05:30	0.630	19	30.1667	0.0	38.0	37.2	38.7	160.0	54.0	37.6	38.9	flash	
2026-09-04T10:06:00	0.530	16	30.1667	20.0	32.0	36.6	38.7	100.0	48.0	38.0	38.9	flash	
2026-09-04T10:06:30	0.265	8	30.1667	0.0	16.0	35.4	38.6	100.0	28.0	37.4	38.8	flash	
2026-09-04T10:07:00	0.961	29	30.1667	80.0	58.0	37.6	38.8	160.0	58.0	37.6	38.8	flash	
2026-09-04T10:07:30	0.617	18	29.1611	60.0	38.0	38.2	38.9	100.0	60.0	38.4	38.9	flash	
2026-09-04T10:08:00	0.729	22	30.1667	20.0	44.0	38.0	38.7	240.0	52.0	38.8	39.0	flash	
2026-09-04T10:08:30	0.729	22	30.1667	0.0	44.0	40.0	38.7	140.0	66.0	40.4	38.8	flash	
2026-09-04T10:09:00	0.298	9	30.1667	0.0	18.0	37.2	38.3	100.0	44.0	40.0	38.6	flash	
2026-09-04T10:09:30	0.564	17	30.1667	0.0	34.0	35.4	38.4	80.0	38.0	39.6	38.5	flash	
2026-09-04T10:10:00	0.530	16	30.1667	100.0	32.0	35.2	38.4	100.0	34.0	36.2	38.4	flash	
2026-09-04T10:10:30	3.635	106	29.1611	20.0	222.0	52.6	40.2	1800.0	222.0	52.8	40.2	flash	
2026-09-04T10:11:00	0.696	21	30.1667	20.0	42.0	53.8	40.1	140.0	220.0	53.8	40.3	flash	
2026-09-04T10:11:30	0.331	10	30.1667	20.0	20.0	54.0	40.0	60.0	42.0	54.4	40.1	flash	
2026-09-04T10:12:00	0.331	10	30.1667	0.0	20.0	50.4	39.8	60.0	22.0	54.0	40.0	flash	
2026-09-04T10:12:30	0.729	22	30.1667	60.0	44.0	51.0	39.5	140.0	44.0	52.0	40.0	flash	
2026-09-04T10:13:00	0.497	15	30.1667	20.0	30.0	49.6	39.3	140.0	42.0	52.0	39.6	flash	
2026-09-04T10:13:30	0.480	14	29.1611	20.0	28.0	48.0	38.9	140.0	30.0	49.6	39.3	flash	
2026-09-04T10:14:00	0.530	16	30.1667	120.0	32.0	49.4	39.1	120.0	44.0	49.4	39.1	flash	
2026-09-04T10:14:30	0.597	18	30.1667	20.0	36.0	49.6	39.0	100.0	46.0	50.0	39.1	flash	
2026-09-04T10:15:00	0.597	18	30.1667	0.0	36.0	51.0	39.1	120.0	46.0	51.0	39.1	flash	
2026-09-04T10:15:30	0.597	18	30.1667	180.0	36.0	32.4	39.2	180.0	42.0	50.2	39.2	flash	
2026-09-04T10:16:00	0.265	8	30.1667	0.0	16.0	29.8	39.0	100.0	38.0	32.8	39.2	flash	
2026-09-04T10:16:30	0.377	11	29.1611	0.0	22.0	30.2	38.8	80.0	24.0	30.6	39.1	flash	
2026-09-04T10:17:00	0.398	12	30.1667	20.0	24.0	30.4	38.9	80.0	26.0	30.6	38.9	flash	
2026-09-04T10:17:30	0.663	20	30.1667	60.0	40.0	30.6	38.9	120.0	46.0	31.0	39.0	flash	
2026-09-04T10:18:00	1.094	33	30.1667	80.0	66.0	33.6	39.2	160.0	66.0	33.6	39.2	flash	
2026-09-04T10:18:30	0.696	21	30.1667	0.0	42.0	35.0	39.1	160.0	82.0	36.6	39.3	flash	
2026-09-04T10:19:00	0.895	27	30.1667	20.0	54.0	37.2	39.3	120.0	54.0	38.2	39.3	flash	
2026-09-04T10:19:30	0.377	11	29.1611	40.0	22.0	36.0	39.2	120.0	54.0	37.2	39.3	flash	
2026-09-04T10:20:00	0.696	21	30.1667	0.0	42.0	36.4	39.1	160.0	52.0	38.6	39.4	flash	
2026-09-04T10:20:30	0.431	13	30.1667	0.0	26.0	35.6	38.9	80.0	42.0	38.0	39.2	flash	
2026-09-04T10:21:00	0.663	20	30.1667	0.0	40.0	37.8	38.6	140.0	40.0	38.0	39.0	flash	
2026-09-04T10:21:30	0.597	18	30.1667	120.0	36.0	39.2	38.8	120.0	50.0	39.2	38.8	flash	
2026-09-04T10:22:00	0.564	17	30.1667	80.0	34.0	40.2	38.8	80.0	38.0	40.2	38.8	flash	
2026-09-04T10:22:30	0.720	21	29.1611	40.0	44.0	40.4	38.6	120.0	52.0	41.2	38.9	flash	
2026-09-04T10:23:00	0.729	22	30.1667	60.0	44.0	38.2	38.7	100.0	48.0	41.4	38.7	flash	
2026-09-04T10:23:30	0.464	14	30.1667	60.0	28.0	36.8	38.9	100.0	42.0	38.2	38.9	flash	
2026-09-04T10:24:00	0.862	26	30.1667	40.0	52.0	36.6	39.0	240.0	62.0	39.4	39.2	flash	
2026-09-04T10:24:30	0.497	15	30.1667	0.0	30.0	37.4	38.8	80.0	50.0	38.8	39.0	flash	
2026-09-04T10:25:00	0.663	20	30.1667	0.0	40.0	37.2	38.7	160.0	46.0	37.4	38.9	flash	
2026-09-04T10:25:30	0.240	7	29.1611	0.0	14.0	36.0	38.5	60.0	40.0	37.2	38.7	flash	
2026-09-04T10:26:00	0.597	18	30.1667	20.0	36.0	35.6	38.4	220.0	36.0	36.8	38.5	flash	
2026-09-04T10:26:30	0.331	10	30.1667	0.0	20.0	34.0	38.1	80.0	48.0	35.8	38.4	flash	
2026-09-04T10:27:00	0.895	27	30.1667	20.0	54.0	36.2	38.5	200.0	54.0	36.8	38.5	flash	
2026-09-04T10:27:30	0.497	15	30.1667	20.0	30.0	34.8	38.3	120.0	66.0	36.2	38.5	flash	
2026-09-04T10:28:00	0.398	12	30.1667	20.0	24.0	32.8	38.2	120.0	30.0	34.6	38.3	flash	
2026-09-04T10:28:30	0.617	18	29.1611	0.0	36.0	33.8	38.4	180.0	44.0	34.6	38.4	flash	
2026-09-04T10:29:00	0.564	17	30.1667	80.0	34.0	32.2	38.3	120.0	44.0	33.6	38.4	flash	
2026-09-04T10:29:30	0.597	18	30.1667	100.0	36.0	32.4	38.4	220.0	50.0	33.4	38.5	flash	
2026-09-04T10:30:00	0.696	21	30.1667	0.0	42.0	32.6	38.2	140.0	52.0	33.2	38.5	flash	
2026-09-04T10:30:30	0.564	17	30.1667	0.0	34.0	34.6	38.1	160.0	48.0	34.6	38.2	flash	
2026-09-04T10:31:00	0.928	28	30.1667	100.0	56.0	36.6	38.2	180.0	56.0	37.2	38.3	flash	
2026-09-04T10:31:30	0.514	15	29.1611	0.0	30.0	37.6	38.3	120.0	54.0	38.0	38.4	flash	
2026-09-04T10:32:00	0.298	9	30.1667	0.0	18.0	34.0	38.1	100.0	30.0	37.6	38.3	flash	
2026-09-04T10:32:30	0.696	21	30.1667	100.0	42.0	35.2	38.1	180.0	42.0	35.8	38.3	flash	
2026-09-04T10:33:00	0.365	11	30.1667	0.0	22.0	35.0	38.1	80.0	40.0	36.6	38.2	flash	
2026-09-04T10:33:30	0.398	12	30.1667	0.0	24.0	33.8	37.9	140.0	28.0	35.8	38.2	flash	
2026-09-04T10:34:00	0.597	18	30.1667	0.0	36.0	34.0	37.6	120.0	36.0	35.2	38.0	flash	
2026-09-04T10:34:30	0.480	14	29.1611	60.0	28.0	33.8	37.7	100.0	36.0	34.0	37.7	flash	
2026-09-04T10:35:00	1.028	31	30.1667	60.0	62.0	35.2	38.0	120.0	68.0	35.2	38.1	flash	
2026-09-04T10:35:30	0.663	20	30.1667	40.0	40.0	35.8	38.1	120.0	62.0	35.8	38.1	flash	
2026-09-04T10:36:00	0.895	27	30.1667	60.0	54.0	35.6	38.4	140.0	62.0	37.0	38.5	flash	
2026-09-04T10:36:30	0.298	9	30.1667	0.0	18.0	34.4	38.0	100.0	52.0	36.2	38.4	flash	
2026-09-04T10:37:00	0.464	14	30.1667	60.0	28.0	35.4	37.9	80.0	28.0	35.4	38.0	flash	
2026-09-04T10:37:30	0.774	23	29.7167	20.0	52.0	35.8	37.8	140.0	54.0	37.2	38.0	flash	
2026-09-04T10:38:00	1.010	30	29.7111	20.0	60.0	39.6	38.2	220.0	64.0	39.6	38.2	flash	
2026-09-04T10:38:30	0.774	23	29.7111	120.0	46.0	41.8	38.4	120.0	68.0	41.8	38.4	flash	
2026-09-04T10:39:00	0.455	14	30.7722	20.0	28.0	41.0	38.4	140.0	50.0	42.2	38.4	flash	
2026-09-04T10:39:30	0.875	26	29.7111	140.0	54.0	43.4	38.5	180.0	54.0	43.4	38.5	flash	
2026-09-04T10:40:00	0.707	21	29.7111	20.0	52.0	41.4	38.5	240.0	58.0	43.2	38.6	flash	
2026-09-04T10:40:30	0.682	21	30.7722	20.0	42.0	41.6	38.4	100.0	56.0	42.2	38.5	flash	
2026-09-04T10:41:00	0.517	15	29	0.0	30.0	39.2	38.6	120.0	38.0	41.4	38.6	flash	
2026-09-04T10:41:30	0.667	20	30	20.0	40.0	41.4	38.6	240.0	50.0	42.2	38.8	flash	
2026-09-04T10:42:00	0.367	11	30	20.0	22.0	41.4	38.6	80.0	38.0	41.6	38.6	flash	
2026-09-04T10:42:30	0.733	22	30	0.0	44.0	40.6	38.4	160.0	46.0	41.4	38.6	flash	
2026-09-04T10:43:00	0.567	17	30	20.0	34.0	38.0	38.3	100.0	48.0	41.6	38.4	flash	
2026-09-04T10:43:30	0.400	12	30	0.0	24.0	35.8	38.1	80.0	36.0	38.4	38.3	flash	
2026-09-04T10:44:00	0.862	26	30.1611	20.0	52.0	38.4	38.4	180.0	52.0	38.4	38.5	flash	
2026-09-04T10:44:30	0.829	25	30.1667	80.0	50.0	39.0	38.3	100.0	60.0	39.4	38.4	flash	
2026-09-04T10:45:00	0.663	20	30.1667	20.0	40.0	37.8	38.4	200.0	52.0	38.4	38.4	flash	
2026-09-04T10:45:30	0.398	12	30.1667	20.0	24.0	36.0	38.3	120.0	44.0	37.4	38.4	flash	
2026-09-04T10:46:00	0.928	28	30.1667	60.0	56.0	38.6	38.3	140.0	60.0	38.6	38.4	flash	
2026-09-04T10:46:30	0.464	14	30.1667	0.0	28.0	37.4	38.3	140.0	62.0	38.6	38.5	flash	
2026-09-04T10:47:00	0.480	14	29.1611	20.0	28.0	38.0	38.3	120.0	40.0	39.0	38.4	flash	
2026-09-04T10:47:30	0.497	15	30.1667	0.0	30.0	36.6	38.3	120.0	40.0	38.6	38.4	flash	
2026-09-04T10:48:00	0.597	18	30.1667	80.0	36.0	36.8	38.1	100.0	36.0	36.8	38.3	flash	
2026-09-04T10:48:30	0.862	26	30.1667	20.0	52.0	39.6	38.1	180.0	58.0	39.6	38.3	flash	
2026-09-04T10:49:00	0.630	19	30.1667	0.0	38.0	38.2	38.1	100.0	52.0	40.4	38.1	flash	
2026-09-04T10:49:30	0.431	13	30.1667	0.0	26.0	35.8	37.9	140.0	48.0	39.0	38.2	flash	
2026-09-04T10:50:00	0.480	14	29.1611	40.0	28.0	34.6	37.6	100.0	28.0	36.0	37.9	flash	
2026-09-04T10:50:30	0.232	7	30.1667	0.0	14.0	33.6	37.5	60.0	32.0	35.2	37.7	flash	
2026-09-04T10:51:00	0.199	6	30.1667	40.0	12.0	29.4	37.3	80.0	18.0	34.0	37.5	flash	
2026-09-04T10:51:30	0.464	14	30.1667	60.0	28.0	29.2	37.3	80.0	32.0	29.8	37.3	flash	
2026-09-04T10:52:00	0.597	18	30.1667	80.0	36.0	30.0	37.3	120.0	36.0	30.2	37.3	flash	
2026-09-04T10:52:30	0.398	12	30.1667	20.0	24.0	29.4	37.2	80.0	44.0	30.2	37.3	flash	
2026-09-04T10:53:00	0.892	26	29.1611	140.0	52.0	31.2	37.3	240.0	52.0	31.8	37.3	flash	
2026-09-04T10:53:30	0.961	29	30.1667	20.0	58.0	31.6	37.6	240.0	72.0	33.6	37.6	flash	
2026-09-04T10:54:00	0.663	20	30.1667	0.0	40.0	31.8	37.5	140.0	58.0	32.8	37.7	flash	
2026-09-04T10:54:30	0.497	15	30.1667	0.0	30.0	32.2	37.3	160.0	50.0	32.6	37.8	flash	
2026-09-04T10:55:00	0.464	14	30.1667	0.0	28.0	32.2	37.3	120.0	34.0	33.6	37.4	flash	
2026-09-04T10:55:30	0.762	23	30.1667	40.0	46.0	35.4	37.3	200.0	50.0	35.4	37.4	flash	
2026-09-04T10:56:00	0.892	26	29.1611	60.0	52.0	39.8	37.6	220.0	54.0	39.8	37.6	flash	
2026-09-04T10:56:30	0.464	14	30.1667	20.0	28.0	39.4	37.7	100.0	62.0	40.2	37.7	flash	
2026-09-04T10:57:00	0.530	16	30.1667	0.0	32.0	39.0	37.4	120.0	44.0	41.8	37.7	flash	
2026-09-04T10:57:30	0.597	18	30.1667	80.0	36.0	40.2	37.4	80.0	36.0	40.2	37.5	flash	
2026-09-04T10:58:00	0.530	16	30.1667	0.0	32.0	38.2	37.3	120.0	54.0	41.2	37.5	flash	
2026-09-04T10:58:30	0.796	24	30.1667	20.0	48.0	37.2	37.3	200.0	58.0	40.2	37.6	flash	
2026-09-04T10:59:00	0.514	15	29.1611	60.0	32.0	36.2	37.4	160.0	38.0	37.2	37.4	flash	
2026-09-04T10:59:30	0.497	15	30.1667	0.0	30.0	36.2	37.4	160.0	48.0	36.6	37.4	flash	
2026-09-04T11:00:00	0.365	11	30.1667	0.0	22.0	35.6	37.4	120.0	34.0	36.6	37.4	flash	
2026-09-04T11:00:30	0.862	26	30.1667	140.0	52.0	36.2	35.7	140.0	52.0	36.8	37.4	flash	
2026-09-04T11:01:00	0.928	28	30.1667	20.0	56.0	36.6	35.8	200.0	68.0	37.0	35.9	flash	
2026-09-04T11:01:30	0.464	14	30.1667	20.0	28.0	36.6	35.9	80.0	56.0	36.8	35.9	flash	
2026-09-04T11:02:00	0.583	17	29.1611	100.0	34.0	36.8	36.1	180.0	36.0	36.8	36.1	flash	
2026-09-04T11:02:30	0.331	10	30.1667	40.0	20.0	35.4	35.9	120.0	46.0	37.8	36.1	flash	
2026-09-04T11:03:00	0.862	26	30.1667	0.0	52.0	37.2	36.0	140.0	56.0	37.4	36.1	flash	
2026-09-04T11:03:30	0.564	17	30.1667	20.0	34.0	36.0	36.1	160.0	44.0	37.2	36.1	flash	
2026-09-04T11:04:00	0.431	13	30.1667	80.0	26.0	35.4	36.0	80.0	34.0	36.2	36.1	flash	
2026-09-04T11:04:30	1.028	31	30.1667	40.0	62.0	38.6	36.3	220.0	66.0	38.6	36.3	flash	
2026-09-04T11:05:00	0.617	18	29.1611	40.0	38.0	40.0	36.3	100.0	70.0	40.8	36.4	flash	
2026-09-04T11:05:30	0.696	21	30.1667	0.0	42.0	39.0	36.4	160.0	46.0	40.4	36.5	flash	
2026-09-04T11:06:00	0.398	12	30.1667	40.0	24.0	35.8	36.4	100.0	46.0	39.4	36.4	flash	
2026-09-04T11:06:30	0.530	16	30.1667	0.0	32.0	36.2	36.5	140.0	46.0	37.4	36.6	flash	
2026-09-04T11:07:00	0.796	24	30.1667	100.0	48.0	37.6	36.8	140.0	50.0	38.8	36.8	flash	
2026-09-04T11:07:30	1.160	35	30.1667	40.0	70.0	42.6	37.1	220.0	78.0	42.6	37.1	flash	
2026-09-04T11:08:00	0.446	13	29.1611	20.0	28.0	40.0	36.7	60.0	60.0	41.6	37.1	flash	
2026-09-04T11:08:30	0.961	29	30.1667	40.0	58.0	42.4	36.8	160.0	58.0	43.6	36.8	flash	
2026-09-04T11:09:00	0.762	23	30.1667	80.0	46.0	44.4	36.8	120.0	62.0	44.8	36.9	flash	
2026-09-04T11:09:30	0.597	18	30.1667	0.0	36.0	42.0	36.9	180.0	56.0	45.2	37.1	flash	
2026-09-04T11:10:00	0.530	16	30.1667	0.0	32.0	41.4	36.8	100.0	46.0	42.6	36.9	flash	
2026-09-04T11:10:30	0.663	20	30.1667	40.0	40.0	41.2	36.9	120.0	40.0	42.6	36.9	flash	
2026-09-04T11:11:00	0.369	11	29.8444	0.0	26.0	41.0	36.8	60.0	40.0	42.6	36.9	flash	
2026-09-04T11:11:30	0.305	9	29.55	0.0	18.0	39.6	36.6	140.0	26.0	41.6	36.8	flash	
2026-09-04T11:12:00	1.077	33	30.6444	40.0	66.0	41.4	36.9	160.0	66.0	42.0	37.0	flash	
2026-09-04T11:12:30	0.609	18	29.55	20.0	38.0	38.2	36.8	100.0	68.0	40.4	36.9	flash	
2026-09-04T11:13:00	0.812	24	29.55	100.0	48.0	40.2	36.9	120.0	48.0	40.2	36.9	flash	
2026-09-04T11:13:30	1.273	39	30.6444	120.0	78.0	42.2	37.4	240.0	78.0	43.4	37.4	flash	
2026-09-04T11:14:00	1.777	52	29.2667	80.0	112.0	48.0	37.9	360.0	120.0	48.6	37.9	flash	
2026-09-04T11:14:30	2.000	60	30	300.0	120.0	56.4	38.8	340.0	122.0	56.4	38.8	flash	
2026-09-04T11:15:00	0.867	26	30	0.0	52.0	58.4	38.9	380.0	122.0	59.4	39.0	flash	
2026-09-04T11:15:30	1.733	52	30	220.0	104.0	65.2	39.8	300.0	104.0	65.2	39.8	flash	
2026-09-04T11:16:00	0.533	16	30	40.0	32.0	65.8	39.8	120.0	116.0	66.8	40.1	flash	
2026-09-04T11:16:30	2.000	60	30	200.0	120.0	76.0	40.8	620.0	120.0	76.0	40.8	flash	
2026-09-04T11:17:00	1.966	59	30.0167	120.0	118.0	81.4	41.4	680.0	138.0	81.6	41.4	flash	
2026-09-04T11:17:30	0.796	24	30.1667	0.0	48.0	82.4	41.6	200.0	126.0	83.8	41.7	flash	
2026-09-04T11:18:00	1.591	48	30.1667	100.0	96.0	87.2	42.3	560.0	102.0	88.8	42.4	flash	
2026-09-04T11:18:30	1.061	32	30.1667	220.0	64.0	86.6	42.6	220.0	98.0	87.2	42.6	flash	
2026-09-04T11:19:00	0.762	23	30.1667	60.0	46.0	80.0	42.7	220.0	74.0	85.8	42.8	flash	
2026-09-04T11:19:30	0.895	27	30.1667	120.0	54.0	73.4	42.9	200.0	54.0	80.8	42.9	flash	
2026-09-04T11:20:00	0.627	19	30.2929	20.0	40.0	72.0	42.9	120.0	66.0	74.2	42.9	flash	
2026-09-04T11:20:30	0.368	11	29.8571	40.0	22.0	63.8	42.7	80.0	38.0	72.0	42.8	flash	
2026-09-04T11:21:00	0.702	20	28.4762	40.0	42.0	64.6	42.6	120.0	44.0	65.0	42.7	flash	
2026-09-04T11:21:30	1.083	32	29.5571	120.0	64.0	59.0	42.9	180.0	64.0	61.4	42.9	flash	
2026-09-04T11:22:00	0.961	29	30.1667	40.0	58.0	53.0	43.3	200.0	80.0	61.0	43.3	flash	
2026-09-04T11:22:30	0.696	21	30.1667	100.0	42.0	52.4	43.3	120.0	52.0	54.0	43.4	flash	
2026-09-04T11:23:00	0.497	15	30.1667	40.0	30.0	45.8	43.4	100.0	40.0	52.6	43.4	flash	
2026-09-04T11:23:30	0.663	20	30.1667	0.0	40.0	43.4	43.6	180.0	44.0	47.0	43.6	flash	
2026-09-04T11:24:00	0.431	13	30.1667	0.0	26.0	41.4	43.5	120.0	52.0	44.4	43.6	flash	
2026-09-04T11:24:30	0.549	16	29.1333	80.0	32.0	39.4	43.5	120.0	32.0	41.4	43.5	flash	
2026-09-04T11:25:00	0.800	24	30	60.0	48.0	40.2	43.4	140.0	56.0	40.8	43.6	flash	
2026-09-04T11:25:30	0.567	17	30	60.0	34.0	41.6	43.3	120.0	46.0	41.6	43.4	flash	
2026-09-04T11:26:00	0.567	17	30	0.0	34.0	40.8	43.1	100.0	54.0	42.8	43.3	flash	
2026-09-04T11:26:30	0.867	26	30	140.0	52.0	39.6	43.4	140.0	52.0	41.2	43.4	flash	
2026-09-04T11:27:00	0.300	9	30	0.0	18.0	35.6	43.4	120.0	56.0	39.6	43.5	flash	
2026-09-04T11:27:30	0.433	13	30.0278	0.0	26.0	34.6	43.1	60.0	32.0	36.0	43.3	flash	
2026-09-04T11:28:00	0.696	21	30.1667	60.0	42.0	35.2	43.0	100.0	42.0	36.0	43.3	flash	
2026-09-04T11:28:30	0.564	17	30.1667	0.0	34.0	34.6	42.8	140.0	46.0	36.4	43.0	flash	
2026-09-04T11:29:00	0.729	22	30.1667	40.0	44.0	36.4	43.0	160.0	48.0	36.4	43.0	flash	
2026-09-04T11:29:30	0.564	17	30.1667	0.0	34.0	36.6	42.8	160.0	50.0	37.8	43.1	flash	
2026-09-04T11:30:00	0.298	9	30.1667	40.0	18.0	33.6	42.6	40.0	34.0	36.2	42.8	flash	
2026-09-04T11:30:30	0.686	20	29.1611	20.0	40.0	34.2	42.6	160.0	44.0	36.4	42.7	flash	
2026-09-04T11:31:00	0.530	16	30.1667	40.0	32.0	34.0	42.6	200.0	40.0	34.2	42.6	flash	
2026-09-04T11:31:30	0.597	18	30.1667	0.0	36.0	32.4	42.5	160.0	62.0	35.6	42.8	flash	
2026-09-04T11:32:00	0.696	21	30.1667	0.0	42.0	34.8	42.7	180.0	42.0	34.8	42.8	flash	
2026-09-04T11:32:30	0.696	21	30.1667	60.0	42.0	36.4	42.7	120.0	54.0	36.4	42.8	flash	
2026-09-04T11:33:00	0.265	8	30.1667	0.0	16.0	33.8	42.5	80.0	42.0	35.8	42.7	flash	
2026-09-04T11:33:30	1.132	33	29.1611	40.0	66.0	37.0	43.0	240.0	66.0	37.0	43.0	flash	
2026-09-04T11:34:00	0.597	18	30.1667	20.0	36.0	36.2	42.8	80.0	68.0	37.6	43.1	flash	
2026-09-04T11:34:30	0.696	21	30.1667	0.0	42.0	37.0	42.7	120.0	48.0	38.6	42.9	flash	
2026-09-04T11:35:00	0.530	16	30.1667	20.0	32.0	38.4	42.6	60.0	46.0	38.6	42.8	flash	
2026-09-04T11:35:30	0.762	23	30.1667	40.0	46.0	39.0	42.9	180.0	48.0	39.0	42.9	flash	
2026-09-04T11:36:00	0.398	12	30.1667	80.0	24.0	38.2	42.5	80.0	54.0	40.2	42.9	flash	
2026-09-04T11:36:30	0.446	13	29.15	0.0	26.0	37.2	42.5	100.0	36.0	38.8	42.7	flash	
2026-09-04T11:37:00	0.833	25	30	80.0	50.0	38.0	42.8	100.0	50.0	38.6	42.8	flash	
2026-09-04T11:37:30	0.633	19	30	100.0	38.0	38.2	42.8	100.0	52.0	38.6	42.8	flash	
2026-09-04T11:38:00	0.700	21	30	40.0	42.0	40.2	42.9	160.0	52.0	40.2	42.9	flash	
2026-09-04T11:38:30	0.333	10	30	60.0	20.0	35.8	42.6	60.0	44.0	40.6	42.9	flash	
2026-09-04T11:39:00	0.500	15	30	20.0	30.0	35.2	42.5	160.0	34.0	35.8	42.6	flash	
2026-09-04T11:39:30	0.433	13	30.0111	20.0	26.0	33.4	42.5	140.0	34.0	35.4	42.5	flash	
2026-09-04T11:40:00	1.094	33	30.1667	60.0	66.0	37.0	42.9	180.0	66.0	37.0	42.9	flash	
2026-09-04T11:40:30	0.530	16	30.1667	80.0	32.0	35.4	43.0	120.0	66.0	37.8	43.0	flash	
2026-09-04T11:41:00	0.597	18	30.1667	160.0	36.0	36.6	43.3	200.0	38.0	37.2	43.3	flash	
2026-09-04T11:41:30	0.895	27	30.1667	80.0	54.0	39.4	43.5	140.0	68.0	39.4	43.6	flash	
2026-09-04T11:42:00	0.696	21	30.1667	20.0	42.0	38.6	43.6	160.0	60.0	40.6	43.8	flash	
2026-09-04T11:42:30	0.412	12	29.1611	0.0	24.0	37.2	43.6	120.0	44.0	39.0	43.6	flash	
2026-09-04T11:43:00	0.696	21	30.1667	120.0	42.0	37.2	43.5	140.0	42.0	37.8	43.7	flash	
2026-09-04T11:43:30	1.193	36	30.1667	40.0	72.0	42.4	43.6	180.0	92.0	42.6	43.7	flash	
2026-09-04T11:44:00	0.431	13	30.1667	40.0	26.0	42.0	43.5	100.0	72.0	43.0	43.6	flash	
2026-09-04T11:44:30	0.762	23	30.1667	80.0	46.0	44.0	43.7	120.0	46.0	44.4	43.7	flash	
2026-09-04T11:45:00	0.564	17	30.1667	20.0	34.0	40.8	43.7	160.0	54.0	44.0	43.8	flash	
2026-09-04T11:45:30	0.617	18	29.1611	0.0	38.0	41.2	43.6	60.0	52.0	42.0	43.8	flash	
2026-09-04T11:46:00	0.696	21	30.1667	0.0	42.0	41.8	43.5	140.0	44.0	43.8	43.6	flash	
2026-09-04T11:46:30	0.431	13	30.1667	0.0	26.0	39.0	43.5	100.0	50.0	42.0	43.6	flash	
2026-09-04T11:47:00	0.597	18	30.1667	40.0	36.0	38.4	43.5	160.0	36.0	39.6	43.5	flash	
2026-09-04T11:47:30	0.464	14	30.1667	20.0	28.0	38.8	43.5	80.0	42.0	39.6	43.6	flash	
2026-09-04T11:48:00	0.696	21	30.1667	40.0	42.0	38.8	43.6	180.0	42.0	40.6	43.6	flash	
2026-09-04T11:48:30	0.232	7	30.1667	0.0	14.0	33.0	43.2	100.0	42.0	38.8	43.5	flash	
2026-09-04T11:49:00	0.652	19	29.1611	0.0	38.0	34.4	43.3	120.0	38.0	34.6	43.4	flash	
2026-09-04T11:49:30	0.796	24	30.1667	140.0	48.0	34.8	43.5	180.0	48.0	35.6	43.5	flash	
2026-09-04T11:50:00	0.762	23	30.1667	160.0	46.0	35.8	43.7	160.0	60.0	35.8	43.7	flash	
2026-09-04T11:50:30	0.928	28	30.1667	140.0	56.0	37.6	43.8	180.0	70.0	37.6	43.9	flash	
2026-09-04T11:51:00	0.232	7	30.1667	20.0	14.0	34.8	43.3	200.0	60.0	38.4	43.8	flash	
2026-09-04T11:51:30	0.663	20	30.1667	20.0	40.0	36.2	43.5	160.0	40.0	36.4	43.6	flash	
2026-09-04T11:52:00	0.789	23	29.1611	20.0	48.0	37.6	43.6	140.0	54.0	38.8	43.7	flash	
2026-09-04T11:52:30	0.298	9	30.1667	40.0	18.0	36.2	43.6	60.0	46.0	37.8	43.6	flash	
2026-09-04T11:53:00	0.564	17	30.1667	0.0	34.0	35.6	43.4	120.0	38.0	36.8	43.5	flash	
2026-09-04T11:53:30	0.630	19	30.1667	20.0	38.0	37.8	43.4	180.0	38.0	37.8	43.5	flash	
2026-09-04T11:54:00	0.994	30	30.1667	160.0	60.0	40.0	43.8	160.0	60.0	40.0	43.8	flash	
2026-09-04T11:54:30	0.961	29	30.1667	40.0	58.0	41.0	43.7	240.0	86.0	42.6	44.0	flash	
2026-09-04T11:55:00	0.686	20	29.1611	0.0	40.0	41.0	43.8	160.0	48.0	42.4	43.8	flash	
2026-09-04T11:55:30	0.431	13	30.1667	20.0	26.0	38.8	43.6	60.0	48.0	40.4	43.8	flash	
2026-09-04T11:56:00	0.762	23	30.1667	80.0	46.0	40.6	43.8	120.0	48.0	40.6	43.9	flash	
2026-09-04T11:56:30	0.762	23	30.1667	80.0	46.0	41.4	44.0	160.0	52.0	41.4	44.0	flash	
2026-09-04T11:57:00	0.431	13	30.1667	20.0	26.0	39.2	43.7	100.0	50.0	41.2	43.9	flash	
2026-09-04T11:57:30	0.597	18	30.1667	20.0	36.0	41.0	43.4	140.0	38.0	41.2	43.6	flash	
2026-09-04T11:58:00	0.514	15	29.1611	20.0	30.0	40.6	43.4	100.0	40.0	41.2	43.5	flash	
2026-09-04T11:58:30	0.497	15	30.1667	80.0	30.0	39.8	43.2	120.0	34.0	41.6	43.4	flash	
2026-09-04T11:59:00	0.564	17	30.1667	0.0	34.0	38.0	43.0	100.0	42.0	40.0	43.2	flash	
2026-09-04T11:59:30	0.298	9	30.1667	20.0	18.0	33.2	42.9	60.0	40.0	37.2	43.1	flash	
2026-09-04T12:00:00	0.928	28	30.1667	60.0	56.0	34.8	43.1	180.0	56.0	36.0	43.1	flash	
2026-09-04T12:00:30	0.564	17	30.1667	80.0	34.0	35.6	43.0	100.0	56.0	35.8	43.1	flash	
2026-09-04T12:01:00	0.514	15	29.1611	20.0	30.0	34.2	43.1	80.0	48.0	35.8	43.1	flash	
2026-09-04T12:01:30	0.762	23	30.1667	60.0	46.0	34.0	43.4	100.0	46.0	35.8	43.4	flash	
2026-09-04T12:02:00	0.829	25	30.1667	0.0	50.0	36.6	43.3	160.0	58.0	36.8	43.5	flash	
2026-09-04T12:02:30	0.663	20	30.1667	80.0	40.0	36.8	43.3	120.0	46.0	37.0	43.3	flash	
2026-09-04T12:03:00	0.928	28	30.1667	100.0	56.0	39.4	43.4	180.0	62.0	39.4	43.4	flash	
2026-09-04T12:03:30	0.762	23	30.1667	80.0	46.0	41.0	43.0	160.0	62.0	41.0	43.4	flash	
2026-09-04T12:04:00	0.583	17	29.1611	0.0	38.0	41.0	42.3	120.0	48.0	41.4	42.8	flash	
2026-09-04T12:04:30	0.762	23	30.1667	40.0	46.0	43.8	41.6	180.0	46.0	43.8	42.3	flash	
2026-09-04T12:05:00	0.630	19	30.1667	0.0	38.0	42.0	41.5	120.0	58.0	43.8	41.7	flash	
2026-09-04T12:05:30	0.331	10	30.1667	0.0	20.0	40.6	40.6	100.0	38.0	42.4	41.5	flash	
2026-09-04T12:06:00	0.729	22	30.1667	40.0	44.0	42.0	40.7	200.0	44.0	42.0	40.8	flash	
2026-09-04T12:06:30	0.365	11	30.1667	0.0	22.0	39.6	39.8	100.0	54.0	42.4	40.4	flash	
2026-09-04T12:07:00	0.857	25	29.1611	60.0	50.0	39.6	39.1	180.0	50.0	39.6	39.7	flash	
2026-09-04T12:07:30	0.398	12	30.1667	0.0	24.0	38.0	38.8	80.0	58.0	40.2	39.1	flash	
2026-09-04T12:08:00	0.696	21	30.1667	20.0	42.0	37.2	38.3	160.0	42.0	38.4	38.9	flash	
2026-09-04T12:08:30	0.994	30	30.1667	40.0	60.0	38.4	38.3	180.0	60.0	38.6	38.5	flash	
2026-09-04T12:09:00	0.497	15	30.1667	0.0	30.0	37.6	38.1	140.0	62.0	38.2	38.3	flash	
2026-09-04T12:09:30	0.431	13	30.1667	20.0	26.0	35.6	37.8	80.0	38.0	38.6	38.1	flash	
2026-09-04T12:10:00	0.857	25	29.1611	240.0	50.0	36.8	37.9	240.0	50.0	36.8	37.9	flash	
2026-09-04T12:10:30	0.762	23	30.1667	20.0	46.0	39.4	38.2	120.0	70.0	40.0	38.3	flash	
2026-09-04T12:11:00	0.564	17	30.1667	0.0	34.0	38.6	38.1	180.0	46.0	40.8	38.3	flash	
2026-09-04T12:11:30	0.597	18	30.1667	0.0	36.0	39.8	37.8	140.0	46.0	39.8	38.1	flash	
2026-09-04T12:12:00	0.564	17	30.1667	100.0	34.0	38.2	37.6	100.0	40.0	40.6	37.7	flash	
2026-09-04T12:12:30	0.497	15	30.1667	0.0	30.0	38.8	37.5	100.0	40.0	38.8	37.6	flash	
2026-09-04T12:13:00	0.514	15	29.1611	20.0	30.0	37.8	37.5	140.0	36.0	39.2	37.6	flash	
2026-09-04T12:13:30	0.862	26	30.1667	80.0	52.0	37.0	37.6	160.0	52.0	37.8	37.6	flash	
2026-09-04T12:14:00	0.564	17	30.1667	160.0	34.0	37.2	37.7	180.0	58.0	37.8	37.7	flash	
2026-09-04T12:14:30	0.829	25	30.1667	0.0	50.0	39.6	37.9	200.0	66.0	40.0	38.0	flash	
2026-09-04T12:15:00	0.298	9	30.1667	0.0	18.0	36.4	37.6	60.0	40.0	40.0	37.8	flash	
2026-09-04T12:15:30	0.729	22	30.1667	20.0	44.0	36.2	37.7	120.0	44.0	36.6	37.8	flash	
2026-09-04T12:16:00	0.309	9	29.1611	60.0	18.0	34.6	37.5	60.0	46.0	36.4	37.7	flash	
2026-09-04T12:16:30	0.961	29	30.1667	40.0	58.0	36.8	37.6	140.0	62.0	37.8	37.7	flash	
2026-09-04T12:17:00	0.762	23	30.1667	20.0	46.0	38.6	37.8	200.0	58.0	39.0	37.8	flash	
2026-09-04T12:17:30	0.365	11	30.1667	40.0	22.0	37.2	37.8	60.0	52.0	38.6	37.9	flash	
2026-09-04T12:18:00	0.497	15	30.1667	0.0	30.0	37.2	37.7	140.0	34.0	37.6	37.8	flash	
2026-09-04T12:18:30	0.928	28	30.1667	140.0	56.0	37.6	37.9	160.0	56.0	39.0	37.9	flash	
2026-09-04T12:19:00	0.754	22	29.1611	180.0	46.0	38.6	37.9	180.0	56.0	38.6	37.9	flash	
2026-09-04T12:19:30	0.365	11	30.1667	0.0	22.0	35.8	37.8	200.0	50.0	38.8	37.9	flash	
2026-09-04T12:20:00	0.497	15	30.1667	40.0	30.0	37.0	37.9	120.0	32.0	37.0	37.9	flash	
2026-09-04T12:20:30	0.497	15	30.1667	20.0	30.0	35.6	37.8	180.0	40.0	37.2	37.9	flash	
2026-09-04T12:21:00	0.166	5	30.1667	20.0	10.0	34.8	37.6	60.0	34.0	35.8	37.8	flash	
2026-09-04T12:21:30	0.564	17	30.1667	20.0	34.0	32.4	37.6	180.0	36.0	34.8	37.6	flash	
2026-09-04T12:22:00	0.652	19	29.1611	20.0	38.0	31.6	37.5	140.0	40.0	32.6	37.6	flash	
2026-09-04T12:22:30	0.597	18	30.1667	0.0	36.0	33.4	37.5	140.0	62.0	33.6	37.6	flash	
2026-09-04T12:23:00	0.365	11	30.1667	0.0	22.0	32.2	37.5	100.0	40.0	33.8	37.5	flash	
2026-09-04T12:23:30	0.298	9	30.1667	0.0	18.0	28.6	37.0	80.0	28.0	32.2	37.5	flash	
2026-09-04T12:24:00	1.193	36	30.1667	0.0	72.0	31.2	37.4	200.0	72.0	33.0	37.4	flash	
2026-09-04T12:24:30	0.398	12	30.1667	0.0	24.0	31.4	37.2	120.0	72.0	32.2	37.4	flash	
2026-09-04T12:25:00	0.722	21	29.0667	40.0	42.0	32.6	37.3	80.0	42.0	32.8	37.3	flash	
2026-09-04T12:25:30	1.033	31	30	60.0	62.0	36.0	37.5	160.0	64.0	36.0	37.6	flash	
2026-09-04T12:26:00	0.600	18	30	0.0	36.0	38.4	37.6	160.0	74.0	38.6	37.7	flash	
2026-09-04T12:26:30	0.300	9	30	40.0	18.0	36.8	37.5	100.0	30.0	38.6	37.6	flash	
2026-09-04T12:27:00	0.467	14	30	20.0	28.0	35.8	37.3	80.0	32.0	37.6	37.5	flash	
2026-09-04T12:27:30	0.933	28	30	80.0	56.0	37.8	37.5	140.0	56.0	37.8	37.6	flash	
2026-09-04T12:28:00	0.631	19	30.0944	80.0	38.0	39.4	37.4	200.0	56.0	39.4	37.5	flash	
2026-09-04T12:28:30	0.564	17	30.1667	40.0	34.0	41.0	37.6	100.0	58.0	41.0	37.6	flash	
2026-09-04T12:29:00	0.497	15	30.1667	0.0	30.0	36.8	37.6	80.0	38.0	41.0	37.7	flash	
2026-09-04T12:29:30	1.028	31	30.1667	80.0	62.0	40.6	37.9	200.0	62.0	40.6	38.0	flash	
2026-09-04T12:30:00	0.530	16	30.1667	40.0	32.0	39.6	37.6	100.0	76.0	41.0	38.0	flash	
2026-09-04T12:30:30	0.497	15	30.1667	20.0	30.0	36.4	37.6	80.0	36.0	39.8	37.6	flash	
2026-09-04T12:31:00	0.171	5	29.1611	0.0	12.0	33.8	37.3	40.0	30.0	35.6	37.6	flash	
2026-09-04T12:31:30	0.398	12	30.1667	0.0	24.0	34.4	37.0	160.0	26.0	35.6	37.3	flash	
2026-09-04T12:32:00	0.331	10	30.1667	0.0	20.0	33.6	36.8	80.0	32.0	34.8	37.0	flash	
2026-09-04T12:32:30	0.928	28	30.1667	0.0	56.0	33.6	37.1	300.0	66.0	36.6	37.3	flash	
2026-09-04T12:33:00	1.127	34	30.1667	80.0	68.0	36.6	37.4	200.0	68.0	37.0	37.4	flash	
2026-09-04T12:33:30	0.464	14	30.1667	40.0	28.0	36.0	36.9	120.0	66.0	36.8	37.4	flash	
2026-09-04T12:34:00	0.720	21	29.1611	80.0	44.0	37.2	37.1	140.0	46.0	37.2	37.1	flash	
2026-09-04T12:34:30	0.431	13	30.1667	0.0	26.0	33.6	36.9	120.0	58.0	38.6	37.2	flash	
2026-09-04T12:35:00	0.530	16	30.1667	140.0	32.0	33.6	36.9	140.0	32.0	34.0	36.9	flash	
2026-09-04T12:35:30	0.729	22	30.1667	80.0	44.0	35.2	37.0	220.0	50.0	35.2	37.0	flash	
2026-09-04T12:36:00	0.199	6	30.1667	40.0	12.0	35.2	36.7	60.0	42.0	35.4	37.0	flash	
2026-09-04T12:36:30	0.530	16	30.1667	40.0	32.0	36.0	36.7	140.0	36.0	36.6	36.7	flash	
2026-09-04T12:37:00	0.652	19	29.1611	60.0	38.0	37.8	36.8	100.0	40.0	37.8	36.9	flash	
2026-09-04T12:37:30	0.696	21	30.1667	0.0	42.0	36.4	36.9	220.0	58.0	38.0	37.0	flash	
2026-09-04T12:38:00	0.630	19	30.1667	40.0	38.0	33.8	36.9	120.0	42.0	36.4	36.9	flash	
2026-09-04T12:38:30	0.597	18	30.1667	40.0	36.0	34.4	37.1	120.0	42.0	34.6	37.1	flash	
2026-09-04T12:39:00	0.829	25	30.1667	80.0	50.0	35.0	37.2	120.0	54.0	36.8	37.2	flash	
2026-09-04T12:39:30	0.696	21	30.1667	60.0	42.0	36.6	37.1	100.0	48.0	36.6	37.3	flash	
2026-09-04T12:40:00	0.446	13	29.1611	0.0	30.0	36.0	37.0	80.0	42.0	37.4	37.2	flash	
2026-09-04T12:40:30	1.061	32	30.1667	100.0	64.0	38.0	37.1	180.0	64.0	39.0	37.1	flash	
2026-09-04T12:41:00	0.796	24	30.1667	60.0	48.0	42.0	37.3	160.0	86.0	42.0	37.3	flash	
2026-09-04T12:41:30	0.729	22	30.1667	100.0	44.0	42.8	37.4	180.0	48.0	43.0	37.4	flash	
2026-09-04T12:42:00	0.431	13	30.1667	0.0	26.0	41.6	37.2	120.0	58.0	44.0	37.4	flash	
2026-09-04T12:42:30	0.729	22	30.1667	80.0	44.0	41.8	37.4	140.0	44.0	42.2	37.4	flash	
2026-09-04T12:43:00	0.514	15	29.1611	0.0	34.0	41.0	37.4	160.0	48.0	42.2	37.5	flash	
2026-09-04T12:43:30	0.597	18	30.1667	80.0	36.0	41.4	37.4	80.0	42.0	42.2	37.5	flash	
2026-09-04T12:44:00	0.630	19	30.1667	0.0	38.0	40.4	37.2	180.0	48.0	41.4	37.4	flash	
2026-09-04T12:44:30	0.530	16	30.1667	60.0	32.0	39.2	36.9	120.0	48.0	41.0	37.3	flash	
2026-09-04T12:45:00	0.862	26	30.1667	80.0	52.0	41.4	37.0	220.0	56.0	41.4	37.2	flash	
2026-09-04T12:45:30	0.762	23	30.1667	0.0	46.0	39.6	37.2	200.0	64.0	42.0	37.2	flash	
2026-09-04T12:46:00	0.617	18	29.1611	40.0	36.0	38.8	37.1	80.0	50.0	39.2	37.2	flash	
2026-09-04T12:46:30	0.630	19	30.1667	20.0	38.0	37.8	37.0	100.0	42.0	40.0	37.2	flash	
2026-09-04T12:47:00	0.564	17	30.1667	40.0	34.0	38.6	37.1	140.0	40.0	38.6	37.1	flash	
2026-09-04T12:47:30	0.530	16	30.1667	80.0	32.0	37.8	37.1	180.0	36.0	38.6	37.1	flash	
2026-09-04T12:48:00	0.597	18	30.1667	20.0	36.0	38.0	37.1	200.0	60.0	39.8	37.3	flash	
2026-09-04T12:48:30	0.398	12	30.1667	140.0	24.0	36.8	37.1	140.0	28.0	37.6	37.2	flash	
2026-09-04T12:49:00	0.789	23	29.1611	0.0	52.0	37.6	37.2	200.0	62.0	39.2	37.3	flash	
2026-09-04T12:49:30	0.564	17	30.1667	60.0	34.0	38.4	37.4	140.0	46.0	38.4	37.4	flash	
2026-09-04T12:50:00	0.431	13	30.1667	0.0	26.0	35.4	37.1	60.0	44.0	37.8	37.4	flash	
2026-09-04T12:50:30	0.862	26	30.1667	80.0	52.0	35.8	37.2	120.0	52.0	36.8	37.3	flash	
2026-09-04T12:51:00	0.564	17	30.1667	80.0	34.0	35.6	37.3	120.0	44.0	36.4	37.3	flash	
2026-09-04T12:51:30	0.431	13	30.1667	0.0	26.0	34.4	37.1	140.0	38.0	35.8	37.3	flash	
2026-09-04T12:52:00	0.343	10	29.1611	0.0	20.0	33.0	36.8	100.0	30.0	34.8	37.0	flash	
2026-09-04T12:52:30	0.331	10	30.1667	0.0	20.0	32.4	36.6	100.0	30.0	34.2	36.9	flash	
2026-09-04T12:53:00	0.829	25	30.1667	0.0	50.0	33.2	36.6	120.0	50.0	33.4	36.7	flash	
2026-09-04T12:53:30	0.110	3	27.15	0.0	6.0	32.8	36.2	40.0	50.0	33.2	36.5	flash	
